partida_id,rodada,clube,chutes,chutes_no_alvo,posse_de_bola,passes,precisao_passes,faltas,cartao_amarelo,cartao_vermelho,impedimentos,escanteios,data,hora,mandante,visitante,formacao_mandante,formacao_visitante,vencedor,mandante_Placar,visitante_Placar,mandante_Estado,visitante_Estado,pontos,ano
6126,1,Cruzeiro,12,2,40%,425,81%,20,3,0,0,7,2018-04-14,16:00,Cruzeiro,Gremio,4-2-3-1,4-2-3-1,Gremio,0,1,MG,RS,0,2018
6126,1,Gremio,6,2,60%,649,86%,15,1,1,3,4,2018-04-14,16:00,Cruzeiro,Gremio,4-2-3-1,4-2-3-1,Gremio,0,1,MG,RS,3,2018
6127,1,Vitoria,21,6,66%,545,88%,24,3,0,2,4,2018-04-14,19:02,Vitoria,Flamengo,4-2-3-1,4-1-4-1,-,2,2,BA,RJ,1,2018
6127,1,Flamengo,10,5,34%,286,72%,10,2,1,2,5,2018-04-14,19:02,Vitoria,Flamengo,4-2-3-1,4-1-4-1,-,2,2,BA,RJ,1,2018
6128,1,Santos,22,3,54%,532,90%,7,0,0,1,4,2018-04-14,21:03,Santos,Ceara,4-3-3,4-1-4-1,Santos,2,0,SP,CE,3,2018
6128,1,Ceara,10,2,46%,472,85%,5,1,0,0,2,2018-04-14,21:03,Santos,Ceara,4-3-3,4-1-4-1,Santos,2,0,SP,CE,0,2018
6129,1,Sport,15,5,62%,580,85%,12,3,0,3,6,2018-04-15,11:00,America-MG,Sport,4-1-4-1,4-3-2-1,America-MG,3,0,MG,PE,0,2018
6129,1,America-MG,14,4,38%,363,76%,11,1,0,4,2,2018-04-15,11:00,America-MG,Sport,4-1-4-1,4-3-2-1,America-MG,3,0,MG,PE,3,2018
6130,1,Vasco,19,7,67%,596,88%,11,4,0,3,9,2018-04-15,16:01,Vasco,Atletico-MG,4-1-4-1,4-1-4-1,Vasco,2,1,RJ,MG,3,2018
6130,1,Atletico-MG,11,6,33%,321,78%,18,3,0,3,3,2018-04-15,16:01,Vasco,Atletico-MG,4-1-4-1,4-1-4-1,Vasco,2,1,RJ,MG,0,2018
6131,1,Bahia,12,2,55%,491,82%,18,0,0,1,3,2018-04-15,16:02,Internacional,Bahia,4-2-3-1,4-2-3-1,Internacional,2,0,RS,BA,0,2018
6131,1,Internacional,13,4,45%,412,75%,16,2,0,1,4,2018-04-15,16:02,Internacional,Bahia,4-2-3-1,4-2-3-1,Internacional,2,0,RS,BA,3,2018
6132,1,Corinthians,11,2,65%,515,84%,14,0,0,0,6,2018-04-15,16:02,Corinthians,Fluminense,4-2-4-0,5-4-1,Corinthians,2,1,SP,RJ,3,2018
6132,1,Fluminense,13,3,35%,293,73%,15,0,0,0,2,2018-04-15,16:02,Corinthians,Fluminense,4-2-4-0,5-4-1,Corinthians,2,1,SP,RJ,0,2018
6133,1,Chapecoense,14,1,30%,271,77%,16,3,0,1,9,2018-04-15,19:01,Athletico-PR,Chapecoense,3-4-2-1,5-4-1,Athletico-PR,5,1,PR,SC,0,2018
6133,1,Athletico-PR,18,8,70%,646,92%,10,1,0,3,3,2018-04-15,19:01,Athletico-PR,Chapecoense,3-4-2-1,5-4-1,Athletico-PR,5,1,PR,SC,3,2018
6134,1,Sao Paulo,10,5,52%,480,86%,20,4,0,3,7,2018-04-16,19:59,Sao Paulo,Parana,4-2-3-1,4-1-4-1,Sao Paulo,1,0,SP,PR,3,2018
6134,1,Parana,7,1,48%,446,84%,15,2,0,2,7,2018-04-16,19:59,Sao Paulo,Parana,4-2-3-1,4-1-4-1,Sao Paulo,1,0,SP,PR,0,2018
6135,1,Palmeiras,7,4,54%,498,81%,23,4,0,0,3,2018-04-16,20:00,Botafogo-RJ,Palmeiras,4-1-4-1,4-2-3-1,-,1,1,RJ,SP,1,2018
6135,1,Botafogo-RJ,13,3,46%,409,80%,7,1,0,0,8,2018-04-16,20:00,Botafogo-RJ,Palmeiras,4-1-4-1,4-2-3-1,-,1,1,RJ,SP,1,2018
6136,2,Bahia,12,5,54%,395,84%,29,4,0,2,7,2018-04-21,16:02,Bahia,Santos,4-2-3-1,4-2-3-1,Bahia,1,0,BA,SP,3,2018
6136,2,Santos,8,2,46%,352,80%,21,3,0,5,6,2018-04-21,16:02,Bahia,Santos,4-2-3-1,4-2-3-1,Bahia,1,0,BA,SP,0,2018
6137,2,America-MG,18,5,51%,345,79%,17,1,0,0,12,2018-04-21,19:00,Flamengo,America-MG,4-1-4-1,4-2-3-1,Flamengo,2,0,RJ,MG,0,2018
6137,2,Flamengo,14,5,49%,345,82%,15,1,0,1,6,2018-04-21,19:00,Flamengo,America-MG,4-1-4-1,4-2-3-1,Flamengo,2,0,RJ,MG,3,2018
6138,2,Corinthians,9,4,52%,467,82%,16,1,0,1,2,2018-04-22,11:00,Parana,Corinthians,4-2-3-1,4-2-4-0,Corinthians,0,4,PR,SP,3,2018
6138,2,Parana,17,6,48%,413,84%,16,1,0,2,5,2018-04-22,11:00,Parana,Corinthians,4-2-3-1,4-2-4-0,Corinthians,0,4,PR,SP,0,2018
6139,2,Ceara,14,3,51%,497,85%,12,1,0,1,7,2018-04-22,16:00,Ceara,Sao Paulo,3-4-2-1,4-1-4-1,-,0,0,CE,SP,1,2018
6139,2,Sao Paulo,11,3,49%,476,86%,7,1,0,1,7,2018-04-22,16:00,Ceara,Sao Paulo,3-4-2-1,4-1-4-1,-,0,0,CE,SP,1,2018
6140,2,Vitoria,11,3,39%,321,78%,19,4,0,1,5,2018-04-22,16:00,Atletico-MG,Vitoria,4-2-3-1,4-2-3-1,Atletico-MG,2,1,MG,BA,0,2018
6140,2,Atletico-MG,12,5,61%,497,86%,22,2,0,6,6,2018-04-22,16:00,Atletico-MG,Vitoria,4-2-3-1,4-2-3-1,Atletico-MG,2,1,MG,BA,3,2018
6141,2,Fluminense,3,1,31%,273,69%,13,3,1,0,1,2018-04-22,16:00,Fluminense,Cruzeiro,3-4-1-2,4-4-2,Fluminense,1,0,RJ,MG,3,2018
6141,2,Cruzeiro,16,6,69%,576,85%,19,2,0,3,7,2018-04-22,16:00,Fluminense,Cruzeiro,3-4-1-2,4-4-2,Fluminense,1,0,RJ,MG,0,2018
6142,2,Vasco,17,4,64%,559,84%,8,2,0,2,3,2018-04-22,16:01,Chapecoense,Vasco,4-2-3-1,4-2-3-1,-,1,1,SC,RJ,1,2018
6142,2,Chapecoense,10,2,36%,306,75%,13,1,0,2,3,2018-04-22,16:01,Chapecoense,Vasco,4-2-3-1,4-2-3-1,-,1,1,SC,RJ,1,2018
6143,2,Internacional,7,2,56%,483,81%,15,2,0,2,9,2018-04-22,16:01,Palmeiras,Internacional,4-2-3-1,4-2-3-1,Palmeiras,1,0,SP,RS,0,2018
6143,2,Palmeiras,13,2,44%,390,79%,14,2,0,0,8,2018-04-22,16:01,Palmeiras,Internacional,4-2-3-1,4-2-3-1,Palmeiras,1,0,SP,RS,3,2018
6144,2,Athletico-PR,7,1,51%,602,85%,15,2,1,1,4,2018-04-22,19:02,Gremio,Athletico-PR,4-2-3-1,3-4-3,-,0,0,RS,PR,1,2018
6144,2,Gremio,22,6,49%,587,86%,9,3,0,3,7,2018-04-22,19:02,Gremio,Athletico-PR,4-2-3-1,3-4-3,-,0,0,RS,PR,1,2018
6145,2,Sport,20,11,51%,391,77%,14,1,0,2,10,2018-04-23,20:00,Sport,Botafogo-RJ,4-2-3-1,4-1-4-1,-,1,1,PE,RJ,1,2018
6145,2,Botafogo-RJ,10,1,49%,375,77%,15,3,0,0,7,2018-04-23,20:00,Sport,Botafogo-RJ,4-2-3-1,4-1-4-1,-,1,1,PE,RJ,1,2018
6146,3,Botafogo-RJ,19,6,56%,464,85%,14,1,0,0,10,2018-04-28,16:01,Botafogo-RJ,Gremio,4-1-4-1,4-2-3-1,Botafogo-RJ,2,1,RJ,RS,3,2018
6146,3,Gremio,9,1,44%,388,79%,12,1,0,2,4,2018-04-28,16:01,Botafogo-RJ,Gremio,4-1-4-1,4-2-3-1,Botafogo-RJ,2,1,RJ,RS,0,2018
6149,3,Palmeiras,16,4,72%,589,85%,17,4,0,2,14,2018-04-29,15:59,Palmeiras,Chapecoense,4-2-3-1,4-1-4-1,-,0,0,SP,SC,1,2018
6149,3,Chapecoense,7,0,28%,237,71%,17,6,0,2,1,2018-04-29,15:59,Palmeiras,Chapecoense,4-2-3-1,4-1-4-1,-,0,0,SP,SC,1,2018
6151,3,Corinthians,5,1,42%,413,80%,15,3,0,0,0,2018-04-29,16:00,Atletico-MG,Corinthians,4-1-4-1,4-2-4-0,Atletico-MG,1,0,MG,SP,0,2018
6151,3,Atletico-MG,18,5,58%,556,88%,25,4,0,2,10,2018-04-29,16:00,Atletico-MG,Corinthians,4-1-4-1,4-2-4-0,Atletico-MG,1,0,MG,SP,3,2018
6152,3,Fluminense,12,2,55%,370,80%,17,3,0,2,7,2018-04-29,16:00,Fluminense,Sao Paulo,3-4-2-1,4-4-1-1,-,1,1,RJ,SP,1,2018
6152,3,Sao Paulo,14,3,45%,316,73%,16,2,0,0,8,2018-04-29,16:00,Fluminense,Sao Paulo,3-4-2-1,4-4-1-1,-,1,1,RJ,SP,1,2018
6147,3,Bahia,23,7,34%,334,83%,22,2,0,2,8,2018-04-29,16:01,Bahia,Athletico-PR,4-2-3-1,3-4-2-1,-,0,0,BA,PR,1,2018
6147,3,Athletico-PR,9,2,66%,640,88%,12,2,0,1,2,2018-04-29,16:01,Bahia,Athletico-PR,4-2-3-1,3-4-2-1,-,0,0,BA,PR,1,2018
6148,3,Flamengo,18,7,52%,431,86%,12,2,0,3,5,2018-04-29,16:01,Ceara,Flamengo,3-4-2-1,4-3-3,Flamengo,0,3,CE,RJ,3,2018
6148,3,Ceara,8,1,48%,401,88%,18,1,0,1,2,2018-04-29,16:01,Ceara,Flamengo,3-4-2-1,4-3-3,Flamengo,0,3,CE,RJ,0,2018
6150,3,Sport,10,3,30%,261,63%,15,1,0,3,1,2018-04-29,16:01,Parana,Sport,4-2-3-1,4-2-3-1,Sport,1,2,PR,PE,3,2018
6150,3,Parana,28,12,70%,575,85%,14,1,0,2,8,2018-04-29,16:01,Parana,Sport,4-2-3-1,4-2-3-1,Sport,1,2,PR,PE,0,2018
6153,3,Cruzeiro,8,0,41%,350,77%,14,3,0,1,4,2018-04-29,19:00,Internacional,Cruzeiro,4-2-3-1,4-4-2,-,0,0,RS,MG,1,2018
6153,3,Internacional,22,6,59%,462,83%,15,4,0,5,18,2018-04-29,19:00,Internacional,Cruzeiro,4-2-3-1,4-4-2,-,0,0,RS,MG,1,2018
6154,3,Vitoria,14,5,60%,445,79%,12,2,0,3,7,2018-04-30,20:02,America-MG,Vitoria,4-2-3-1,4-2-3-1,America-MG,2,1,MG,BA,0,2018
6154,3,America-MG,15,8,40%,305,68%,14,1,1,0,8,2018-04-30,20:02,America-MG,Vitoria,4-2-3-1,4-2-3-1,America-MG,2,1,MG,BA,3,2018
6156,4,America-MG,4,1,33%,282,70%,24,4,0,0,3,2018-05-05,19:00,Vasco,America-MG,4-2-3-1,4-2-3-1,Vasco,4,1,RJ,MG,0,2018
6156,4,Vasco,18,7,67%,557,86%,14,4,0,5,3,2018-05-05,19:00,Vasco,America-MG,4-2-3-1,4-2-3-1,Vasco,4,1,RJ,MG,3,2018
6157,4,Sao Paulo,7,2,38%,317,77%,17,4,0,2,6,2018-05-05,19:01,Sao Paulo,Atletico-MG,3-4-3,4-2-3-1,-,2,2,SP,MG,1,2018
6157,4,Atletico-MG,9,5,62%,535,87%,14,4,0,2,7,2018-05-05,19:01,Sao Paulo,Atletico-MG,3-4-3,4-2-3-1,-,2,2,SP,MG,1,2018
6158,4,Ceara,4,3,38%,380,82%,20,4,0,3,2,2018-05-06,11:03,Corinthians,Ceara,4-2-3-1,4-2-3-1,-,1,1,SP,CE,1,2018
6158,4,Corinthians,14,4,62%,585,89%,12,2,0,2,12,2018-05-06,11:03,Corinthians,Ceara,4-2-3-1,4-2-3-1,-,1,1,SP,CE,1,2018
6159,4,Internacional,11,4,42%,345,82%,15,4,1,0,6,2018-05-06,16:00,Flamengo,Internacional,4-1-4-1,4-1-4-1,Flamengo,2,0,RJ,RS,0,2018
6159,4,Flamengo,17,7,58%,470,86%,12,5,0,1,6,2018-05-06,16:00,Flamengo,Internacional,4-1-4-1,4-1-4-1,Flamengo,2,0,RJ,RS,3,2018
6160,4,Cruzeiro,23,6,52%,417,82%,19,1,0,5,8,2018-05-06,16:00,Cruzeiro,Botafogo-RJ,4-2-3-1,4-1-4-1,Cruzeiro,1,0,MG,RJ,3,2018
6160,4,Botafogo-RJ,7,1,48%,395,80%,12,4,0,1,6,2018-05-06,16:00,Cruzeiro,Botafogo-RJ,4-2-3-1,4-1-4-1,Cruzeiro,1,0,MG,RJ,0,2018
6161,4,Athletico-PR,9,4,62%,619,89%,10,1,0,3,3,2018-05-06,16:00,Athletico-PR,Palmeiras,3-4-2-1,4-2-3-1,Palmeiras,1,3,PR,SP,0,2018
6161,4,Palmeiras,15,6,38%,389,77%,15,2,0,1,6,2018-05-06,16:00,Athletico-PR,Palmeiras,3-4-2-1,4-2-3-1,Palmeiras,1,3,PR,SP,3,2018
6162,4,Fluminense,18,4,66%,517,84%,7,1,0,1,9,2018-05-06,16:01,Vitoria,Fluminense,4-2-3-1,3-1-4-2,Fluminense,1,2,BA,RJ,3,2018
6162,4,Vitoria,7,1,34%,274,72%,18,2,0,3,3,2018-05-06,16:01,Vitoria,Fluminense,4-2-3-1,3-1-4-2,Fluminense,1,2,BA,RJ,0,2018
6163,4,Gremio,18,8,64%,657,90%,15,1,0,0,8,2018-05-06,19:00,Gremio,Santos,4-2-3-1,4-3-3,Gremio,5,1,RS,SP,3,2018
6163,4,Santos,8,2,36%,370,83%,22,3,0,1,1,2018-05-06,19:00,Gremio,Santos,4-2-3-1,4-3-3,Gremio,5,1,RS,SP,0,2018
6164,4,Sport,20,9,47%,343,76%,18,1,0,1,9,2018-05-06,19:01,Sport,Bahia,4-1-4-1,4-2-3-1,Sport,2,0,PE,BA,3,2018
6164,4,Bahia,7,1,53%,393,78%,21,1,1,0,7,2018-05-06,19:01,Sport,Bahia,4-1-4-1,4-2-3-1,Sport,2,0,PE,BA,0,2018
6165,4,Chapecoense,13,2,53%,373,73%,10,1,0,0,6,2018-05-07,20:01,Chapecoense,Parana,4-2-3-1,4-2-3-1,-,1,1,SC,PR,1,2018
6165,4,Parana,18,3,47%,338,71%,16,2,1,1,4,2018-05-07,20:01,Chapecoense,Parana,4-2-3-1,4-2-3-1,-,1,1,SC,PR,1,2018
6166,5,Gremio,11,1,78%,721,89%,13,3,0,0,11,2018-05-12,16:01,Gremio,Internacional,4-2-3-1,4-3-3,-,0,0,RS,RS,1,2018
6166,5,Internacional,5,1,22%,212,65%,24,4,0,0,1,2018-05-12,16:01,Gremio,Internacional,4-2-3-1,4-3-3,-,0,0,RS,RS,1,2018
6167,5,Cruzeiro,15,5,56%,481,86%,18,2,0,4,7,2018-05-13,11:01,Cruzeiro,Sport,4-2-3-1,4-1-4-1,Cruzeiro,2,0,MG,PE,3,2018
6167,5,Sport,10,4,44%,389,82%,16,3,0,2,4,2018-05-13,11:01,Cruzeiro,Sport,4-2-3-1,4-1-4-1,Cruzeiro,2,0,MG,PE,0,2018
6169,5,Vasco,20,7,63%,472,80%,16,2,0,1,7,2018-05-13,16:00,Vasco,Vitoria,4-2-3-1,4-2-3-1,Vitoria,2,3,RJ,BA,0,2018
6169,5,Vitoria,9,3,37%,289,69%,19,3,0,1,2,2018-05-13,16:00,Vasco,Vitoria,4-2-3-1,4-2-3-1,Vitoria,2,3,RJ,BA,3,2018
6170,5,Palmeiras,10,4,47%,366,74%,21,3,0,2,3,2018-05-13,16:01,Corinthians,Palmeiras,4-2-4-0,4-2-3-1,Corinthians,1,0,SP,SP,0,2018
6170,5,Corinthians,11,5,53%,409,79%,15,2,0,0,10,2018-05-13,16:01,Corinthians,Palmeiras,4-2-4-0,4-2-3-1,Corinthians,1,0,SP,SP,3,2018
6171,5,Sao Paulo,10,4,52%,392,76%,14,3,0,1,3,2018-05-13,16:01,Bahia,Sao Paulo,4-2-3-1,4-1-4-1,-,2,2,BA,SP,1,2018
6171,5,Bahia,11,5,48%,378,78%,20,5,0,1,3,2018-05-13,16:01,Bahia,Sao Paulo,4-2-3-1,4-1-4-1,-,2,2,BA,SP,1,2018
6172,5,Flamengo,14,4,58%,437,82%,17,3,0,3,7,2018-05-13,16:01,Chapecoense,Flamengo,4-1-4-1,4-1-4-1,Chapecoense,3,2,SC,RJ,0,2018
6172,5,Chapecoense,11,3,42%,327,79%,18,2,0,1,3,2018-05-13,16:01,Chapecoense,Flamengo,4-1-4-1,4-1-4-1,Chapecoense,3,2,SC,RJ,3,2018
6168,5,Atletico-MG,23,11,37%,358,79%,16,2,0,0,10,2018-05-13,16:03,Athletico-PR,Atletico-MG,3-4-2-1,4-2-3-1,Atletico-MG,1,2,PR,MG,3,2018
6168,5,Athletico-PR,18,8,63%,607,88%,15,2,0,1,6,2018-05-13,16:03,Athletico-PR,Atletico-MG,3-4-2-1,4-2-3-1,Atletico-MG,1,2,PR,MG,0,2018
6173,5,Parana,14,4,43%,419,86%,14,2,0,0,5,2018-05-13,19:00,Santos,Parana,4-1-4-1,4-2-3-1,Santos,3,1,SP,PR,0,2018
6173,5,Santos,10,5,57%,545,87%,12,1,0,4,6,2018-05-13,19:00,Santos,Parana,4-1-4-1,4-2-3-1,Santos,3,1,SP,PR,3,2018
6175,5,Ceara,24,9,65%,516,84%,16,1,0,2,8,2018-05-14,20:00,Ceara,America-MG,4-2-3-1,4-2-3-1,-,2,2,CE,MG,1,2018
6175,5,America-MG,11,4,35%,287,68%,18,3,0,3,2,2018-05-14,20:00,Ceara,America-MG,4-2-3-1,4-2-3-1,-,2,2,CE,MG,1,2018
6174,5,Fluminense,22,9,59%,465,84%,12,2,0,2,9,2018-05-14,20:02,Botafogo-RJ,Fluminense,4-2-3-1,3-4-2-1,Botafogo-RJ,2,1,RJ,RJ,0,2018
6174,5,Botafogo-RJ,8,5,41%,328,77%,12,2,0,2,5,2018-05-14,20:02,Botafogo-RJ,Fluminense,4-2-3-1,3-4-2-1,Botafogo-RJ,2,1,RJ,RJ,3,2018
6176,6,Atletico-MG,18,5,69%,588,86%,13,3,0,0,3,2018-05-19,16:00,Atletico-MG,Cruzeiro,4-2-3-1,4-4-2,Atletico-MG,1,0,MG,MG,3,2018
6176,6,Cruzeiro,11,2,31%,260,75%,15,1,1,1,6,2018-05-19,16:00,Atletico-MG,Cruzeiro,4-2-3-1,4-4-2,Atletico-MG,1,0,MG,MG,0,2018
6177,6,Flamengo,11,3,61%,462,82%,16,2,2,3,6,2018-05-19,19:01,Flamengo,Vasco,4-1-4-1,4-2-3-1,-,1,1,RJ,RJ,1,2018
6177,6,Vasco,16,7,39%,298,76%,24,3,2,0,11,2018-05-19,19:01,Flamengo,Vasco,4-1-4-1,4-2-3-1,-,1,1,RJ,RJ,1,2018
6178,6,Palmeiras,14,6,53%,438,80%,17,3,0,4,5,2018-05-19,21:00,Palmeiras,Bahia,4-2-3-1,4-2-3-1,Palmeiras,3,0,SP,BA,3,2018
6178,6,Bahia,13,4,47%,393,80%,13,2,0,1,4,2018-05-19,21:00,Palmeiras,Bahia,4-2-3-1,4-2-3-1,Palmeiras,3,0,SP,BA,0,2018
6179,6,Ceara,16,6,59%,508,84%,17,0,0,1,4,2018-05-20,11:02,Vitoria,Ceara,4-2-3-1,4-2-3-1,Vitoria,2,1,BA,CE,0,2018
6179,6,Vitoria,14,3,41%,351,77%,11,4,0,0,7,2018-05-20,11:02,Vitoria,Ceara,4-2-3-1,4-2-3-1,Vitoria,2,1,BA,CE,3,2018
6181,6,America-MG,14,2,43%,422,81%,20,2,0,1,5,2018-05-20,16:00,America-MG,Botafogo-RJ,4-2-3-1,4-1-4-1,America-MG,1,0,MG,RJ,3,2018
6181,6,Botafogo-RJ,9,1,57%,553,85%,11,4,0,5,2,2018-05-20,16:00,America-MG,Botafogo-RJ,4-2-3-1,4-1-4-1,America-MG,1,0,MG,RJ,0,2018
6182,6,Gremio,8,2,75%,719,90%,18,1,0,1,9,2018-05-20,16:00,Parana,Gremio,4-1-4-1,4-2-3-1,-,0,0,PR,RS,1,2018
6182,6,Parana,6,0,25%,246,71%,16,2,0,0,1,2018-05-20,16:00,Parana,Gremio,4-1-4-1,4-2-3-1,-,0,0,PR,RS,1,2018
6183,6,Corinthians,5,2,56%,562,88%,17,3,0,2,5,2018-05-20,16:00,Sport,Corinthians,4-2-3-1,4-2-3-1,-,1,1,PE,SP,1,2018
6183,6,Sport,14,5,44%,436,85%,18,2,0,1,3,2018-05-20,16:00,Sport,Corinthians,4-2-3-1,4-2-3-1,-,1,1,PE,SP,1,2018
6180,6,Sao Paulo,14,1,39%,341,75%,13,3,1,2,4,2018-05-20,16:01,Sao Paulo,Santos,4-2-3-1,4-2-3-1,Sao Paulo,1,0,SP,SP,3,2018
6180,6,Santos,7,1,61%,557,82%,6,2,0,1,2,2018-05-20,16:01,Sao Paulo,Santos,4-2-3-1,4-2-3-1,Sao Paulo,1,0,SP,SP,0,2018
6184,6,Athletico-PR,18,3,68%,612,87%,18,2,0,1,6,2018-05-20,19:00,Fluminense,Athletico-PR,5-4-1,3-4-2-1,Fluminense,2,0,RJ,PR,0,2018
6184,6,Fluminense,14,6,32%,294,75%,13,1,0,2,3,2018-05-20,19:00,Fluminense,Athletico-PR,5-4-1,3-4-2-1,Fluminense,2,0,RJ,PR,3,2018
6185,6,Internacional,13,3,49%,450,82%,14,1,0,2,2,2018-05-21,20:00,Internacional,Chapecoense,4-2-3-1,4-1-4-1,Internacional,3,0,RS,SC,3,2018
6185,6,Chapecoense,10,2,51%,462,81%,15,2,0,0,2,2018-05-21,20:00,Internacional,Chapecoense,4-2-3-1,4-1-4-1,Internacional,3,0,RS,SC,0,2018
6186,7,Fluminense,11,5,45%,387,79%,21,1,0,1,1,2018-05-26,16:00,Fluminense,Chapecoense,3-4-3,4-1-4-1,Fluminense,3,1,RJ,SC,3,2018
6186,7,Chapecoense,16,5,55%,445,82%,14,1,0,0,6,2018-05-26,16:00,Fluminense,Chapecoense,3-4-3,4-1-4-1,Fluminense,3,1,RJ,SC,0,2018
6187,7,Palmeiras,16,5,61%,501,79%,17,3,0,4,9,2018-05-26,19:00,Palmeiras,Sport,4-2-3-1,4-1-4-1,Sport,2,3,SP,PE,0,2018
6187,7,Sport,13,6,39%,324,70%,10,2,1,0,3,2018-05-26,19:00,Palmeiras,Sport,4-2-3-1,4-1-4-1,Sport,2,3,SP,PE,3,2018
6188,7,Flamengo,7,4,32%,306,78%,13,4,0,4,1,2018-05-26,21:00,Atletico-MG,Flamengo,4-2-3-1,4-1-4-1,Flamengo,0,1,MG,RJ,3,2018
6188,7,Atletico-MG,18,3,68%,599,86%,15,1,0,0,14,2018-05-26,21:00,Atletico-MG,Flamengo,4-2-3-1,4-1-4-1,Flamengo,0,1,MG,RJ,0,2018
6189,7,Parana,15,2,31%,296,79%,8,3,0,1,10,2018-05-27,11:00,Parana,Athletico-PR,4-1-4-1,3-4-2-1,-,0,0,PR,PR,1,2018
6189,7,Athletico-PR,6,1,69%,673,90%,14,1,0,1,4,2018-05-27,11:00,Parana,Athletico-PR,4-1-4-1,3-4-2-1,-,0,0,PR,PR,1,2018
6190,7,Corinthians,4,2,45%,437,81%,10,1,0,0,2,2018-05-27,16:00,Internacional,Corinthians,4-2-3-1,4-2-3-1,Internacional,2,1,RS,SP,0,2018
6190,7,Internacional,19,7,55%,500,87%,13,3,0,2,12,2018-05-27,16:00,Internacional,Corinthians,4-2-3-1,4-2-3-1,Internacional,2,1,RS,SP,3,2018
6191,7,Vasco,6,1,48%,442,79%,16,5,1,2,2,2018-05-27,16:00,Bahia,Vasco,4-2-3-1,4-2-3-1,Bahia,3,0,BA,RJ,0,2018
6191,7,Bahia,14,6,52%,460,83%,20,1,0,3,4,2018-05-27,16:00,Bahia,Vasco,4-2-3-1,4-2-3-1,Bahia,3,0,BA,RJ,3,2018
6193,7,Vitoria,6,1,41%,359,72%,18,4,0,2,1,2018-05-27,16:01,Botafogo-RJ,Vitoria,4-3-2-1,4-2-3-1,-,1,1,RJ,BA,1,2018
6193,7,Botafogo-RJ,8,3,59%,497,80%,10,1,0,6,6,2018-05-27,16:01,Botafogo-RJ,Vitoria,4-3-2-1,4-2-3-1,-,1,1,RJ,BA,1,2018
6192,7,Cruzeiro,17,4,45%,407,82%,12,4,0,0,7,2018-05-27,16:03,Santos,Cruzeiro,4-3-3,4-2-3-1,Cruzeiro,0,1,SP,MG,3,2018
6192,7,Santos,16,6,55%,496,84%,12,1,0,0,5,2018-05-27,16:03,Santos,Cruzeiro,4-3-3,4-2-3-1,Cruzeiro,0,1,SP,MG,0,2018
6194,7,Gremio,11,5,60%,638,89%,13,2,0,0,3,2018-05-27,18:59,Ceara,Gremio,4-2-3-1,4-2-3-1,Gremio,0,1,CE,RS,3,2018
6194,7,Ceara,11,1,40%,411,83%,15,4,0,1,6,2018-05-27,18:59,Ceara,Gremio,4-2-3-1,4-2-3-1,Gremio,0,1,CE,RS,0,2018
6195,7,Sao Paulo,12,6,44%,337,73%,19,3,0,5,7,2018-05-27,19:00,America-MG,Sao Paulo,4-2-3-1,4-4-1-1,Sao Paulo,1,3,MG,SP,3,2018
6195,7,America-MG,12,4,56%,427,80%,22,4,0,2,9,2018-05-27,19:00,America-MG,Sao Paulo,4-2-3-1,4-4-1-1,Sao Paulo,1,3,MG,SP,0,2018
6197,8,Internacional,11,3,55%,415,79%,12,2,0,2,4,2018-05-30,10:13,Vitoria,Internacional,4-2-3-1,4-2-3-1,Internacional,2,3,BA,RS,3,2018
6197,8,Vitoria,22,6,45%,333,76%,14,3,0,2,10,2018-05-30,10:13,Vitoria,Internacional,4-2-3-1,4-2-3-1,Internacional,2,3,BA,RS,0,2018
6196,8,Parana,10,2,49%,392,80%,18,3,1,4,2,2018-05-30,19:29,Vasco,Parana,4-4-2,4-1-4-1,Vasco,1,0,RJ,PR,0,2018
6196,8,Vasco,13,4,51%,399,78%,24,3,1,0,4,2018-05-30,19:29,Vasco,Parana,4-4-2,4-1-4-1,Vasco,1,0,RJ,PR,3,2018
6198,8,Atletico-MG,13,7,60%,540,86%,10,2,0,5,3,2018-05-30,19:30,Sport,Atletico-MG,4-2-3-1,4-1-4-1,Sport,3,2,PE,MG,0,2018
6198,8,Sport,15,6,40%,355,81%,14,4,0,3,1,2018-05-30,19:30,Sport,Atletico-MG,4-2-3-1,4-1-4-1,Sport,3,2,PE,MG,3,2018
6199,8,Chapecoense,20,5,47%,342,80%,17,2,0,1,9,2018-05-30,21:00,Chapecoense,Ceara,4-1-4-1,4-1-4-1,Chapecoense,2,0,SC,CE,3,2018
6199,8,Ceara,9,3,53%,414,79%,13,3,0,1,2,2018-05-30,21:00,Chapecoense,Ceara,4-1-4-1,4-1-4-1,Chapecoense,2,0,SC,CE,0,2018
6200,8,Sao Paulo,15,7,40%,326,72%,19,2,0,3,3,2018-05-30,21:00,Sao Paulo,Botafogo-RJ,4-2-3-1,4-2-3-1,Sao Paulo,3,2,SP,RJ,3,2018
6200,8,Botafogo-RJ,11,3,60%,467,81%,16,3,0,1,3,2018-05-30,21:00,Sao Paulo,Botafogo-RJ,4-2-3-1,4-2-3-1,Sao Paulo,3,2,SP,RJ,0,2018
6201,8,Gremio,20,6,70%,632,88%,19,1,0,2,8,2018-05-30,21:45,Gremio,Fluminense,4-2-3-1,5-4-1,-,0,0,RS,RJ,1,2018
6201,8,Fluminense,6,3,30%,278,68%,13,5,0,0,0,2018-05-30,21:45,Gremio,Fluminense,4-2-3-1,5-4-1,-,0,0,RS,RJ,1,2018
6202,8,Cruzeiro,8,1,51%,439,79%,26,3,0,3,3,2018-05-30,21:47,Cruzeiro,Palmeiras,4-2-3-1,4-2-3-1,Cruzeiro,1,0,MG,SP,3,2018
6202,8,Palmeiras,6,4,49%,439,80%,18,6,0,1,3,2018-05-30,21:47,Cruzeiro,Palmeiras,4-2-3-1,4-2-3-1,Cruzeiro,1,0,MG,SP,0,2018
6203,8,Flamengo,16,6,57%,588,85%,10,0,0,0,4,2018-05-31,16:00,Flamengo,Bahia,4-1-4-1,4-2-4-0,Flamengo,2,0,RJ,BA,3,2018
6203,8,Bahia,17,7,43%,440,86%,7,2,0,2,5,2018-05-31,16:00,Flamengo,Bahia,4-1-4-1,4-2-4-0,Flamengo,2,0,RJ,BA,0,2018
6204,8,America-MG,13,6,40%,409,79%,13,2,2,1,4,2018-05-31,18:00,Corinthians,America-MG,4-2-4-0,4-2-3-1,Corinthians,1,0,SP,MG,0,2018
6204,8,Corinthians,12,3,60%,619,88%,14,2,0,2,1,2018-05-31,18:00,Corinthians,America-MG,4-2-4-0,4-2-3-1,Corinthians,1,0,SP,MG,3,2018
6205,8,Santos,17,3,58%,610,89%,6,1,0,1,7,2018-05-31,21:00,Athletico-PR,Santos,3-4-2-1,4-3-3,Athletico-PR,2,0,PR,SP,0,2018
6205,8,Athletico-PR,17,9,42%,446,82%,14,1,0,2,4,2018-05-31,21:00,Athletico-PR,Santos,3-4-2-1,4-3-3,Athletico-PR,2,0,PR,SP,3,2018
6206,9,Sport,11,3,44%,396,73%,14,3,0,2,3,2018-06-02,15:59,Internacional,Sport,4-2-3-1,4-2-3-1,-,0,0,RS,PE,1,2018
6206,9,Internacional,18,3,56%,457,74%,14,3,0,2,14,2018-06-02,15:59,Internacional,Sport,4-2-3-1,4-2-3-1,-,0,0,RS,PE,1,2018
6207,9,Chapecoense,7,3,28%,225,72%,19,3,1,6,3,2018-06-02,16:00,Atletico-MG,Chapecoense,4-1-4-1,4-2-3-1,-,3,3,MG,SC,1,2018
6207,9,Atletico-MG,22,5,72%,568,87%,15,2,0,0,6,2018-06-02,16:00,Atletico-MG,Chapecoense,4-1-4-1,4-2-3-1,-,3,3,MG,SC,1,2018
6208,9,Vasco,14,4,73%,668,87%,12,2,0,0,4,2018-06-02,18:59,Vasco,Botafogo-RJ,4-2-3-1,4-2-3-1,Botafogo-RJ,1,2,RJ,RJ,0,2018
6208,9,Botafogo-RJ,13,5,27%,238,65%,16,4,0,0,7,2018-06-02,18:59,Vasco,Botafogo-RJ,4-2-3-1,4-2-3-1,Botafogo-RJ,1,2,RJ,RJ,3,2018
6209,9,Sao Paulo,8,3,52%,326,77%,23,4,0,0,9,2018-06-02,21:00,Palmeiras,Sao Paulo,4-2-3-1,4-2-3-1,Palmeiras,3,1,SP,SP,0,2018
6209,9,Palmeiras,8,3,48%,303,77%,22,4,0,2,5,2018-06-02,21:00,Palmeiras,Sao Paulo,4-2-3-1,4-2-3-1,Palmeiras,3,1,SP,SP,3,2018
6210,9,Flamengo,19,4,53%,462,87%,14,3,0,1,8,2018-06-03,16:00,Flamengo,Corinthians,4-1-4-1,4-2-4-0,Flamengo,1,0,RJ,SP,3,2018
6210,9,Corinthians,15,2,47%,417,85%,18,1,0,0,7,2018-06-03,16:00,Flamengo,Corinthians,4-1-4-1,4-2-4-0,Flamengo,1,0,RJ,SP,0,2018
6212,9,Athletico-PR,7,2,58%,548,83%,15,2,0,4,5,2018-06-03,16:00,America-MG,Athletico-PR,4-2-3-1,3-4-2-1,America-MG,3,1,MG,PR,0,2018
6212,9,America-MG,21,7,42%,391,78%,9,1,0,1,9,2018-06-03,16:00,America-MG,Athletico-PR,4-2-3-1,3-4-2-1,America-MG,3,1,MG,PR,3,2018
6213,9,Vitoria,14,6,43%,329,81%,16,4,0,0,11,2018-06-03,16:00,Santos,Vitoria,4-3-3,4-2-3-1,Santos,5,2,SP,BA,0,2018
6213,9,Santos,21,10,57%,447,87%,12,0,0,5,8,2018-06-03,16:00,Santos,Vitoria,4-3-3,4-2-3-1,Santos,5,2,SP,BA,3,2018
6211,9,Gremio,10,4,43%,372,80%,16,5,0,4,1,2018-06-03,16:01,Bahia,Gremio,4-2-3-1,4-2-3-1,Gremio,0,2,BA,RS,3,2018
6211,9,Bahia,15,2,57%,467,81%,18,2,0,0,5,2018-06-03,16:01,Bahia,Gremio,4-2-3-1,4-2-3-1,Gremio,0,2,BA,RS,0,2018
6214,9,Ceara,9,4,42%,405,84%,13,2,0,1,1,2018-06-03,18:59,Ceara,Cruzeiro,4-2-3-1,4-2-3-1,Cruzeiro,0,1,CE,MG,0,2018
6214,9,Cruzeiro,13,7,58%,563,88%,15,4,0,4,6,2018-06-03,18:59,Ceara,Cruzeiro,4-2-3-1,4-2-3-1,Cruzeiro,0,1,CE,MG,3,2018
6215,9,Fluminense,13,4,61%,487,83%,16,3,0,3,7,2018-06-04,20:01,Parana,Fluminense,4-2-3-1,3-4-1-2,Parana,2,1,PR,RJ,0,2018
6215,9,Parana,12,5,39%,323,75%,14,6,0,2,4,2018-06-04,20:01,Parana,Fluminense,4-2-3-1,3-4-1-2,Parana,2,1,PR,RJ,3,2018
6216,10,Internacional,13,3,52%,449,77%,8,2,0,1,3,2018-06-05,21:30,Sao Paulo,Internacional,4-1-4-1,4-2-3-1,-,0,0,SP,RS,1,2018
6216,10,Sao Paulo,9,3,48%,397,76%,30,4,0,0,6,2018-06-05,21:30,Sao Paulo,Internacional,4-1-4-1,4-2-3-1,-,0,0,SP,RS,1,2018
6218,10,Botafogo-RJ,18,4,57%,463,85%,17,0,0,2,4,2018-06-06,19:29,Botafogo-RJ,Ceara,4-2-3-1,3-4-1-2,-,0,0,RJ,CE,1,2018
6218,10,Ceara,7,2,43%,365,80%,17,3,0,2,4,2018-06-06,19:29,Botafogo-RJ,Ceara,4-2-3-1,3-4-1-2,-,0,0,RJ,CE,1,2018
6217,10,Chapecoense,11,3,53%,403,77%,15,2,0,1,5,2018-06-06,19:31,Vitoria,Chapecoense,4-2-3-1,4-2-3-1,Vitoria,1,0,BA,SC,0,2018
6217,10,Vitoria,14,6,47%,369,73%,20,3,0,2,3,2018-06-06,19:31,Vitoria,Chapecoense,4-2-3-1,4-2-3-1,Vitoria,1,0,BA,SC,3,2018
6220,10,Athletico-PR,10,3,67%,573,87%,20,4,0,2,6,2018-06-06,21:00,Sport,Athletico-PR,4-2-3-1,3-4-3,Sport,1,0,PE,PR,0,2018
6220,10,Sport,10,3,33%,291,77%,13,2,0,0,1,2018-06-06,21:00,Sport,Athletico-PR,4-2-3-1,3-4-3,Sport,1,0,PE,PR,3,2018
6219,10,Santos,19,7,49%,421,84%,15,2,0,3,11,2018-06-06,21:01,Corinthians,Santos,4-3-3,4-3-3,-,1,1,SP,SP,1,2018
6219,10,Corinthians,14,4,51%,425,87%,12,3,0,2,8,2018-06-06,21:01,Corinthians,Santos,4-3-3,4-3-3,-,1,1,SP,SP,1,2018
6221,10,Gremio,14,5,53%,449,83%,13,2,0,0,5,2018-06-06,21:45,Gremio,Palmeiras,4-2-3-1,4-2-3-1,Palmeiras,0,2,RS,SP,0,2018
6221,10,Palmeiras,9,3,47%,414,81%,30,5,0,1,7,2018-06-06,21:45,Gremio,Palmeiras,4-2-3-1,4-2-3-1,Palmeiras,0,2,RS,SP,3,2018
6222,10,Vasco,5,3,34%,297,66%,14,1,0,3,1,2018-06-06,21:45,Cruzeiro,Vasco,4-2-3-1,4-2-3-1,-,1,1,MG,RJ,1,2018
6222,10,Cruzeiro,18,3,66%,533,85%,8,1,0,1,12,2018-06-06,21:45,Cruzeiro,Vasco,4-2-3-1,4-2-3-1,-,1,1,MG,RJ,1,2018
6223,10,Bahia,10,4,54%,457,81%,18,2,0,2,6,2018-06-07,20:00,Parana,Bahia,4-2-3-1,4-1-4-1,Parana,1,0,PR,BA,0,2018
6223,10,Parana,12,2,46%,412,75%,17,4,0,1,3,2018-06-07,20:00,Parana,Bahia,4-2-3-1,4-1-4-1,Parana,1,0,PR,BA,3,2018
6224,10,Fluminense,11,3,53%,409,86%,16,5,0,0,10,2018-06-07,20:00,Fluminense,Flamengo,5-4-1,4-1-4-1,Flamengo,0,2,RJ,RJ,0,2018
6224,10,Flamengo,9,8,47%,383,82%,7,2,0,1,7,2018-06-07,20:00,Fluminense,Flamengo,5-4-1,4-1-4-1,Flamengo,0,2,RJ,RJ,3,2018
6225,10,Atletico-MG,12,4,53%,504,83%,7,2,0,1,6,2018-06-07,20:59,America-MG,Atletico-MG,4-2-3-1,4-2-3-1,Atletico-MG,1,3,MG,MG,3,2018
6225,10,America-MG,17,3,47%,434,82%,13,2,0,3,11,2018-06-07,20:59,America-MG,Atletico-MG,4-2-3-1,4-2-3-1,Atletico-MG,1,3,MG,MG,0,2018
6226,11,Athletico-PR,14,5,62%,509,85%,15,3,0,1,5,2018-06-09,16:01,Athletico-PR,Sao Paulo,3-4-2-1,4-4-1-1,Sao Paulo,0,1,PR,SP,0,2018
6226,11,Sao Paulo,9,3,38%,318,78%,18,3,0,3,3,2018-06-09,16:01,Athletico-PR,Sao Paulo,3-4-2-1,4-4-1-1,Sao Paulo,0,1,PR,SP,3,2018
6228,11,Vasco,13,7,40%,382,79%,27,4,0,1,1,2018-06-09,19:00,Vasco,Sport,4-2-3-1,4-2-3-1,Vasco,3,2,RJ,PE,3,2018
6228,11,Sport,13,2,60%,546,84%,10,3,0,4,2,2018-06-09,19:00,Vasco,Sport,4-2-3-1,4-2-3-1,Vasco,3,2,RJ,PE,0,2018
6227,11,Cruzeiro,8,2,56%,432,81%,17,3,0,4,6,2018-06-09,20:18,Chapecoense,Cruzeiro,4-1-4-1,4-2-3-1,Chapecoense,2,0,SC,MG,0,2018
6227,11,Chapecoense,10,3,44%,338,73%,22,2,0,3,3,2018-06-09,20:18,Chapecoense,Cruzeiro,4-1-4-1,4-2-3-1,Chapecoense,2,0,SC,MG,3,2018
6229,11,Vitoria,13,3,36%,287,75%,19,2,0,0,6,2018-06-09,21:01,Corinthians,Vitoria,4-2-3-1,4-2-3-1,-,0,0,SP,BA,1,2018
6229,11,Corinthians,18,2,64%,499,82%,14,2,0,4,10,2018-06-09,21:01,Corinthians,Vitoria,4-2-3-1,4-2-3-1,-,0,0,SP,BA,1,2018
6232,11,America-MG,10,3,37%,357,78%,13,3,0,0,4,2018-06-10,15:59,Gremio,America-MG,4-2-3-1,4-2-3-1,Gremio,1,0,RS,MG,0,2018
6232,11,Gremio,12,4,63%,586,86%,14,2,0,0,7,2018-06-10,15:59,Gremio,America-MG,4-2-3-1,4-2-3-1,Gremio,1,0,RS,MG,3,2018
6230,11,Fluminense,15,4,49%,479,87%,9,2,0,0,7,2018-06-10,16:00,Atletico-MG,Fluminense,4-2-3-1,3-4-2-1,Atletico-MG,5,2,MG,RJ,0,2018
6230,11,Atletico-MG,16,9,51%,493,89%,15,2,0,3,4,2018-06-10,16:00,Atletico-MG,Fluminense,4-2-3-1,3-4-2-1,Atletico-MG,5,2,MG,RJ,3,2018
6231,11,Bahia,21,9,60%,463,82%,24,4,0,3,13,2018-06-10,16:00,Bahia,Botafogo-RJ,4-2-3-1,4-2-3-1,-,3,3,BA,RJ,1,2018
6231,11,Botafogo-RJ,12,5,40%,340,72%,9,2,1,0,1,2018-06-10,16:00,Bahia,Botafogo-RJ,4-2-3-1,4-2-3-1,-,3,3,BA,RJ,1,2018
6233,11,Ceara,17,6,42%,358,78%,15,3,0,1,4,2018-06-10,16:00,Ceara,Palmeiras,4-5-1,4-2-3-1,-,2,2,CE,SP,1,2018
6233,11,Palmeiras,9,3,58%,505,82%,12,2,0,2,4,2018-06-10,16:00,Ceara,Palmeiras,4-5-1,4-2-3-1,-,2,2,CE,SP,1,2018
6235,11,Santos,15,4,61%,535,85%,10,3,1,1,7,2018-06-10,18:59,Santos,Internacional,4-3-3,4-2-3-1,Internacional,1,2,SP,RS,0,2018
6235,11,Internacional,14,4,39%,348,80%,20,4,0,1,2,2018-06-10,18:59,Santos,Internacional,4-3-3,4-2-3-1,Internacional,1,2,SP,RS,3,2018
6234,11,Flamengo,11,5,63%,601,91%,11,2,0,1,9,2018-06-10,19:00,Flamengo,Parana,4-1-4-1,4-1-4-1,Flamengo,2,0,RJ,PR,3,2018
6234,11,Parana,7,0,37%,357,85%,8,0,0,1,5,2018-06-10,19:00,Flamengo,Parana,4-1-4-1,4-1-4-1,Flamengo,2,0,RJ,PR,0,2018
6236,12,Vitoria,9,5,43%,362,81%,17,3,1,1,1,2018-06-12,21:31,Sao Paulo,Vitoria,4-2-3-1,4-2-3-1,Sao Paulo,3,0,SP,BA,0,2018
6236,12,Sao Paulo,14,5,57%,454,83%,24,3,1,5,6,2018-06-12,21:31,Sao Paulo,Vitoria,4-2-3-1,4-2-3-1,Sao Paulo,3,0,SP,BA,3,2018
6237,12,Chapecoense,10,2,51%,417,82%,15,0,0,1,8,2018-06-13,16:01,America-MG,Chapecoense,4-2-3-1,4-1-4-1,-,0,0,MG,SC,1,2018
6237,12,America-MG,12,3,49%,413,84%,13,5,0,2,3,2018-06-13,16:01,America-MG,Chapecoense,4-2-3-1,4-1-4-1,-,0,0,MG,SC,1,2018
6238,12,Santos,6,2,52%,528,88%,12,3,0,3,7,2018-06-13,19:00,Fluminense,Santos,5-4-1,4-4-2,Santos,0,1,RJ,SP,3,2018
6238,12,Fluminense,13,1,48%,501,88%,16,2,0,1,2,2018-06-13,19:00,Fluminense,Santos,5-4-1,4-4-2,Santos,0,1,RJ,SP,0,2018
6239,12,Sport,10,1,52%,476,84%,14,3,0,0,4,2018-06-13,19:31,Sport,Gremio,4-2-3-1,4-2-3-1,-,0,0,PE,RS,1,2018
6239,12,Gremio,5,3,48%,455,80%,16,2,0,2,2,2018-06-13,19:31,Sport,Gremio,4-2-3-1,4-2-3-1,-,0,0,PE,RS,1,2018
6240,12,Parana,7,1,43%,365,80%,23,8,0,1,3,2018-06-13,19:31,Parana,Cruzeiro,4-1-4-1,4-4-2,-,1,1,PR,MG,1,2018
6240,12,Cruzeiro,10,4,57%,471,82%,23,2,0,4,4,2018-06-13,19:31,Parana,Cruzeiro,4-1-4-1,4-4-2,-,1,1,PR,MG,1,2018
6241,12,Palmeiras,15,5,45%,340,79%,21,4,3,0,4,2018-06-13,20:59,Palmeiras,Flamengo,4-2-3-1,4-1-4-1,-,1,1,SP,RJ,1,2018
6241,12,Flamengo,13,8,55%,408,84%,18,6,3,0,6,2018-06-13,20:59,Palmeiras,Flamengo,4-2-3-1,4-1-4-1,-,1,1,SP,RJ,1,2018
6242,12,Botafogo-RJ,21,7,37%,332,81%,11,0,0,0,8,2018-06-13,21:00,Botafogo-RJ,Athletico-PR,4-2-3-1,3-4-2-1,Botafogo-RJ,2,0,RJ,PR,3,2018
6242,12,Athletico-PR,20,3,63%,554,89%,9,2,0,1,9,2018-06-13,21:00,Botafogo-RJ,Athletico-PR,4-2-3-1,3-4-2-1,Botafogo-RJ,2,0,RJ,PR,0,2018
6243,12,Corinthians,11,2,60%,510,84%,11,1,0,2,8,2018-06-13,21:44,Bahia,Corinthians,4-2-3-1,4-2-3-1,Bahia,1,0,BA,SP,0,2018
6243,12,Bahia,22,10,40%,333,78%,19,2,0,1,7,2018-06-13,21:44,Bahia,Corinthians,4-2-3-1,4-2-3-1,Bahia,1,0,BA,SP,3,2018
6244,12,Internacional,14,6,54%,472,83%,13,2,0,3,4,2018-06-13,21:44,Internacional,Vasco,4-2-2-2,4-2-3-1,Internacional,3,1,RS,RJ,3,2018
6244,12,Vasco,10,6,46%,402,76%,11,0,0,0,7,2018-06-13,21:44,Internacional,Vasco,4-2-2-2,4-2-3-1,Internacional,3,1,RS,RJ,0,2018
6245,12,Atletico-MG,22,6,68%,672,88%,10,1,0,2,8,2018-06-13,21:45,Atletico-MG,Ceara,4-1-4-1,5-4-1,Atletico-MG,2,1,MG,CE,3,2018
6245,12,Ceara,7,1,32%,314,82%,10,0,0,3,5,2018-06-13,21:45,Atletico-MG,Ceara,4-1-4-1,5-4-1,Atletico-MG,2,1,MG,CE,0,2018
6246,13,Ceara,17,3,33%,291,79%,15,0,0,0,6,2018-07-18,19:33,Ceara,Sport,4-2-3-1,4-2-3-1,Ceara,1,0,CE,PE,3,2018
6246,13,Sport,11,4,67%,575,87%,12,0,0,2,5,2018-07-18,19:33,Ceara,Sport,4-2-3-1,4-2-3-1,Ceara,1,0,CE,PE,0,2018
6247,13,Vitoria,13,4,52%,382,82%,24,2,0,1,5,2018-07-18,21:00,Vitoria,Parana,4-2-3-1,4-1-4-1,Vitoria,1,0,BA,PR,3,2018
6247,13,Parana,7,2,48%,368,76%,22,2,0,2,5,2018-07-18,21:00,Vitoria,Parana,4-2-3-1,4-1-4-1,Vitoria,1,0,BA,PR,0,2018
6249,13,Gremio,23,5,61%,648,89%,10,1,0,1,5,2018-07-18,21:45,Gremio,Atletico-MG,4-2-3-1,4-2-3-1,Gremio,2,0,RS,MG,3,2018
6249,13,Atletico-MG,4,1,39%,424,83%,19,2,0,1,2,2018-07-18,21:45,Gremio,Atletico-MG,4-2-3-1,4-2-3-1,Gremio,2,0,RS,MG,0,2018
6248,13,Corinthians,8,3,49%,424,82%,19,2,0,0,3,2018-07-18,21:46,Corinthians,Botafogo-RJ,4-2-3-1,4-2-3-1,Corinthians,2,0,SP,RJ,3,2018
6248,13,Botafogo-RJ,24,8,51%,421,80%,13,3,0,1,10,2018-07-18,21:46,Corinthians,Botafogo-RJ,4-2-3-1,4-2-3-1,Corinthians,2,0,SP,RJ,0,2018
6250,13,Flamengo,26,7,71%,552,86%,11,3,0,0,9,2018-07-18,21:46,Flamengo,Sao Paulo,4-3-3,4-4-1-1,Sao Paulo,0,1,RJ,SP,0,2018
6250,13,Sao Paulo,16,2,29%,228,70%,17,3,1,3,5,2018-07-18,21:46,Flamengo,Sao Paulo,4-3-3,4-4-1-1,Sao Paulo,0,1,RJ,SP,3,2018
6251,13,Bahia,11,5,51%,420,85%,19,2,0,1,3,2018-07-19,19:30,Chapecoense,Bahia,4-1-4-1,4-2-3-1,-,1,1,SC,BA,1,2018
6251,13,Chapecoense,5,3,49%,399,80%,12,1,0,1,5,2018-07-19,19:30,Chapecoense,Bahia,4-1-4-1,4-2-3-1,-,1,1,SC,BA,1,2018
6252,13,America-MG,8,2,46%,453,83%,8,1,0,1,5,2018-07-19,19:31,Cruzeiro,America-MG,4-2-3-1,4-2-3-1,Cruzeiro,3,1,MG,MG,0,2018
6252,13,Cruzeiro,15,6,54%,521,85%,11,3,0,3,3,2018-07-19,19:31,Cruzeiro,America-MG,4-2-3-1,4-2-3-1,Cruzeiro,3,1,MG,MG,3,2018
6253,13,Fluminense,14,5,46%,362,79%,21,2,0,1,4,2018-07-19,20:01,Vasco,Fluminense,4-2-3-1,4-2-3-1,-,1,1,RJ,RJ,1,2018
6253,13,Vasco,16,4,54%,425,79%,21,4,0,1,2,2018-07-19,20:01,Vasco,Fluminense,4-2-3-1,4-2-3-1,-,1,1,RJ,RJ,1,2018
6254,13,Palmeiras,13,7,51%,429,82%,16,6,0,0,2,2018-07-19,20:01,Santos,Palmeiras,4-2-3-1,4-2-3-1,-,1,1,SP,SP,1,2018
6254,13,Santos,17,4,49%,410,86%,15,4,0,1,8,2018-07-19,20:01,Santos,Palmeiras,4-2-3-1,4-2-3-1,-,1,1,SP,SP,1,2018
6255,13,Athletico-PR,20,6,53%,436,85%,11,3,1,2,4,2018-07-19,20:59,Athletico-PR,Internacional,4-2-3-1,4-3-3,-,2,2,PR,RS,1,2018
6255,13,Internacional,14,3,47%,388,82%,16,5,0,1,6,2018-07-19,20:59,Athletico-PR,Internacional,4-2-3-1,4-3-3,-,2,2,PR,RS,1,2018
6256,14,Botafogo-RJ,17,4,43%,357,77%,15,1,1,2,6,2018-07-21,19:00,Flamengo,Botafogo-RJ,4-3-3,4-3-3,Flamengo,2,0,RJ,RJ,0,2018
6256,14,Flamengo,9,4,57%,497,81%,17,0,0,0,1,2018-07-21,19:00,Flamengo,Botafogo-RJ,4-3-3,4-3-3,Flamengo,2,0,RJ,RJ,3,2018
6257,14,Sao Paulo,18,8,46%,315,80%,9,2,0,2,10,2018-07-21,21:02,Sao Paulo,Corinthians,4-2-3-1,4-2-3-1,Sao Paulo,3,1,SP,SP,3,2018
6257,14,Corinthians,12,3,54%,377,84%,21,7,0,0,7,2018-07-21,21:02,Sao Paulo,Corinthians,4-2-3-1,4-2-3-1,Sao Paulo,3,1,SP,SP,0,2018
6261,14,Vitoria,10,4,45%,330,74%,26,4,1,0,7,2018-07-22,15:59,Bahia,Vitoria,4-2-3-1,4-2-3-1,Bahia,4,1,BA,BA,0,2018
6261,14,Bahia,14,7,55%,402,80%,18,3,0,1,5,2018-07-22,15:59,Bahia,Vitoria,4-2-3-1,4-2-3-1,Bahia,4,1,BA,BA,3,2018
6258,14,Gremio,17,5,67%,521,85%,17,6,0,2,10,2018-07-22,16:00,Vasco,Gremio,4-2-3-1,4-2-3-1,Vasco,1,0,RJ,RS,0,2018
6258,14,Vasco,9,4,33%,269,69%,12,4,1,0,8,2018-07-22,16:00,Vasco,Gremio,4-2-3-1,4-2-3-1,Vasco,1,0,RJ,RS,3,2018
6262,14,Sport,17,5,57%,430,80%,14,1,0,0,11,2018-07-22,16:00,Sport,Fluminense,4-1-4-1,4-3-2-1,Fluminense,1,2,PE,RJ,0,2018
6262,14,Fluminense,15,5,43%,353,75%,17,5,0,1,4,2018-07-22,16:00,Sport,Fluminense,4-1-4-1,4-3-2-1,Fluminense,1,2,PE,RJ,3,2018
6259,14,Palmeiras,10,4,44%,405,80%,20,2,0,4,2,2018-07-22,16:01,Palmeiras,Atletico-MG,4-2-3-1,4-2-3-1,Palmeiras,3,2,SP,MG,3,2018
6259,14,Atletico-MG,14,7,56%,506,82%,18,2,1,4,7,2018-07-22,16:01,Palmeiras,Atletico-MG,4-2-3-1,4-2-3-1,Palmeiras,3,2,SP,MG,0,2018
6260,14,Parana,13,6,38%,337,72%,23,3,0,4,3,2018-07-22,16:01,Parana,America-MG,4-1-4-1,4-3-3,Parana,1,0,PR,MG,3,2018
6260,14,America-MG,9,1,62%,543,77%,10,3,0,1,3,2018-07-22,16:01,Parana,America-MG,4-1-4-1,4-3-3,Parana,1,0,PR,MG,0,2018
6263,14,Athletico-PR,6,2,40%,377,79%,14,3,1,0,3,2018-07-22,18:59,Cruzeiro,Athletico-PR,4-2-3-1,4-2-3-1,Cruzeiro,2,1,MG,PR,0,2018
6263,14,Cruzeiro,18,8,60%,548,87%,7,1,0,1,9,2018-07-22,18:59,Cruzeiro,Athletico-PR,4-2-3-1,4-2-3-1,Cruzeiro,2,1,MG,PR,3,2018
6264,14,Chapecoense,11,2,52%,391,83%,10,1,0,1,15,2018-07-22,19:01,Chapecoense,Santos,4-1-4-1,4-2-3-1,-,0,0,SC,SP,1,2018
6264,14,Santos,14,1,48%,400,83%,13,4,0,2,3,2018-07-22,19:01,Chapecoense,Santos,4-1-4-1,4-2-3-1,-,0,0,SC,SP,1,2018
6265,14,Internacional,10,5,60%,601,87%,12,2,0,1,4,2018-07-23,20:00,Internacional,Ceara,4-2-3-1,4-4-2,Internacional,1,0,RS,CE,3,2018
6265,14,Ceara,8,4,40%,418,77%,13,3,0,3,0,2018-07-23,20:00,Internacional,Ceara,4-2-3-1,4-4-2,Internacional,1,0,RS,CE,0,2018
6266,15,Fluminense,10,3,38%,301,70%,18,2,0,1,2,2018-07-25,19:30,Fluminense,Palmeiras,4-3-3,4-2-3-1,Fluminense,1,0,RJ,SP,3,2018
6266,15,Palmeiras,13,3,62%,491,82%,16,2,1,1,3,2018-07-25,19:30,Fluminense,Palmeiras,4-3-3,4-2-3-1,Fluminense,1,0,RJ,SP,0,2018
6267,15,Parana,21,8,42%,392,82%,15,1,0,1,7,2018-07-25,21:00,Atletico-MG,Parana,4-3-3,4-1-4-1,Atletico-MG,2,0,MG,PR,0,2018
6267,15,Atletico-MG,6,4,58%,557,84%,16,1,1,1,5,2018-07-25,21:00,Atletico-MG,Parana,4-3-3,4-1-4-1,Atletico-MG,2,0,MG,PR,3,2018
6268,15,Cruzeiro,14,5,54%,570,85%,10,2,0,2,4,2018-07-25,21:46,Corinthians,Cruzeiro,4-2-3-1,4-2-3-1,Corinthians,2,0,SP,MG,0,2018
6268,15,Corinthians,12,4,46%,494,84%,9,0,0,1,3,2018-07-25,21:46,Corinthians,Cruzeiro,4-2-3-1,4-2-3-1,Corinthians,2,0,SP,MG,3,2018
6269,15,Flamengo,13,3,56%,503,86%,14,1,0,1,8,2018-07-25,21:47,Santos,Flamengo,4-2-3-1,4-1-4-1,-,1,1,SP,RJ,1,2018
6269,15,Santos,13,2,44%,391,83%,17,1,0,2,10,2018-07-25,21:47,Santos,Flamengo,4-2-3-1,4-1-4-1,-,1,1,SP,RJ,1,2018
6270,15,Botafogo-RJ,11,6,43%,315,81%,20,2,0,1,6,2018-07-26,19:30,Botafogo-RJ,Chapecoense,4-3-3,4-1-4-1,Botafogo-RJ,1,0,RJ,SC,3,2018
6270,15,Chapecoense,11,1,57%,420,81%,16,3,0,1,8,2018-07-26,19:30,Botafogo-RJ,Chapecoense,4-3-3,4-1-4-1,Botafogo-RJ,1,0,RJ,SC,0,2018
6271,15,Vitoria,15,4,49%,439,80%,17,2,0,1,5,2018-07-26,19:30,Vitoria,Sport,4-2-3-1,4-2-3-1,Vitoria,1,0,BA,PE,3,2018
6271,15,Sport,9,3,51%,436,76%,14,2,0,1,7,2018-07-26,19:30,Vitoria,Sport,4-2-3-1,4-2-3-1,Vitoria,1,0,BA,PE,0,2018
6272,15,Gremio,12,3,65%,566,84%,23,4,0,2,9,2018-07-26,19:30,Gremio,Sao Paulo,4-2-3-1,4-2-3-1,Gremio,2,1,RS,SP,3,2018
6272,15,Sao Paulo,9,6,35%,302,74%,19,5,0,0,3,2018-07-26,19:30,Gremio,Sao Paulo,4-2-3-1,4-2-3-1,Gremio,2,1,RS,SP,0,2018
6273,15,America-MG,6,4,43%,426,77%,12,2,1,0,3,2018-07-26,20:00,America-MG,Internacional,4-2-3-1,4-2-3-1,America-MG,2,1,MG,RS,3,2018
6273,15,Internacional,13,5,57%,525,85%,9,2,1,3,11,2018-07-26,20:00,America-MG,Internacional,4-2-3-1,4-2-3-1,America-MG,2,1,MG,RS,0,2018
6276,16,Ceara,15,2,36%,262,72%,22,5,0,3,9,2018-07-28,16:01,Ceara,Fluminense,4-2-3-1,4-2-3-1,Ceara,1,0,CE,RJ,3,2018
6276,16,Fluminense,11,3,64%,472,82%,13,1,0,0,3,2018-07-28,16:01,Ceara,Fluminense,4-2-3-1,4-2-3-1,Ceara,1,0,CE,RJ,0,2018
6277,16,Palmeiras,24,12,53%,450,86%,20,2,0,2,8,2018-07-29,11:00,Palmeiras,Parana,4-2-3-1,4-1-4-1,Palmeiras,3,0,SP,PR,3,2018
6277,16,Parana,9,2,47%,419,79%,17,2,0,3,4,2018-07-29,11:00,Palmeiras,Parana,4-2-3-1,4-1-4-1,Palmeiras,3,0,SP,PR,0,2018
6278,16,Corinthians,10,5,48%,472,83%,11,0,0,4,2,2018-07-29,11:00,Vasco,Corinthians,4-2-3-1,4-2-3-1,Corinthians,1,4,RJ,SP,3,2018
6278,16,Vasco,12,4,52%,490,82%,17,4,0,0,4,2018-07-29,11:00,Vasco,Corinthians,4-2-3-1,4-2-3-1,Corinthians,1,4,RJ,SP,0,2018
6282,16,Cruzeiro,14,3,58%,509,81%,11,2,0,3,4,2018-07-29,15:59,Cruzeiro,Sao Paulo,4-2-3-1,4-2-3-1,Sao Paulo,0,2,MG,SP,0,2018
6282,16,Sao Paulo,9,4,42%,387,75%,11,1,0,2,2,2018-07-29,15:59,Cruzeiro,Sao Paulo,4-2-3-1,4-2-3-1,Sao Paulo,0,2,MG,SP,3,2018
6279,16,Sport,9,1,42%,420,84%,11,1,0,2,2,2018-07-29,16:00,Flamengo,Sport,4-1-4-1,4-2-3-1,Flamengo,4,1,RJ,PE,0,2018
6279,16,Flamengo,22,9,58%,547,91%,12,1,0,1,8,2018-07-29,16:00,Flamengo,Sport,4-1-4-1,4-2-3-1,Flamengo,4,1,RJ,PE,3,2018
6280,16,Vitoria,7,3,52%,421,85%,17,5,0,1,1,2018-07-29,16:00,Athletico-PR,Vitoria,4-2-3-1,4-2-3-1,Athletico-PR,4,0,PR,BA,0,2018
6280,16,Athletico-PR,12,6,48%,398,82%,20,3,0,1,6,2018-07-29,16:00,Athletico-PR,Vitoria,4-2-3-1,4-2-3-1,Athletico-PR,4,0,PR,BA,3,2018
6281,16,Botafogo-RJ,9,3,46%,388,79%,14,2,0,0,4,2018-07-29,16:00,Internacional,Botafogo-RJ,4-3-3,4-2-3-1,Internacional,3,0,RS,RJ,0,2018
6281,16,Internacional,15,9,54%,442,78%,13,1,0,0,5,2018-07-29,16:00,Internacional,Botafogo-RJ,4-3-3,4-2-3-1,Internacional,3,0,RS,RJ,3,2018
6283,16,Santos,29,4,74%,614,90%,8,2,0,2,14,2018-07-29,19:00,Santos,America-MG,4-2-3-1,4-2-4-0,America-MG,0,1,SP,MG,0,2018
6283,16,America-MG,2,1,26%,234,61%,13,2,0,1,2,2018-07-29,19:00,Santos,America-MG,4-2-3-1,4-2-4-0,America-MG,0,1,SP,MG,3,2018
6284,16,Chapecoense,16,2,58%,443,78%,12,1,0,1,10,2018-07-29,19:00,Chapecoense,Gremio,4-2-3-1,4-2-3-1,-,1,1,SC,RS,1,2018
6284,16,Gremio,8,4,42%,340,71%,15,3,0,1,3,2018-07-29,19:00,Chapecoense,Gremio,4-2-3-1,4-2-3-1,-,1,1,SC,RS,1,2018
6285,16,Bahia,21,6,58%,510,86%,15,4,0,1,6,2018-07-30,20:00,Bahia,Atletico-MG,4-2-3-1,4-1-4-1,-,2,2,BA,MG,1,2018
6285,16,Atletico-MG,5,2,42%,405,80%,18,2,0,3,3,2018-07-30,20:00,Bahia,Atletico-MG,4-2-3-1,4-1-4-1,-,2,2,BA,MG,1,2018
6286,17,Botafogo-RJ,16,2,46%,381,77%,12,1,0,2,5,2018-08-04,16:02,Botafogo-RJ,Santos,4-2-3-1,4-3-3,-,0,0,RJ,SP,1,2018
6286,17,Santos,9,3,54%,460,79%,19,5,0,4,2,2018-08-04,16:02,Botafogo-RJ,Santos,4-2-3-1,4-3-3,-,0,0,RJ,SP,1,2018
6287,17,Gremio,10,4,34%,311,78%,21,3,0,1,3,2018-08-04,19:00,Gremio,Flamengo,4-2-3-1,4-1-4-1,Gremio,2,0,RS,RJ,3,2018
6287,17,Flamengo,9,1,66%,607,86%,17,4,0,2,1,2018-08-04,19:00,Gremio,Flamengo,4-2-3-1,4-1-4-1,Gremio,2,0,RS,RJ,0,2018
6288,17,Athletico-PR,16,4,43%,387,80%,13,2,0,6,9,2018-08-04,21:00,Corinthians,Athletico-PR,4-2-3-1,4-2-3-1,-,0,0,SP,PR,1,2018
6288,17,Corinthians,10,4,57%,537,86%,8,2,0,1,2,2018-08-04,21:00,Corinthians,Athletico-PR,4-2-3-1,4-2-3-1,-,0,0,SP,PR,1,2018
6289,17,Cruzeiro,11,4,51%,407,75%,20,5,0,2,8,2018-08-05,15:59,Vitoria,Cruzeiro,4-3-2-1,4-4-2,-,1,1,BA,MG,1,2018
6289,17,Vitoria,16,5,49%,388,80%,19,3,0,0,8,2018-08-05,15:59,Vitoria,Cruzeiro,4-3-2-1,4-4-2,-,1,1,BA,MG,1,2018
6291,17,America-MG,8,4,51%,516,84%,16,1,0,0,2,2018-08-05,16:00,America-MG,Palmeiras,4-1-4-1,4-1-4-1,-,0,0,MG,SP,1,2018
6291,17,Palmeiras,14,4,49%,489,86%,18,2,0,0,9,2018-08-05,16:00,America-MG,Palmeiras,4-1-4-1,4-1-4-1,-,0,0,MG,SP,1,2018
6292,17,Vasco,9,3,59%,493,81%,9,2,0,3,2,2018-08-05,16:00,Sao Paulo,Vasco,4-2-3-1,4-2-3-1,Sao Paulo,2,1,SP,RJ,0,2018
6292,17,Sao Paulo,11,4,41%,327,70%,27,2,0,1,5,2018-08-05,16:00,Sao Paulo,Vasco,4-2-3-1,4-2-3-1,Sao Paulo,2,1,SP,RJ,3,2018
6290,17,Ceara,5,1,33%,284,66%,21,2,0,5,2,2018-08-05,16:01,Parana,Ceara,4-1-4-1,4-2-3-1,Ceara,0,1,PR,CE,3,2018
6290,17,Parana,22,7,67%,557,81%,15,4,0,0,13,2018-08-05,16:01,Parana,Ceara,4-1-4-1,4-2-3-1,Ceara,0,1,PR,CE,0,2018
6293,17,Fluminense,10,2,47%,348,80%,12,4,0,1,6,2018-08-05,19:00,Fluminense,Bahia,4-2-3-1,4-2-3-1,-,1,1,RJ,BA,1,2018
6293,17,Bahia,10,2,53%,392,78%,18,2,0,0,8,2018-08-05,19:00,Fluminense,Bahia,4-2-3-1,4-2-3-1,-,1,1,RJ,BA,1,2018
6294,17,Sport,20,4,63%,555,82%,14,1,0,1,8,2018-08-05,19:01,Sport,Chapecoense,4-2-3-1,4-1-4-1,-,1,1,PE,SC,1,2018
6294,17,Chapecoense,8,3,37%,341,69%,20,1,0,2,5,2018-08-05,19:01,Sport,Chapecoense,4-2-3-1,4-1-4-1,-,1,1,PE,SC,1,2018
6295,17,Internacional,8,4,36%,329,75%,13,1,0,1,2,2018-08-06,19:59,Atletico-MG,Internacional,4-3-3,4-3-3,Internacional,0,1,MG,RS,3,2018
6295,17,Atletico-MG,12,3,64%,562,82%,13,1,0,1,6,2018-08-06,19:59,Atletico-MG,Internacional,4-3-3,4-3-3,Internacional,0,1,MG,RS,0,2018
6296,20,Santos,8,3,49%,385,76%,13,2,0,3,3,2018-08-08,19:30,Ceara,Santos,4-2-3-1,4-3-3,-,1,1,CE,SP,1,2018
6296,20,Ceara,23,9,51%,373,77%,11,3,0,1,8,2018-08-08,19:30,Ceara,Santos,4-2-3-1,4-3-3,-,1,1,CE,SP,1,2018
6306,18,Athletico-PR,14,2,54%,443,82%,14,3,0,0,9,2018-08-11,16:00,Ceara,Athletico-PR,4-2-2-2,4-2-3-1,-,0,0,CE,PR,1,2018
6306,18,Ceara,14,4,46%,377,80%,15,3,0,0,3,2018-08-11,16:00,Ceara,Athletico-PR,4-2-2-2,4-2-3-1,-,0,0,CE,PR,1,2018
6307,18,America-MG,6,2,52%,482,82%,13,4,0,1,2,2018-08-11,19:00,Bahia,America-MG,4-2-3-1,3-5-2,Bahia,1,0,BA,MG,0,2018
6307,18,Bahia,21,6,48%,438,81%,11,1,0,2,9,2018-08-11,19:00,Bahia,America-MG,4-2-3-1,3-5-2,Bahia,1,0,BA,MG,3,2018
6308,18,Botafogo-RJ,15,4,47%,393,82%,9,4,1,2,4,2018-08-12,11:00,Parana,Botafogo-RJ,4-2-3-1,4-2-3-1,-,1,1,PR,RJ,1,2018
6308,18,Parana,14,2,53%,423,83%,11,3,1,2,4,2018-08-12,11:00,Parana,Botafogo-RJ,4-2-3-1,4-2-3-1,-,1,1,PR,RJ,1,2018
6309,18,Santos,9,3,53%,407,84%,8,0,0,1,4,2018-08-12,11:01,Atletico-MG,Santos,4-2-3-1,4-3-3,Atletico-MG,3,1,MG,SP,0,2018
6309,18,Atletico-MG,14,6,47%,375,80%,17,2,0,1,3,2018-08-12,11:01,Atletico-MG,Santos,4-2-3-1,4-3-3,Atletico-MG,3,1,MG,SP,3,2018
6311,18,Flamengo,9,4,52%,420,83%,28,3,0,3,5,2018-08-12,16:00,Flamengo,Cruzeiro,4-1-4-1,4-2-3-1,Flamengo,1,0,RJ,MG,3,2018
6311,18,Cruzeiro,9,3,48%,402,82%,17,3,0,2,2,2018-08-12,16:00,Flamengo,Cruzeiro,4-1-4-1,4-2-3-1,Flamengo,1,0,RJ,MG,0,2018
6312,18,Corinthians,13,5,59%,460,82%,20,2,0,1,5,2018-08-12,16:00,Chapecoense,Corinthians,4-1-4-1,4-2-3-1,Chapecoense,2,1,SC,SP,0,2018
6312,18,Chapecoense,13,4,41%,310,75%,18,1,1,1,7,2018-08-12,16:00,Chapecoense,Corinthians,4-1-4-1,4-2-3-1,Chapecoense,2,1,SC,SP,3,2018
6310,18,Sao Paulo,17,5,55%,491,87%,15,3,0,1,3,2018-08-12,16:01,Sport,Sao Paulo,4-2-3-1,4-2-3-1,Sao Paulo,1,3,PE,SP,3,2018
6310,18,Sport,15,7,45%,398,87%,7,1,0,0,2,2018-08-12,16:01,Sport,Sao Paulo,4-2-3-1,4-2-3-1,Sao Paulo,1,3,PE,SP,0,2018
6313,18,Gremio,14,8,54%,559,85%,20,1,0,1,1,2018-08-12,19:00,Gremio,Vitoria,4-2-3-1,4-3-2-1,Gremio,4,0,RS,BA,3,2018
6313,18,Vitoria,13,3,46%,481,85%,17,3,0,1,1,2018-08-12,19:00,Gremio,Vitoria,4-2-3-1,4-3-2-1,Gremio,4,0,RS,BA,0,2018
6314,18,Vasco,7,1,44%,357,74%,16,2,0,2,3,2018-08-12,19:00,Palmeiras,Vasco,4-2-3-1,4-2-3-1,Palmeiras,1,0,SP,RJ,0,2018
6314,18,Palmeiras,10,4,56%,453,81%,17,1,0,3,5,2018-08-12,19:00,Palmeiras,Vasco,4-2-3-1,4-2-3-1,Palmeiras,1,0,SP,RJ,3,2018
6315,18,Internacional,13,7,40%,376,76%,17,3,0,0,7,2018-08-13,20:00,Fluminense,Internacional,4-1-4-1,4-2-3-1,Internacional,0,3,RJ,RS,3,2018
6315,18,Fluminense,19,6,60%,545,85%,8,3,0,0,7,2018-08-13,20:00,Fluminense,Internacional,4-1-4-1,4-2-3-1,Internacional,0,3,RJ,RS,0,2018
6316,19,Sport,12,4,47%,409,84%,21,2,1,1,4,2018-08-18,15:59,Santos,Sport,4-3-3,4-2-3-1,Santos,3,0,SP,PE,0,2018
6316,19,Santos,11,6,53%,463,82%,20,3,0,5,4,2018-08-18,15:59,Santos,Sport,4-3-3,4-2-3-1,Santos,3,0,SP,PE,3,2018
6317,19,Corinthians,9,3,59%,649,85%,8,1,0,0,5,2018-08-18,19:01,Corinthians,Gremio,4-2-3-1,4-2-3-1,Gremio,0,1,SP,RS,0,2018
6317,19,Gremio,12,9,41%,466,80%,8,1,0,3,7,2018-08-18,19:01,Corinthians,Gremio,4-2-3-1,4-2-3-1,Gremio,0,1,SP,RS,3,2018
6318,19,Flamengo,15,6,68%,553,89%,10,1,0,1,5,2018-08-19,10:59,Athletico-PR,Flamengo,4-2-3-1,4-2-3-1,Athletico-PR,3,0,PR,RJ,0,2018
6318,19,Athletico-PR,14,8,32%,263,80%,15,3,0,3,5,2018-08-19,10:59,Athletico-PR,Flamengo,4-2-3-1,4-2-3-1,Athletico-PR,3,0,PR,RJ,3,2018
6319,19,Parana,9,2,25%,190,59%,16,5,0,0,3,2018-08-19,10:59,Internacional,Parana,4-2-3-1,4-4-1-1,Internacional,1,0,RS,PR,0,2018
6319,19,Internacional,17,6,75%,547,86%,16,3,0,1,15,2018-08-19,10:59,Internacional,Parana,4-2-3-1,4-4-1-1,Internacional,1,0,RS,PR,3,2018
6320,19,Palmeiras,26,12,46%,416,77%,18,1,0,0,3,2018-08-19,15:59,Vitoria,Palmeiras,4-1-4-1,4-2-3-1,Palmeiras,0,3,BA,SP,3,2018
6320,19,Vitoria,9,2,54%,471,81%,25,2,0,0,3,2018-08-19,15:59,Vitoria,Palmeiras,4-1-4-1,4-2-3-1,Palmeiras,0,3,BA,SP,0,2018
6322,19,Cruzeiro,12,2,54%,535,83%,14,2,0,3,3,2018-08-19,16:00,Cruzeiro,Bahia,4-2-3-1,4-2-3-1,-,1,1,MG,BA,1,2018
6322,19,Bahia,9,1,46%,457,82%,13,2,0,2,5,2018-08-19,16:00,Cruzeiro,Bahia,4-2-3-1,4-2-3-1,-,1,1,MG,BA,1,2018
6321,19,Botafogo-RJ,13,4,46%,411,80%,13,2,0,2,4,2018-08-19,16:01,Botafogo-RJ,Atletico-MG,4-2-3-1,4-2-3-1,Atletico-MG,0,3,RJ,MG,0,2018
6321,19,Atletico-MG,20,8,54%,494,80%,12,4,0,1,3,2018-08-19,16:01,Botafogo-RJ,Atletico-MG,4-2-3-1,4-2-3-1,Atletico-MG,0,3,RJ,MG,3,2018
6323,19,Fluminense,11,4,47%,459,84%,8,0,0,0,4,2018-08-19,19:00,America-MG,Fluminense,4-2-3-1,3-4-1-2,-,0,0,MG,RJ,1,2018
6323,19,America-MG,10,1,53%,517,84%,13,2,1,1,4,2018-08-19,19:00,America-MG,Fluminense,4-2-3-1,3-4-1-2,-,0,0,MG,RJ,1,2018
6324,19,Sao Paulo,6,3,39%,358,75%,17,2,0,1,2,2018-08-19,19:00,Sao Paulo,Chapecoense,4-2-3-1,4-1-4-1,Sao Paulo,2,0,SP,SC,3,2018
6324,19,Chapecoense,7,2,61%,561,84%,20,1,0,1,6,2018-08-19,19:00,Sao Paulo,Chapecoense,4-2-3-1,4-1-4-1,Sao Paulo,2,0,SP,SC,0,2018
6325,19,Ceara,12,2,42%,335,80%,21,0,1,1,6,2018-08-20,20:01,Vasco,Ceara,4-2-3-1,4-2-3-1,-,1,1,RJ,CE,1,2018
6325,19,Vasco,16,6,58%,464,82%,16,1,0,0,4,2018-08-20,20:01,Vasco,Ceara,4-2-3-1,4-2-3-1,-,1,1,RJ,CE,1,2018
6297,20,Bahia,20,2,62%,517,85%,15,1,0,0,3,2018-08-22,19:29,Bahia,Internacional,4-2-3-1,4-2-3-1,Internacional,0,1,BA,RS,0,2018
6297,20,Internacional,14,5,38%,343,74%,18,2,0,1,5,2018-08-22,19:29,Bahia,Internacional,4-2-3-1,4-2-3-1,Internacional,0,1,BA,RS,3,2018
6298,20,Sao Paulo,14,4,55%,413,76%,12,1,0,3,9,2018-08-22,19:30,Parana,Sao Paulo,4-1-4-1,4-2-3-1,-,1,1,PR,SP,1,2018
6298,20,Parana,16,2,45%,349,73%,14,3,0,2,4,2018-08-22,19:30,Parana,Sao Paulo,4-1-4-1,4-2-3-1,-,1,1,PR,SP,1,2018
6300,20,Sport,15,6,54%,459,79%,9,2,0,3,4,2018-08-22,20:59,Sport,America-MG,4-2-3-1,4-1-2-1-2,America-MG,0,2,PE,MG,0,2018
6300,20,America-MG,6,3,46%,422,74%,21,2,0,2,4,2018-08-22,20:59,Sport,America-MG,4-2-3-1,4-1-2-1-2,America-MG,0,2,PE,MG,3,2018
6299,20,Palmeiras,22,6,69%,506,83%,14,2,0,3,11,2018-08-22,21:00,Palmeiras,Botafogo-RJ,4-1-4-1,4-1-4-1,Palmeiras,2,0,SP,RJ,3,2018
6299,20,Botafogo-RJ,10,4,31%,230,64%,17,4,1,0,3,2018-08-22,21:00,Palmeiras,Botafogo-RJ,4-1-4-1,4-1-4-1,Palmeiras,2,0,SP,RJ,0,2018
6301,20,Corinthians,4,1,55%,550,82%,8,2,1,0,3,2018-08-22,21:44,Fluminense,Corinthians,4-3-2-1,4-2-4-0,Fluminense,1,0,RJ,SP,0,2018
6301,20,Fluminense,15,4,45%,452,84%,12,1,0,5,8,2018-08-22,21:44,Fluminense,Corinthians,4-3-2-1,4-2-4-0,Fluminense,1,0,RJ,SP,3,2018
6302,20,Cruzeiro,7,5,33%,378,81%,16,4,0,0,2,2018-08-22,21:45,Gremio,Cruzeiro,4-2-3-1,4-2-3-1,-,1,1,RS,MG,1,2018
6302,20,Gremio,10,6,67%,752,90%,13,2,0,0,6,2018-08-22,21:45,Gremio,Cruzeiro,4-2-3-1,4-2-3-1,-,1,1,RS,MG,1,2018
6303,20,Vitoria,4,1,35%,313,77%,19,2,0,1,4,2018-08-23,19:30,Flamengo,Vitoria,4-1-4-1,4-3-2-1,Flamengo,1,0,RJ,BA,0,2018
6303,20,Flamengo,15,5,65%,555,88%,18,2,0,1,7,2018-08-23,19:30,Flamengo,Vitoria,4-1-4-1,4-3-2-1,Flamengo,1,0,RJ,BA,3,2018
6304,20,Vasco,11,4,26%,256,67%,15,4,0,0,1,2018-08-23,19:59,Atletico-MG,Vasco,4-2-3-1,4-2-3-1,-,0,0,MG,RJ,1,2018
6304,20,Atletico-MG,20,4,74%,718,85%,16,2,0,0,12,2018-08-23,19:59,Atletico-MG,Vasco,4-2-3-1,4-2-3-1,-,0,0,MG,RJ,1,2018
6326,21,Bahia,7,0,52%,385,78%,17,2,0,2,4,2018-08-25,15:59,Santos,Bahia,4-2-3-1,4-2-3-1,Santos,2,0,SP,BA,0,2018
6326,21,Santos,5,3,48%,357,78%,25,1,0,3,6,2018-08-25,15:59,Santos,Bahia,4-2-3-1,4-2-3-1,Santos,2,0,SP,BA,3,2018
6327,21,Corinthians,17,7,62%,458,80%,18,3,0,2,8,2018-08-25,19:00,Corinthians,Parana,4-2-3-1,4-2-3-1,Corinthians,1,0,SP,PR,3,2018
6327,21,Parana,13,3,38%,281,70%,20,3,1,0,7,2018-08-25,19:00,Corinthians,Parana,4-2-3-1,4-2-3-1,Corinthians,1,0,SP,PR,0,2018
6328,21,Athletico-PR,16,6,56%,493,82%,18,2,0,1,8,2018-08-25,19:00,Athletico-PR,Gremio,4-2-3-1,4-2-3-1,Athletico-PR,2,1,PR,RS,3,2018
6328,21,Gremio,7,2,44%,398,82%,17,2,0,2,1,2018-08-25,19:00,Athletico-PR,Gremio,4-2-3-1,4-2-3-1,Athletico-PR,2,1,PR,RS,0,2018
6330,21,Sport,8,1,57%,420,75%,13,2,0,0,2,2018-08-25,21:00,Botafogo-RJ,Sport,4-2-3-1,4-2-3-1,Botafogo-RJ,2,0,RJ,PE,0,2018
6330,21,Botafogo-RJ,17,7,43%,314,75%,21,2,0,4,9,2018-08-25,21:00,Botafogo-RJ,Sport,4-2-3-1,4-2-3-1,Botafogo-RJ,2,0,RJ,PE,3,2018
6329,21,Fluminense,7,3,54%,488,85%,14,3,0,0,5,2018-08-25,21:01,Cruzeiro,Fluminense,4-2-3-1,4-3-2-1,Cruzeiro,2,1,MG,RJ,0,2018
6329,21,Cruzeiro,12,3,46%,422,83%,17,4,0,1,6,2018-08-25,21:01,Cruzeiro,Fluminense,4-2-3-1,4-3-2-1,Cruzeiro,2,1,MG,RJ,3,2018
6331,21,Ceara,8,3,41%,325,76%,21,6,1,2,5,2018-08-26,11:03,Sao Paulo,Ceara,4-2-3-1,4-2-3-1,Sao Paulo,1,0,SP,CE,0,2018
6331,21,Sao Paulo,19,4,59%,448,83%,13,3,0,0,8,2018-08-26,11:03,Sao Paulo,Ceara,4-2-3-1,4-2-3-1,Sao Paulo,1,0,SP,CE,3,2018
6332,21,America-MG,12,2,51%,469,82%,12,3,0,0,3,2018-08-26,16:00,America-MG,Flamengo,4-2-3-1,4-1-4-1,-,2,2,MG,RJ,1,2018
6332,21,Flamengo,11,6,49%,443,82%,9,2,1,0,6,2018-08-26,16:00,America-MG,Flamengo,4-2-3-1,4-1-4-1,-,2,2,MG,RJ,1,2018
6334,21,Vitoria,19,4,36%,329,78%,17,2,0,4,6,2018-08-26,16:00,Vitoria,Atletico-MG,4-2-3-1,4-2-3-1,Vitoria,1,0,BA,MG,3,2018
6334,21,Atletico-MG,17,4,64%,582,87%,12,3,0,4,4,2018-08-26,16:00,Vitoria,Atletico-MG,4-2-3-1,4-2-3-1,Vitoria,1,0,BA,MG,0,2018
6333,21,Internacional,14,4,57%,495,81%,14,2,0,1,5,2018-08-26,16:01,Internacional,Palmeiras,4-2-3-1,4-2-3-1,-,0,0,RS,SP,1,2018
6333,21,Palmeiras,20,3,43%,387,72%,24,3,0,0,4,2018-08-26,16:01,Internacional,Palmeiras,4-2-3-1,4-2-3-1,-,0,0,RS,SP,1,2018
6335,21,Vasco,15,6,49%,428,78%,18,3,0,0,6,2018-08-26,18:59,Vasco,Chapecoense,4-2-3-1,4-1-4-1,Vasco,3,1,RJ,SC,3,2018
6335,21,Chapecoense,8,4,51%,445,83%,20,2,0,1,4,2018-08-26,18:59,Vasco,Chapecoense,4-2-3-1,4-1-4-1,Vasco,3,1,RJ,SC,0,2018
6275,15,Athletico-PR,11,3,55%,475,80%,15,1,0,1,8,2018-08-29,19:28,Athletico-PR,Vasco,4-2-3-1,4-2-3-1,Athletico-PR,1,0,PR,RJ,3,2018
6275,15,Vasco,16,3,45%,399,81%,14,2,0,1,5,2018-08-29,19:28,Athletico-PR,Vasco,4-2-3-1,4-2-3-1,Athletico-PR,1,0,PR,RJ,0,2018
6274,15,Ceara,22,6,68%,484,82%,16,3,0,0,11,2018-08-29,19:30,Ceara,Bahia,4-2-3-1,4-3-3,Bahia,0,2,CE,BA,0,2018
6274,15,Bahia,6,3,32%,236,67%,25,4,0,1,2,2018-08-29,19:30,Ceara,Bahia,4-2-3-1,4-3-3,Bahia,0,2,CE,BA,3,2018
6337,22,Gremio,18,8,57%,476,83%,12,2,0,1,5,2018-09-01,16:00,Gremio,Botafogo-RJ,4-2-3-1,4-2-3-1,Gremio,4,0,RS,RJ,3,2018
6337,22,Botafogo-RJ,12,0,43%,352,78%,19,3,0,0,6,2018-09-01,16:00,Gremio,Botafogo-RJ,4-2-3-1,4-2-3-1,Gremio,4,0,RS,RJ,0,2018
6336,22,Vitoria,21,9,58%,533,88%,21,5,0,1,5,2018-09-01,16:01,Vitoria,America-MG,4-2-3-1,4-1-4-1,Vitoria,1,0,BA,MG,3,2018
6336,22,America-MG,5,3,42%,394,78%,10,1,1,3,3,2018-09-01,16:01,Vitoria,America-MG,4-2-3-1,4-1-4-1,Vitoria,1,0,BA,MG,0,2018
6338,22,Vasco,17,1,59%,571,85%,12,1,0,1,8,2018-09-01,18:59,Vasco,Santos,4-2-3-1,4-2-3-1,Santos,0,3,RJ,SP,0,2018
6338,22,Santos,9,4,41%,412,77%,11,1,0,0,3,2018-09-01,18:59,Vasco,Santos,4-2-3-1,4-2-3-1,Santos,0,3,RJ,SP,3,2018
6339,22,Corinthians,7,1,56%,522,80%,16,1,0,0,6,2018-09-01,21:00,Corinthians,Atletico-MG,4-2-3-1,4-2-3-1,-,1,1,SP,MG,1,2018
6339,22,Atletico-MG,10,2,44%,416,73%,21,3,0,2,3,2018-09-01,21:00,Corinthians,Atletico-MG,4-2-3-1,4-2-3-1,-,1,1,SP,MG,1,2018
6340,22,Flamengo,26,9,65%,515,89%,16,2,0,2,12,2018-09-02,11:01,Flamengo,Ceara,4-3-3,4-2-3-1,Ceara,0,1,RJ,CE,0,2018
6340,22,Ceara,9,4,35%,285,77%,14,2,0,0,1,2018-09-02,11:01,Flamengo,Ceara,4-3-3,4-2-3-1,Ceara,0,1,RJ,CE,3,2018
6341,22,Bahia,9,3,40%,357,77%,9,2,0,1,2,2018-09-02,15:59,Athletico-PR,Bahia,4-2-3-1,4-2-3-1,Athletico-PR,2,0,PR,BA,0,2018
6341,22,Athletico-PR,24,11,60%,534,89%,14,2,0,3,4,2018-09-02,15:59,Athletico-PR,Bahia,4-2-3-1,4-2-3-1,Athletico-PR,2,0,PR,BA,3,2018
6342,22,Sport,16,5,51%,369,74%,19,3,0,1,11,2018-09-02,16:01,Sport,Parana,4-2-3-1,4-1-4-1,Sport,1,0,PE,PR,3,2018
6342,22,Parana,15,3,49%,371,73%,12,2,0,3,3,2018-09-02,16:01,Sport,Parana,4-2-3-1,4-1-4-1,Sport,1,0,PE,PR,0,2018
6343,22,Fluminense,11,0,64%,540,86%,16,2,0,0,5,2018-09-02,16:01,Sao Paulo,Fluminense,4-2-3-1,4-1-4-1,-,1,1,SP,RJ,1,2018
6343,22,Sao Paulo,7,4,36%,297,74%,14,2,1,0,5,2018-09-02,16:01,Sao Paulo,Fluminense,4-2-3-1,4-1-4-1,-,1,1,SP,RJ,1,2018
6344,22,Cruzeiro,19,4,51%,457,84%,16,3,0,3,8,2018-09-02,19:00,Cruzeiro,Internacional,4-2-3-1,4-2-3-1,-,0,0,MG,RS,1,2018
6344,22,Internacional,14,4,49%,445,83%,14,2,0,0,5,2018-09-02,19:00,Cruzeiro,Internacional,4-2-3-1,4-2-3-1,-,0,0,MG,RS,1,2018
6345,22,Palmeiras,12,5,43%,297,62%,23,4,0,2,5,2018-09-02,19:00,Chapecoense,Palmeiras,4-2-3-1,4-2-3-1,Palmeiras,1,2,SC,SP,3,2018
6345,22,Chapecoense,11,2,57%,360,70%,14,4,0,1,3,2018-09-02,19:00,Chapecoense,Palmeiras,4-2-3-1,4-2-3-1,Palmeiras,1,2,SC,SP,0,2018
6346,23,Sport,10,2,52%,436,75%,19,1,0,2,4,2018-09-05,19:29,Bahia,Sport,4-2-3-1,4-4-2,Bahia,2,0,BA,PE,0,2018
6346,23,Bahia,13,8,48%,409,74%,19,1,0,1,8,2018-09-05,19:29,Bahia,Sport,4-2-3-1,4-4-2,Bahia,2,0,BA,PE,3,2018
6347,23,Cruzeiro,8,2,58%,509,79%,17,3,0,0,2,2018-09-05,19:31,Botafogo-RJ,Cruzeiro,4-1-4-1,4-2-3-1,-,1,1,RJ,MG,1,2018
6347,23,Botafogo-RJ,15,6,42%,352,72%,13,3,0,0,5,2018-09-05,19:31,Botafogo-RJ,Cruzeiro,4-1-4-1,4-2-3-1,-,1,1,RJ,MG,1,2018
6348,23,Ceara,17,7,31%,263,75%,19,6,0,0,7,2018-09-05,20:00,Ceara,Corinthians,4-2-3-1,4-2-3-1,Ceara,2,1,CE,SP,3,2018
6348,23,Corinthians,11,3,69%,611,90%,19,2,0,1,4,2018-09-05,20:00,Ceara,Corinthians,4-2-3-1,4-2-3-1,Ceara,2,1,CE,SP,0,2018
6349,23,Athletico-PR,7,1,53%,424,79%,18,3,0,1,6,2018-09-05,20:59,Palmeiras,Athletico-PR,4-2-3-1,4-2-3-1,Palmeiras,2,0,SP,PR,0,2018
6349,23,Palmeiras,10,4,47%,371,77%,16,2,0,1,6,2018-09-05,20:59,Palmeiras,Athletico-PR,4-2-3-1,4-2-3-1,Palmeiras,2,0,SP,PR,3,2018
6350,23,Chapecoense,12,6,63%,498,83%,19,2,0,1,3,2018-09-05,21:00,Parana,Chapecoense,4-1-4-1,4-2-3-1,-,1,1,PR,SC,1,2018
6350,23,Parana,16,3,37%,277,66%,24,2,0,2,11,2018-09-05,21:00,Parana,Chapecoense,4-1-4-1,4-2-3-1,-,1,1,PR,SC,1,2018
6351,23,Atletico-MG,10,3,46%,346,75%,17,3,0,0,2,2018-09-05,21:45,Atletico-MG,Sao Paulo,4-1-4-1,4-2-3-1,Atletico-MG,1,0,MG,SP,3,2018
6351,23,Sao Paulo,16,5,54%,394,77%,18,1,0,2,9,2018-09-05,21:45,Atletico-MG,Sao Paulo,4-1-4-1,4-2-3-1,Atletico-MG,1,0,MG,SP,0,2018
6352,23,Internacional,7,5,38%,371,77%,13,4,0,1,4,2018-09-05,21:46,Internacional,Flamengo,4-1-4-1,4-2-3-1,Internacional,2,1,RS,RJ,3,2018
6352,23,Flamengo,11,4,62%,602,84%,13,1,0,2,3,2018-09-05,21:46,Internacional,Flamengo,4-1-4-1,4-2-3-1,Internacional,2,1,RS,RJ,0,2018
6354,23,Fluminense,17,5,63%,527,84%,11,1,0,1,9,2018-09-06,18:59,Fluminense,Vitoria,4-2-3-1,4-4-2,-,0,0,RJ,BA,1,2018
6354,23,Vitoria,4,1,37%,312,67%,8,1,0,0,5,2018-09-06,18:59,Fluminense,Vitoria,4-2-3-1,4-4-2,-,0,0,RJ,BA,1,2018
6353,23,Santos,7,2,51%,578,84%,14,2,0,0,5,2018-09-06,19:00,Santos,Gremio,4-1-4-1,4-2-3-1,-,0,0,SP,RS,1,2018
6353,23,Gremio,8,3,49%,568,85%,8,1,0,0,1,2018-09-06,19:00,Santos,Gremio,4-1-4-1,4-2-3-1,-,0,0,SP,RS,1,2018
6355,23,America-MG,10,5,44%,450,81%,19,1,0,2,4,2018-09-06,20:01,America-MG,Vasco,4-2-3-1,4-2-3-1,America-MG,2,1,MG,RJ,3,2018
6355,23,Vasco,7,3,56%,555,87%,12,1,0,0,5,2018-09-06,20:01,America-MG,Vasco,4-2-3-1,4-2-3-1,America-MG,2,1,MG,RJ,0,2018
6356,24,Cruzeiro,10,2,45%,369,69%,19,1,0,2,4,2018-09-08,16:00,Sport,Cruzeiro,4-2-3-1,4-2-3-1,-,0,0,PE,MG,1,2018
6356,24,Sport,11,1,55%,423,75%,22,3,0,3,8,2018-09-08,16:00,Sport,Cruzeiro,4-2-3-1,4-2-3-1,-,0,0,PE,MG,1,2018
6357,24,Sao Paulo,12,2,54%,392,78%,16,3,0,3,11,2018-09-08,19:01,Sao Paulo,Bahia,4-2-3-1,4-3-2-1,Sao Paulo,1,0,SP,BA,3,2018
6357,24,Bahia,10,2,46%,353,73%,19,2,0,2,4,2018-09-08,19:01,Sao Paulo,Bahia,4-2-3-1,4-3-2-1,Sao Paulo,1,0,SP,BA,0,2018
6358,24,Flamengo,15,6,62%,492,86%,17,2,0,1,8,2018-09-08,21:27,Flamengo,Chapecoense,4-2-3-1,4-1-4-1,Flamengo,2,0,RJ,SC,3,2018
6358,24,Chapecoense,9,3,38%,304,77%,13,2,0,1,3,2018-09-08,21:27,Flamengo,Chapecoense,4-2-3-1,4-1-4-1,Flamengo,2,0,RJ,SC,0,2018
6359,24,Ceara,12,3,41%,423,81%,10,1,0,1,4,2018-09-09,16:00,America-MG,Ceara,4-2-3-1,4-2-3-1,-,0,0,MG,CE,1,2018
6359,24,America-MG,7,0,59%,615,85%,16,1,0,2,3,2018-09-09,16:00,America-MG,Ceara,4-2-3-1,4-2-3-1,-,0,0,MG,CE,1,2018
6360,24,Palmeiras,13,3,55%,397,75%,14,2,0,4,8,2018-09-09,16:00,Palmeiras,Corinthians,4-2-3-1,4-2-3-1,Palmeiras,1,0,SP,SP,3,2018
6360,24,Corinthians,4,0,45%,348,71%,16,3,0,0,3,2018-09-09,16:00,Palmeiras,Corinthians,4-2-3-1,4-2-3-1,Palmeiras,1,0,SP,SP,0,2018
6361,24,Fluminense,14,4,41%,315,73%,21,3,0,1,6,2018-09-09,16:00,Fluminense,Botafogo-RJ,4-3-2-1,4-3-3,Fluminense,1,0,RJ,RJ,3,2018
6361,24,Botafogo-RJ,14,3,59%,457,76%,14,4,0,2,7,2018-09-09,16:00,Fluminense,Botafogo-RJ,4-3-2-1,4-3-3,Fluminense,1,0,RJ,RJ,0,2018
6362,24,Gremio,13,2,58%,471,81%,15,5,0,2,4,2018-09-09,16:00,Internacional,Gremio,4-3-3,4-2-3-1,Internacional,1,0,RS,RS,0,2018
6362,24,Internacional,11,4,42%,347,71%,17,5,0,2,5,2018-09-09,16:00,Internacional,Gremio,4-3-3,4-2-3-1,Internacional,1,0,RS,RS,3,2018
6363,24,Parana,18,4,37%,296,72%,15,4,0,0,3,2018-09-09,19:00,Parana,Santos,4-1-4-1,4-2-3-1,Santos,0,2,PR,SP,0,2018
6363,24,Santos,5,3,63%,530,83%,18,3,0,0,2,2018-09-09,19:00,Parana,Santos,4-1-4-1,4-2-3-1,Santos,0,2,PR,SP,3,2018
6364,24,Vasco,13,4,48%,395,80%,19,1,1,0,5,2018-09-09,19:01,Vitoria,Vasco,4-3-3,4-3-2-1,Vitoria,1,0,BA,RJ,0,2018
6364,24,Vitoria,7,1,52%,432,84%,19,4,1,0,2,2018-09-09,19:01,Vitoria,Vasco,4-3-3,4-3-2-1,Vitoria,1,0,BA,RJ,3,2018
6365,24,Atletico-MG,12,5,53%,434,80%,13,4,0,3,6,2018-09-10,20:00,Atletico-MG,Athletico-PR,4-2-3-1,4-2-3-1,Atletico-MG,3,1,MG,PR,3,2018
6365,24,Athletico-PR,16,5,47%,385,82%,14,5,1,0,6,2018-09-10,20:00,Atletico-MG,Athletico-PR,4-2-3-1,4-2-3-1,Atletico-MG,3,1,MG,PR,0,2018
6305,20,Chapecoense,16,3,48%,321,75%,19,1,0,2,8,2018-09-13,19:59,Chapecoense,Athletico-PR,4-2-3-1,4-2-3-1,Chapecoense,2,1,SC,PR,3,2018
6305,20,Athletico-PR,11,5,52%,349,77%,18,3,0,0,4,2018-09-13,19:59,Chapecoense,Athletico-PR,4-2-3-1,4-2-3-1,Chapecoense,2,1,SC,PR,0,2018
6367,25,Parana,8,1,38%,334,75%,13,1,0,0,3,2018-09-15,15:58,Gremio,Parana,4-2-3-1,4-1-4-1,Gremio,2,0,RS,PR,0,2018
6367,25,Gremio,21,4,62%,553,86%,11,1,0,5,4,2018-09-15,15:58,Gremio,Parana,4-2-3-1,4-1-4-1,Gremio,2,0,RS,PR,3,2018
6366,25,Ceara,17,3,42%,404,81%,23,2,0,0,4,2018-09-15,16:00,Ceara,Vitoria,4-2-3-1,4-4-2,Ceara,2,0,CE,BA,3,2018
6366,25,Vitoria,8,1,58%,551,85%,21,4,0,1,3,2018-09-15,16:00,Ceara,Vitoria,4-2-3-1,4-4-2,Ceara,2,0,CE,BA,0,2018
6368,25,Flamengo,22,5,62%,488,86%,13,2,1,1,13,2018-09-15,19:00,Vasco,Flamengo,4-3-2-1,4-1-4-1,-,1,1,RJ,RJ,1,2018
6368,25,Vasco,17,7,38%,302,82%,19,3,0,0,6,2018-09-15,19:00,Vasco,Flamengo,4-3-2-1,4-1-4-1,-,1,1,RJ,RJ,1,2018
6369,25,Botafogo-RJ,14,4,47%,419,77%,13,1,1,1,5,2018-09-16,11:00,Botafogo-RJ,America-MG,4-3-3,4-4-2,Botafogo-RJ,1,0,RJ,MG,3,2018
6369,25,America-MG,10,1,53%,464,78%,18,1,1,4,1,2018-09-16,11:00,Botafogo-RJ,America-MG,4-3-3,4-4-2,Botafogo-RJ,1,0,RJ,MG,0,2018
6370,25,Atletico-MG,8,2,60%,551,80%,16,1,0,2,3,2018-09-16,16:00,Cruzeiro,Atletico-MG,4-2-3-1,4-3-3,-,0,0,MG,MG,1,2018
6370,25,Cruzeiro,12,3,40%,362,77%,19,3,0,2,6,2018-09-16,16:00,Cruzeiro,Atletico-MG,4-2-3-1,4-3-3,-,0,0,MG,MG,1,2018
6372,25,Athletico-PR,16,9,49%,456,85%,15,3,0,4,5,2018-09-16,16:00,Athletico-PR,Fluminense,4-2-3-1,4-4-1-1,Athletico-PR,3,1,PR,RJ,3,2018
6372,25,Fluminense,11,3,51%,474,84%,14,2,0,0,3,2018-09-16,16:00,Athletico-PR,Fluminense,4-2-3-1,4-4-1-1,Athletico-PR,3,1,PR,RJ,0,2018
6371,25,Palmeiras,7,1,58%,555,81%,11,2,0,2,3,2018-09-16,16:01,Bahia,Palmeiras,4-2-3-1,4-4-1-1,-,1,1,BA,SP,1,2018
6371,25,Bahia,9,3,42%,384,76%,14,1,0,0,6,2018-09-16,16:01,Bahia,Palmeiras,4-2-3-1,4-4-1-1,-,1,1,BA,SP,1,2018
6373,25,Santos,14,3,55%,425,80%,15,7,0,5,4,2018-09-16,16:03,Santos,Sao Paulo,4-2-3-1,4-2-3-1,-,0,0,SP,SP,1,2018
6373,25,Sao Paulo,6,2,45%,354,72%,15,4,0,1,4,2018-09-16,16:03,Santos,Sao Paulo,4-2-3-1,4-2-3-1,-,0,0,SP,SP,1,2018
6374,25,Corinthians,14,5,70%,634,87%,16,2,0,4,5,2018-09-16,19:00,Corinthians,Sport,4-2-3-1,4-2-3-1,Corinthians,2,1,SP,PE,3,2018
6374,25,Sport,13,6,30%,273,67%,19,1,0,1,6,2018-09-16,19:00,Corinthians,Sport,4-2-3-1,4-2-3-1,Corinthians,2,1,SP,PE,0,2018
6375,25,Chapecoense,19,5,52%,323,75%,14,4,0,0,6,2018-09-17,20:00,Chapecoense,Internacional,4-2-3-1,4-3-3,Chapecoense,2,1,SC,RS,3,2018
6375,25,Internacional,14,5,48%,318,79%,15,2,1,3,4,2018-09-17,20:00,Chapecoense,Internacional,4-2-3-1,4-3-3,Chapecoense,2,1,SC,RS,0,2018
6376,26,Sao Paulo,13,4,49%,452,84%,14,1,0,1,6,2018-09-22,16:00,Sao Paulo,America-MG,4-2-3-1,4-2-4-0,-,1,1,SP,MG,1,2018
6376,26,America-MG,7,3,51%,476,81%,12,1,0,0,2,2018-09-22,16:00,Sao Paulo,America-MG,4-2-3-1,4-2-4-0,-,1,1,SP,MG,1,2018
6377,26,Gremio,20,8,60%,550,87%,12,3,0,1,17,2018-09-23,11:00,Gremio,Ceara,4-2-3-1,4-2-3-1,Gremio,3,2,RS,CE,3,2018
6377,26,Ceara,6,4,40%,380,80%,9,1,0,0,0,2018-09-23,11:00,Gremio,Ceara,4-2-3-1,4-2-3-1,Gremio,3,2,RS,CE,0,2018
6378,26,Parana,11,3,42%,374,81%,11,4,0,0,3,2018-09-23,16:00,Athletico-PR,Parana,4-2-3-1,4-4-2,Athletico-PR,3,0,PR,PR,0,2018
6378,26,Athletico-PR,15,9,58%,502,84%,15,0,0,1,6,2018-09-23,16:00,Athletico-PR,Parana,4-2-3-1,4-4-2,Athletico-PR,3,0,PR,PR,3,2018
6379,26,Flamengo,7,2,51%,438,80%,26,2,0,2,4,2018-09-23,16:00,Flamengo,Atletico-MG,4-2-3-1,4-2-3-1,Flamengo,2,1,RJ,MG,3,2018
6379,26,Atletico-MG,15,4,49%,421,80%,15,2,0,1,6,2018-09-23,16:00,Flamengo,Atletico-MG,4-2-3-1,4-2-3-1,Flamengo,2,1,RJ,MG,0,2018
6380,26,Corinthians,9,5,55%,580,86%,13,0,0,1,2,2018-09-23,16:02,Corinthians,Internacional,4-2-4-0,4-3-3,-,1,1,SP,RS,1,2018
6380,26,Internacional,8,2,45%,469,85%,11,2,0,1,3,2018-09-23,16:02,Corinthians,Internacional,4-2-4-0,4-3-3,-,1,1,SP,RS,1,2018
6381,26,Palmeiras,9,4,48%,367,68%,16,2,0,0,5,2018-09-23,17:59,Sport,Palmeiras,4-2-3-1,4-2-3-1,Palmeiras,0,1,PE,SP,3,2018
6381,26,Sport,12,2,52%,396,69%,16,2,0,2,6,2018-09-23,17:59,Sport,Palmeiras,4-2-3-1,4-2-3-1,Palmeiras,0,1,PE,SP,0,2018
6382,26,Vitoria,13,3,61%,519,87%,15,1,0,2,3,2018-09-23,18:01,Vitoria,Botafogo-RJ,4-2-3-1,4-1-4-1,Botafogo-RJ,3,4,BA,RJ,0,2018
6382,26,Botafogo-RJ,11,7,39%,352,78%,17,4,0,2,1,2018-09-23,18:01,Vitoria,Botafogo-RJ,4-2-3-1,4-1-4-1,Botafogo-RJ,3,4,BA,RJ,3,2018
6383,26,Cruzeiro,6,4,46%,428,83%,17,2,0,1,4,2018-09-23,18:58,Cruzeiro,Santos,4-2-3-1,4-2-3-1,Cruzeiro,2,1,MG,SP,3,2018
6383,26,Santos,13,7,54%,508,81%,12,2,0,1,6,2018-09-23,18:58,Cruzeiro,Santos,4-2-3-1,4-2-3-1,Cruzeiro,2,1,MG,SP,0,2018
6384,26,Fluminense,9,5,43%,316,73%,19,3,0,0,2,2018-09-24,20:00,Chapecoense,Fluminense,4-2-3-1,5-4-1,Fluminense,1,2,SC,RJ,3,2018
6384,26,Chapecoense,11,4,57%,394,80%,19,2,1,1,7,2018-09-24,20:00,Chapecoense,Fluminense,4-2-3-1,5-4-1,Fluminense,1,2,SC,RJ,0,2018
6385,26,Vasco,10,3,62%,480,82%,12,5,0,6,4,2018-09-24,20:00,Vasco,Bahia,4-2-3-1,4-2-3-1,Vasco,2,1,RJ,BA,3,2018
6385,26,Bahia,15,6,38%,292,72%,15,2,1,1,8,2018-09-24,20:00,Vasco,Bahia,4-2-3-1,4-2-3-1,Vasco,2,1,RJ,BA,0,2018
6155,3,Vasco,14,3,46%,397,82%,17,2,1,0,6,2018-09-27,20:01,Santos,Vasco,4-3-3,4-3-2-1,-,1,1,SP,RJ,1,2018
6155,3,Santos,13,3,54%,444,84%,11,1,0,3,10,2018-09-27,20:01,Santos,Vasco,4-3-3,4-3-2-1,-,1,1,SP,RJ,1,2018
6386,27,Gremio,7,6,49%,540,86%,13,2,0,1,2,2018-09-29,16:00,Fluminense,Gremio,5-4-1,4-2-3-1,Gremio,0,1,RJ,RS,3,2018
6386,27,Fluminense,14,2,51%,532,87%,10,1,0,0,7,2018-09-29,16:00,Fluminense,Gremio,5-4-1,4-2-3-1,Gremio,0,1,RJ,RS,0,2018
6387,27,Corinthians,16,7,61%,707,91%,4,1,0,3,5,2018-09-29,19:00,America-MG,Corinthians,4-2-3-1,4-2-3-1,-,0,0,MG,SP,1,2018
6387,27,America-MG,10,2,39%,453,86%,8,0,0,1,1,2018-09-29,19:00,America-MG,Corinthians,4-2-3-1,4-2-3-1,-,0,0,MG,SP,1,2018
6388,27,Bahia,13,3,32%,257,72%,16,2,0,2,4,2018-09-29,21:00,Bahia,Flamengo,4-2-3-1,4-2-3-1,-,0,0,BA,RJ,1,2018
6388,27,Flamengo,11,5,68%,562,84%,17,1,0,2,3,2018-09-29,21:00,Bahia,Flamengo,4-2-3-1,4-2-3-1,-,0,0,BA,RJ,1,2018
6389,27,Palmeiras,17,4,44%,334,76%,15,5,0,3,7,2018-09-30,11:00,Palmeiras,Cruzeiro,4-2-3-1,4-2-3-1,Palmeiras,3,1,SP,MG,3,2018
6389,27,Cruzeiro,4,1,56%,433,81%,19,6,0,1,2,2018-09-30,11:00,Palmeiras,Cruzeiro,4-2-3-1,4-2-3-1,Palmeiras,3,1,SP,MG,0,2018
6390,27,Sport,6,1,37%,326,80%,16,3,1,0,6,2018-09-30,15:59,Atletico-MG,Sport,4-3-3,4-2-3-1,Atletico-MG,5,2,MG,PE,0,2018
6390,27,Atletico-MG,22,8,63%,563,87%,18,1,0,2,6,2018-09-30,15:59,Atletico-MG,Sport,4-3-3,4-2-3-1,Atletico-MG,5,2,MG,PE,3,2018
6393,27,Vitoria,7,1,39%,314,71%,18,6,1,1,0,2018-09-30,16:00,Internacional,Vitoria,4-2-3-1,4-1-4-1,Internacional,2,1,RS,BA,0,2018
6393,27,Internacional,12,5,61%,483,82%,19,3,0,4,7,2018-09-30,16:00,Internacional,Vitoria,4-2-3-1,4-1-4-1,Internacional,2,1,RS,BA,3,2018
6391,27,Santos,15,5,63%,512,88%,8,2,0,2,12,2018-09-30,16:01,Santos,Athletico-PR,4-2-3-1,4-2-3-1,Santos,1,0,SP,PR,3,2018
6391,27,Athletico-PR,10,4,37%,317,75%,17,6,0,2,5,2018-09-30,16:01,Santos,Athletico-PR,4-2-3-1,4-2-3-1,Santos,1,0,SP,PR,0,2018
6392,27,Botafogo-RJ,9,4,39%,276,72%,20,1,0,2,7,2018-09-30,16:02,Botafogo-RJ,Sao Paulo,4-1-4-1,4-2-3-1,-,2,2,RJ,SP,1,2018
6392,27,Sao Paulo,16,7,61%,423,81%,18,2,0,2,7,2018-09-30,16:02,Botafogo-RJ,Sao Paulo,4-1-4-1,4-2-3-1,-,2,2,RJ,SP,1,2018
6394,27,Chapecoense,10,4,56%,421,81%,20,5,0,1,8,2018-09-30,19:00,Ceara,Chapecoense,4-2-3-1,4-2-3-1,Ceara,3,1,CE,SC,0,2018
6394,27,Ceara,13,6,44%,335,77%,15,4,0,0,5,2018-09-30,19:00,Ceara,Chapecoense,4-2-3-1,4-2-3-1,Ceara,3,1,CE,SC,3,2018
6395,27,Parana,20,5,40%,317,76%,15,1,0,2,11,2018-10-01,19:59,Parana,Vasco,4-4-2,4-2-3-1,-,1,1,PR,RJ,1,2018
6395,27,Vasco,17,4,60%,480,82%,11,0,1,2,5,2018-10-01,19:59,Parana,Vasco,4-4-2,4-2-3-1,-,1,1,PR,RJ,1,2018
6396,28,Sport,12,3,43%,382,79%,10,4,0,3,8,2018-10-05,19:01,Sport,Internacional,4-2-3-1,4-3-3,Sport,2,1,PE,RS,3,2018
6396,28,Internacional,7,2,57%,534,85%,10,1,0,0,4,2018-10-05,19:01,Sport,Internacional,4-2-3-1,4-3-3,Sport,2,1,PE,RS,0,2018
6397,28,Flamengo,13,7,46%,432,82%,18,1,0,0,10,2018-10-05,21:00,Corinthians,Flamengo,4-2-4-0,4-2-3-1,Flamengo,0,3,SP,RJ,3,2018
6397,28,Corinthians,11,3,54%,504,85%,9,2,0,1,4,2018-10-05,21:00,Corinthians,Flamengo,4-2-4-0,4-2-3-1,Flamengo,0,3,SP,RJ,0,2018
6398,28,Vitoria,18,2,59%,447,83%,17,3,1,0,8,2018-10-05,21:30,Vitoria,Santos,4-2-3-1,4-3-3,Santos,0,1,BA,SP,0,2018
6398,28,Santos,12,3,41%,327,80%,24,2,0,1,2,2018-10-05,21:30,Vitoria,Santos,4-2-3-1,4-3-3,Santos,0,1,BA,SP,3,2018
6400,28,Chapecoense,9,1,36%,279,76%,20,3,0,2,5,2018-10-06,16:00,Chapecoense,Atletico-MG,4-2-3-1,4-3-3,Chapecoense,1,0,SC,MG,3,2018
6400,28,Atletico-MG,17,2,64%,497,86%,15,3,0,1,9,2018-10-06,16:00,Chapecoense,Atletico-MG,4-2-3-1,4-3-3,Chapecoense,1,0,SC,MG,0,2018
6399,28,Athletico-PR,10,4,64%,678,90%,10,3,0,0,5,2018-10-06,16:02,Athletico-PR,America-MG,4-2-3-1,4-2-3-1,Athletico-PR,4,0,PR,MG,3,2018
6399,28,America-MG,6,3,36%,397,85%,13,3,0,3,1,2018-10-06,16:02,Athletico-PR,America-MG,4-2-3-1,4-2-3-1,Athletico-PR,4,0,PR,MG,0,2018
6401,28,Sao Paulo,7,1,61%,458,81%,21,2,0,2,4,2018-10-06,18:00,Sao Paulo,Palmeiras,4-2-3-1,4-2-3-1,Palmeiras,0,2,SP,SP,0,2018
6401,28,Palmeiras,8,4,39%,312,67%,17,3,0,3,2,2018-10-06,18:00,Sao Paulo,Palmeiras,4-2-3-1,4-2-3-1,Palmeiras,0,2,SP,SP,3,2018
6402,28,Gremio,20,6,76%,603,86%,13,2,0,5,9,2018-10-06,21:00,Gremio,Bahia,4-2-3-1,4-2-3-1,-,2,2,RS,BA,1,2018
6402,28,Bahia,10,5,24%,203,66%,25,3,1,0,5,2018-10-06,21:00,Gremio,Bahia,4-2-3-1,4-2-3-1,-,2,2,RS,BA,1,2018
6403,28,Fluminense,17,8,70%,618,92%,8,1,0,3,8,2018-10-08,19:59,Fluminense,Parana,3-4-2-1,4-4-2,Fluminense,4,0,RJ,PR,3,2018
6403,28,Parana,8,0,30%,269,76%,18,2,0,0,2,2018-10-08,19:59,Fluminense,Parana,3-4-2-1,4-4-2,Fluminense,4,0,RJ,PR,0,2018
6404,28,Vasco,10,4,49%,428,83%,13,2,0,0,6,2018-10-09,21:00,Botafogo-RJ,Vasco,4-3-3,4-2-3-1,-,1,1,RJ,RJ,1,2018
6404,28,Botafogo-RJ,18,5,51%,444,83%,13,3,0,0,7,2018-10-09,21:00,Botafogo-RJ,Vasco,4-3-3,4-2-3-1,-,1,1,RJ,RJ,1,2018
6406,29,Fluminense,13,5,48%,389,82%,15,3,0,0,3,2018-10-13,17:00,Flamengo,Fluminense,4-2-3-1,3-4-2-1,Flamengo,3,0,RJ,RJ,0,2018
6406,29,Flamengo,16,6,52%,404,81%,16,2,0,0,6,2018-10-13,17:00,Flamengo,Fluminense,4-2-3-1,3-4-2-1,Flamengo,3,0,RJ,RJ,3,2018
6407,29,Corinthians,8,2,56%,466,82%,19,3,0,1,2,2018-10-13,19:00,Santos,Corinthians,4-3-3,4-2-3-1,Santos,1,0,SP,SP,0,2018
6407,29,Santos,12,4,44%,359,77%,19,3,0,3,5,2018-10-13,19:00,Santos,Corinthians,4-3-3,4-2-3-1,Santos,1,0,SP,SP,3,2018
6408,29,Bahia,20,7,68%,542,86%,5,3,0,3,12,2018-10-13,21:00,Bahia,Parana,4-2-3-1,5-4-1,Bahia,2,0,BA,PR,3,2018
6408,29,Parana,7,3,32%,276,67%,10,3,0,0,1,2018-10-13,21:00,Bahia,Parana,4-2-3-1,5-4-1,Bahia,2,0,BA,PR,0,2018
6409,29,Vitoria,17,3,42%,314,72%,20,2,0,0,3,2018-10-14,11:00,Chapecoense,Vitoria,4-2-3-1,4-2-3-1,Vitoria,0,1,SC,BA,3,2018
6409,29,Chapecoense,15,1,58%,409,78%,14,3,0,1,7,2018-10-14,11:00,Chapecoense,Vitoria,4-2-3-1,4-2-3-1,Vitoria,0,1,SC,BA,0,2018
6410,29,Vasco,18,6,56%,511,87%,14,6,0,1,10,2018-10-14,16:00,Vasco,Cruzeiro,4-3-2-1,4-4-2,Vasco,2,0,RJ,MG,3,2018
6410,29,Cruzeiro,14,4,44%,410,82%,17,2,1,1,9,2018-10-14,16:00,Vasco,Cruzeiro,4-3-2-1,4-4-2,Vasco,2,0,RJ,MG,0,2018
6411,29,Sao Paulo,9,1,42%,289,73%,23,3,1,1,4,2018-10-14,16:00,Internacional,Sao Paulo,4-2-3-1,4-2-3-1,Internacional,3,1,RS,SP,0,2018
6411,29,Internacional,17,6,58%,386,82%,16,0,0,6,6,2018-10-14,16:00,Internacional,Sao Paulo,4-2-3-1,4-2-3-1,Internacional,3,1,RS,SP,3,2018
6412,29,Palmeiras,8,6,33%,326,74%,16,4,0,0,4,2018-10-14,16:00,Palmeiras,Gremio,4-2-3-1,4-2-3-1,Palmeiras,2,0,SP,RS,3,2018
6412,29,Gremio,3,0,67%,648,87%,16,2,0,0,5,2018-10-14,16:00,Palmeiras,Gremio,4-2-3-1,4-2-3-1,Palmeiras,2,0,SP,RS,0,2018
6414,29,Sport,7,2,30%,256,77%,12,3,0,2,3,2018-10-14,18:59,Athletico-PR,Sport,4-2-3-1,4-2-3-1,Athletico-PR,4,0,PR,PE,0,2018
6414,29,Athletico-PR,27,8,70%,566,91%,13,0,0,0,10,2018-10-14,18:59,Athletico-PR,Sport,4-2-3-1,4-2-3-1,Athletico-PR,4,0,PR,PE,3,2018
6413,29,Atletico-MG,10,2,60%,510,86%,16,1,0,1,16,2018-10-14,19:00,Atletico-MG,America-MG,4-1-4-1,4-2-4-0,-,0,0,MG,MG,1,2018
6413,29,America-MG,15,8,40%,362,83%,15,0,0,2,3,2018-10-14,19:00,Atletico-MG,America-MG,4-1-4-1,4-2-4-0,-,0,0,MG,MG,1,2018
6415,29,Botafogo-RJ,8,0,43%,377,77%,10,3,0,1,3,2018-10-15,20:00,Ceara,Botafogo-RJ,4-2-3-1,4-1-4-1,-,0,0,CE,RJ,1,2018
6415,29,Ceara,21,7,57%,474,84%,13,1,0,1,6,2018-10-15,20:00,Ceara,Botafogo-RJ,4-2-3-1,4-1-4-1,-,0,0,CE,RJ,1,2018
6416,30,America-MG,10,3,52%,486,82%,17,0,0,1,5,2018-10-20,15:59,America-MG,Gremio,4-2-3-1,4-2-3-1,-,1,1,MG,RS,1,2018
6416,30,Gremio,13,4,48%,462,84%,8,0,0,2,4,2018-10-20,15:59,America-MG,Gremio,4-2-3-1,4-2-3-1,-,1,1,MG,RS,1,2018
6417,30,Bahia,9,2,35%,274,70%,21,1,0,0,2,2018-10-20,16:01,Botafogo-RJ,Bahia,4-1-4-1,4-2-3-1,Bahia,0,1,RJ,BA,3,2018
6417,30,Botafogo-RJ,9,4,65%,492,82%,10,2,0,0,8,2018-10-20,16:01,Botafogo-RJ,Bahia,4-1-4-1,4-2-3-1,Bahia,0,1,RJ,BA,0,2018
6418,30,Athletico-PR,10,1,68%,559,84%,15,2,0,2,7,2018-10-20,18:59,Sao Paulo,Athletico-PR,4-4-2,4-2-3-1,-,0,0,SP,PR,1,2018
6418,30,Sao Paulo,14,5,32%,252,73%,20,3,0,5,4,2018-10-20,18:59,Sao Paulo,Athletico-PR,4-4-2,4-2-3-1,-,0,0,SP,PR,1,2018
6419,30,Vasco,12,3,52%,468,81%,18,3,0,0,4,2018-10-20,19:00,Sport,Vasco,4-2-3-1,4-3-2-1,Sport,2,1,PE,RJ,0,2018
6419,30,Sport,15,6,48%,447,81%,16,0,0,1,1,2018-10-20,19:00,Sport,Vasco,4-2-3-1,4-3-2-1,Sport,2,1,PE,RJ,3,2018
6420,30,Vitoria,12,6,43%,375,81%,18,1,0,1,5,2018-10-21,16:00,Vitoria,Corinthians,4-1-4-1,4-2-3-1,-,2,2,BA,SP,1,2018
6420,30,Corinthians,9,4,57%,502,81%,23,4,0,1,5,2018-10-21,16:00,Vitoria,Corinthians,4-1-4-1,4-2-3-1,-,2,2,BA,SP,1,2018
6421,30,Fluminense,13,6,55%,500,81%,14,2,1,2,4,2018-10-21,16:01,Fluminense,Atletico-MG,3-4-2-1,4-2-3-1,Fluminense,1,0,RJ,MG,3,2018
6421,30,Atletico-MG,12,2,45%,417,77%,19,2,0,0,7,2018-10-21,16:01,Fluminense,Atletico-MG,3-4-2-1,4-2-3-1,Fluminense,1,0,RJ,MG,0,2018
6422,30,Ceara,21,6,62%,448,85%,13,2,0,2,12,2018-10-21,16:01,Palmeiras,Ceara,4-2-3-1,4-2-3-1,Palmeiras,2,1,SP,CE,0,2018
6422,30,Palmeiras,16,6,38%,300,76%,14,5,1,1,4,2018-10-21,16:01,Palmeiras,Ceara,4-2-3-1,4-2-3-1,Palmeiras,2,1,SP,CE,3,2018
6423,30,Cruzeiro,12,5,55%,516,82%,9,2,0,1,4,2018-10-21,18:59,Cruzeiro,Chapecoense,4-2-3-1,4-1-4-1,Cruzeiro,3,0,MG,SC,3,2018
6423,30,Chapecoense,15,2,45%,424,81%,15,1,0,1,4,2018-10-21,18:59,Cruzeiro,Chapecoense,4-2-3-1,4-1-4-1,Cruzeiro,3,0,MG,SC,0,2018
6424,30,Flamengo,11,6,69%,699,88%,13,0,0,2,1,2018-10-21,19:00,Parana,Flamengo,5-4-1,4-2-3-1,Flamengo,0,4,PR,RJ,3,2018
6424,30,Parana,7,2,31%,317,75%,17,1,1,1,4,2018-10-21,19:00,Parana,Flamengo,5-4-1,4-2-3-1,Flamengo,0,4,PR,RJ,0,2018
6425,30,Santos,8,3,52%,418,78%,15,3,0,2,7,2018-10-22,20:03,Internacional,Santos,4-2-3-1,4-2-3-1,-,2,2,RS,SP,1,2018
6425,30,Internacional,14,9,48%,387,82%,14,1,0,2,5,2018-10-22,20:03,Internacional,Santos,4-2-3-1,4-2-3-1,-,2,2,RS,SP,1,2018
6405,28,Ceara,7,3,38%,346,78%,18,3,0,1,1,2018-10-24,19:31,Cruzeiro,Ceara,4-2-3-1,4-2-3-1,Ceara,0,2,MG,CE,3,2018
6405,28,Cruzeiro,18,6,62%,552,87%,7,1,0,2,10,2018-10-24,19:31,Cruzeiro,Ceara,4-2-3-1,4-2-3-1,Ceara,0,2,MG,CE,0,2018
6426,31,Sao Paulo,14,6,39%,315,77%,24,2,1,0,6,2018-10-26,19:31,Vitoria,Sao Paulo,4-1-4-1,4-4-2,Sao Paulo,0,1,BA,SP,3,2018
6426,31,Vitoria,15,3,61%,483,87%,8,1,0,0,4,2018-10-26,19:31,Vitoria,Sao Paulo,4-1-4-1,4-4-2,Sao Paulo,0,1,BA,SP,0,2018
6427,31,Internacional,10,3,51%,391,81%,20,5,1,2,4,2018-10-26,21:30,Vasco,Internacional,4-2-3-1,4-2-3-1,-,1,1,RJ,RS,1,2018
6427,31,Vasco,16,7,49%,372,81%,17,3,0,1,6,2018-10-26,21:30,Vasco,Internacional,4-2-3-1,4-2-3-1,-,1,1,RJ,RS,1,2018
6428,31,Santos,24,10,70%,531,86%,15,2,0,2,12,2018-10-27,16:29,Santos,Fluminense,4-3-3,4-3-1-2,Santos,3,0,SP,RJ,3,2018
6428,31,Fluminense,8,1,30%,240,65%,17,3,0,1,2,2018-10-27,16:29,Santos,Fluminense,4-3-3,4-3-1-2,Santos,3,0,SP,RJ,0,2018
6429,31,Sport,8,4,31%,293,71%,16,2,0,0,0,2018-10-27,16:30,Gremio,Sport,4-2-3-1,4-2-3-1,Sport,3,4,RS,PE,3,2018
6429,31,Gremio,17,4,69%,617,86%,10,2,0,0,10,2018-10-27,16:30,Gremio,Sport,4-2-3-1,4-2-3-1,Sport,3,4,RS,PE,0,2018
6431,31,Chapecoense,10,5,40%,317,76%,12,3,0,1,4,2018-10-27,19:00,Chapecoense,America-MG,4-1-4-1,4-2-3-1,Chapecoense,1,0,SC,MG,3,2018
6431,31,America-MG,8,2,60%,486,80%,24,4,0,1,4,2018-10-27,19:00,Chapecoense,America-MG,4-1-4-1,4-2-3-1,Chapecoense,1,0,SC,MG,0,2018
6432,31,Palmeiras,8,3,29%,210,61%,17,5,0,2,4,2018-10-27,19:00,Flamengo,Palmeiras,4-2-3-1,4-2-3-1,-,1,1,RJ,SP,1,2018
6432,31,Flamengo,22,4,71%,496,82%,19,2,0,0,15,2018-10-27,19:00,Flamengo,Palmeiras,4-2-3-1,4-2-3-1,-,1,1,RJ,SP,1,2018
6430,31,Corinthians,14,3,55%,429,80%,11,3,0,2,5,2018-10-27,19:01,Corinthians,Bahia,4-2-3-1,4-2-3-1,Corinthians,2,1,SP,BA,3,2018
6430,31,Bahia,11,2,45%,363,77%,15,3,0,0,5,2018-10-27,19:01,Corinthians,Bahia,4-2-3-1,4-2-3-1,Corinthians,2,1,SP,BA,0,2018
6434,31,Botafogo-RJ,9,4,30%,242,73%,30,5,0,1,2,2018-10-27,19:59,Athletico-PR,Botafogo-RJ,4-2-3-1,4-2-3-1,Athletico-PR,2,1,PR,RJ,0,2018
6434,31,Athletico-PR,16,7,70%,565,87%,19,2,0,1,5,2018-10-27,19:59,Athletico-PR,Botafogo-RJ,4-2-3-1,4-2-3-1,Athletico-PR,2,1,PR,RJ,3,2018
6433,31,Cruzeiro,13,5,61%,600,88%,13,0,0,3,9,2018-10-27,20:59,Cruzeiro,Parana,4-2-3-1,4-3-3,Cruzeiro,3,1,MG,PR,3,2018
6433,31,Parana,5,0,39%,400,85%,18,2,0,1,0,2018-10-27,20:59,Cruzeiro,Parana,4-2-3-1,4-3-3,Cruzeiro,3,1,MG,PR,0,2018
6435,31,Atletico-MG,14,3,63%,494,87%,21,4,0,3,6,2018-10-29,20:01,Ceara,Atletico-MG,4-2-3-1,4-2-3-1,Ceara,2,1,CE,MG,0,2018
6435,31,Ceara,11,5,37%,288,75%,13,2,0,2,3,2018-10-29,20:01,Ceara,Atletico-MG,4-2-3-1,4-2-3-1,Ceara,2,1,CE,MG,3,2018
6436,32,Fluminense,23,5,67%,534,85%,14,2,1,1,9,2018-11-03,17:00,Fluminense,Vasco,3-4-1-2,4-2-3-1,Vasco,0,1,RJ,RJ,0,2018
6436,32,Vasco,10,4,33%,273,72%,12,3,0,2,2,2018-11-03,17:00,Fluminense,Vasco,3-4-1-2,4-2-3-1,Vasco,0,1,RJ,RJ,3,2018
6437,32,Gremio,13,7,44%,398,77%,12,1,0,4,3,2018-11-03,17:00,Atletico-MG,Gremio,4-3-3,4-2-3-1,Gremio,0,1,MG,RS,3,2018
6437,32,Atletico-MG,17,2,56%,484,83%,12,4,0,0,8,2018-11-03,17:00,Atletico-MG,Gremio,4-3-3,4-2-3-1,Gremio,0,1,MG,RS,0,2018
6438,32,Palmeiras,11,5,39%,309,77%,26,3,0,0,3,2018-11-03,18:59,Palmeiras,Santos,4-2-3-1,4-3-3,Palmeiras,3,2,SP,SP,3,2018
6438,32,Santos,6,5,61%,473,86%,23,4,1,0,5,2018-11-03,18:59,Palmeiras,Santos,4-2-3-1,4-3-3,Palmeiras,3,2,SP,SP,0,2018
6442,32,Corinthians,9,5,61%,439,79%,19,2,0,1,3,2018-11-04,16:59,Botafogo-RJ,Corinthians,4-2-3-1,4-2-3-1,Botafogo-RJ,1,0,RJ,SP,0,2018
6442,32,Botafogo-RJ,18,6,39%,288,74%,25,1,0,0,5,2018-11-04,16:59,Botafogo-RJ,Corinthians,4-2-3-1,4-2-3-1,Botafogo-RJ,1,0,RJ,SP,3,2018
6439,32,America-MG,16,5,55%,506,83%,18,3,0,0,8,2018-11-04,17:00,America-MG,Cruzeiro,4-2-3-1,4-2-3-1,Cruzeiro,1,2,MG,MG,0,2018
6439,32,Cruzeiro,10,3,45%,439,81%,8,1,0,1,2,2018-11-04,17:00,America-MG,Cruzeiro,4-2-3-1,4-2-3-1,Cruzeiro,1,2,MG,MG,3,2018
6441,32,Flamengo,20,8,63%,470,80%,13,1,0,0,7,2018-11-04,17:00,Sao Paulo,Flamengo,3-1-4-2,4-2-3-1,-,2,2,SP,RJ,1,2018
6441,32,Sao Paulo,7,3,37%,290,71%,17,2,0,1,8,2018-11-04,17:00,Sao Paulo,Flamengo,3-1-4-2,4-2-3-1,-,2,2,SP,RJ,1,2018
6440,32,Vitoria,14,4,55%,368,75%,19,4,1,2,5,2018-11-04,17:01,Parana,Vitoria,4-1-4-1,4-1-4-1,-,1,1,PR,BA,1,2018
6440,32,Parana,5,1,45%,316,72%,19,3,0,0,2,2018-11-04,17:01,Parana,Vitoria,4-1-4-1,4-1-4-1,-,1,1,PR,BA,1,2018
6443,32,Athletico-PR,9,4,37%,318,78%,20,3,0,1,5,2018-11-04,18:59,Internacional,Athletico-PR,4-1-4-1,4-2-3-1,Internacional,2,1,RS,PR,0,2018
6443,32,Internacional,12,5,63%,512,84%,9,2,0,1,11,2018-11-04,18:59,Internacional,Athletico-PR,4-1-4-1,4-2-3-1,Internacional,2,1,RS,PR,3,2018
6444,32,Bahia,15,6,60%,410,79%,15,1,0,1,5,2018-11-04,19:00,Bahia,Chapecoense,4-2-3-1,4-2-3-1,Bahia,1,0,BA,SC,3,2018
6444,32,Chapecoense,8,2,40%,279,71%,22,1,0,5,3,2018-11-04,19:00,Bahia,Chapecoense,4-2-3-1,4-2-3-1,Bahia,1,0,BA,SC,0,2018
6445,32,Ceara,13,2,48%,419,78%,16,3,0,1,3,2018-11-05,20:01,Sport,Ceara,4-2-3-1,4-2-3-1,Sport,1,0,PE,CE,0,2018
6445,32,Sport,9,4,52%,427,75%,13,3,0,1,8,2018-11-05,20:01,Sport,Ceara,4-2-3-1,4-2-3-1,Sport,1,0,PE,CE,3,2018
6446,33,Parana,8,2,35%,277,66%,10,1,1,1,6,2018-11-10,17:00,America-MG,Parana,4-2-3-1,4-1-4-1,Parana,0,1,MG,PR,3,2018
6446,33,America-MG,17,1,65%,508,83%,10,2,1,8,13,2018-11-10,17:00,America-MG,Parana,4-2-3-1,4-1-4-1,Parana,0,1,MG,PR,0,2018
6447,33,Sao Paulo,10,2,53%,397,81%,18,3,0,4,2,2018-11-10,17:02,Corinthians,Sao Paulo,4-1-4-1,3-1-4-2,-,1,1,SP,SP,1,2018
6447,33,Corinthians,15,5,47%,346,75%,10,0,1,1,7,2018-11-10,17:02,Corinthians,Sao Paulo,4-1-4-1,3-1-4-2,-,1,1,SP,SP,1,2018
6448,33,Botafogo-RJ,13,4,34%,258,68%,30,4,0,4,4,2018-11-10,19:00,Botafogo-RJ,Flamengo,4-2-3-1,4-1-4-1,Botafogo-RJ,2,1,RJ,RJ,3,2018
6448,33,Flamengo,13,4,66%,501,81%,16,6,0,2,3,2018-11-10,19:00,Botafogo-RJ,Flamengo,4-2-3-1,4-1-4-1,Botafogo-RJ,2,1,RJ,RJ,0,2018
6449,33,Cruzeiro,12,3,56%,550,86%,14,7,0,1,3,2018-11-10,19:01,Athletico-PR,Cruzeiro,4-2-3-1,4-2-3-1,Athletico-PR,2,0,PR,MG,0,2018
6449,33,Athletico-PR,10,3,44%,445,82%,17,4,0,0,4,2018-11-10,19:01,Athletico-PR,Cruzeiro,4-2-3-1,4-2-3-1,Athletico-PR,2,0,PR,MG,3,2018
6450,33,Vitoria,8,3,51%,332,72%,18,3,0,3,4,2018-11-11,16:59,Vitoria,Bahia,4-2-3-1,4-2-3-1,-,2,2,BA,BA,1,2018
6450,33,Bahia,16,2,49%,326,70%,25,4,0,3,5,2018-11-11,16:59,Vitoria,Bahia,4-2-3-1,4-2-3-1,-,2,2,BA,BA,1,2018
6452,33,Palmeiras,7,3,44%,346,73%,14,2,0,4,4,2018-11-11,17:00,Atletico-MG,Palmeiras,4-2-3-1,4-3-3,-,1,1,MG,SP,1,2018
6452,33,Atletico-MG,18,8,56%,430,78%,22,3,0,0,6,2018-11-11,17:00,Atletico-MG,Palmeiras,4-2-3-1,4-3-3,-,1,1,MG,SP,1,2018
6453,33,Vasco,6,2,29%,256,71%,17,4,0,0,2,2018-11-11,17:00,Gremio,Vasco,4-2-3-1,4-2-3-1,Gremio,2,1,RS,RJ,0,2018
6453,33,Gremio,19,4,71%,611,89%,12,2,0,1,7,2018-11-11,17:00,Gremio,Vasco,4-2-3-1,4-2-3-1,Gremio,2,1,RS,RJ,3,2018
6451,33,Internacional,5,4,60%,515,84%,15,5,0,1,5,2018-11-11,17:01,Ceara,Internacional,4-2-3-1,4-4-1-1,-,1,1,CE,RS,1,2018
6451,33,Ceara,21,5,40%,330,82%,11,2,0,2,6,2018-11-11,17:01,Ceara,Internacional,4-2-3-1,4-4-1-1,-,1,1,CE,RS,1,2018
6454,33,Sport,3,0,39%,345,72%,16,2,0,2,5,2018-11-11,18:59,Fluminense,Sport,4-2-3-1,4-2-3-1,-,0,0,RJ,PE,1,2018
6454,33,Fluminense,16,7,61%,542,84%,18,0,0,3,4,2018-11-11,18:59,Fluminense,Sport,4-2-3-1,4-2-3-1,-,0,0,RJ,PE,1,2018
6455,33,Chapecoense,7,3,36%,262,61%,24,1,0,4,4,2018-11-12,20:00,Santos,Chapecoense,4-3-3,4-2-3-1,Chapecoense,0,1,SP,SC,3,2018
6455,33,Santos,19,2,64%,447,78%,15,2,0,3,5,2018-11-12,20:00,Santos,Chapecoense,4-3-3,4-2-3-1,Chapecoense,0,1,SP,SC,0,2018
6456,34,Athletico-PR,17,5,55%,461,83%,9,0,0,4,7,2018-11-14,19:30,Vasco,Athletico-PR,4-2-3-1,4-2-3-1,-,1,1,RJ,PR,1,2018
6456,34,Vasco,15,8,45%,396,83%,13,1,0,0,5,2018-11-14,19:30,Vasco,Athletico-PR,4-2-3-1,4-2-3-1,-,1,1,RJ,PR,1,2018
6457,34,Ceara,7,3,38%,341,78%,15,3,0,1,0,2018-11-14,21:00,Bahia,Ceara,4-2-3-1,4-2-3-1,Bahia,2,1,BA,CE,0,2018
6457,34,Bahia,23,11,62%,539,85%,11,2,0,0,10,2018-11-14,21:00,Bahia,Ceara,4-2-3-1,4-2-3-1,Bahia,2,1,BA,CE,3,2018
6458,34,Parana,5,1,24%,212,66%,19,3,2,0,0,2018-11-14,21:00,Parana,Atletico-MG,4-2-3-1,4-2-3-1,Atletico-MG,0,1,PR,MG,0,2018
6458,34,Atletico-MG,11,4,76%,672,90%,14,3,0,2,5,2018-11-14,21:00,Parana,Atletico-MG,4-2-3-1,4-2-3-1,Atletico-MG,0,1,PR,MG,3,2018
6459,34,Vitoria,14,6,45%,312,74%,17,4,0,3,8,2018-11-14,21:45,Sport,Vitoria,4-2-3-1,4-1-4-1,-,0,0,PE,BA,1,2018
6459,34,Sport,14,2,55%,392,74%,21,4,0,2,7,2018-11-14,21:45,Sport,Vitoria,4-2-3-1,4-1-4-1,-,0,0,PE,BA,1,2018
6460,34,Fluminense,5,2,53%,354,80%,24,4,1,3,4,2018-11-14,21:45,Palmeiras,Fluminense,4-2-3-1,4-2-3-1,Palmeiras,3,0,SP,RJ,0,2018
6460,34,Palmeiras,18,7,47%,318,76%,20,6,0,2,6,2018-11-14,21:45,Palmeiras,Fluminense,4-2-3-1,4-2-3-1,Palmeiras,3,0,SP,RJ,3,2018
6461,34,Cruzeiro,13,5,47%,458,84%,13,2,0,1,6,2018-11-14,21:45,Cruzeiro,Corinthians,4-4-2,4-2-3-1,Cruzeiro,1,0,MG,SP,3,2018
6461,34,Corinthians,14,5,53%,513,87%,6,1,1,1,10,2018-11-14,21:45,Cruzeiro,Corinthians,4-4-2,4-2-3-1,Cruzeiro,1,0,MG,SP,0,2018
6462,34,Botafogo-RJ,10,4,49%,364,71%,14,2,0,1,5,2018-11-15,17:00,Chapecoense,Botafogo-RJ,4-2-3-1,4-2-3-1,Botafogo-RJ,0,1,SC,RJ,3,2018
6462,34,Chapecoense,18,4,51%,349,72%,12,1,0,1,10,2018-11-15,17:00,Chapecoense,Botafogo-RJ,4-2-3-1,4-2-3-1,Botafogo-RJ,0,1,SC,RJ,0,2018
6463,34,Flamengo,20,4,56%,440,84%,22,3,0,0,8,2018-11-15,17:00,Flamengo,Santos,4-2-3-1,4-2-3-1,Flamengo,1,0,RJ,SP,3,2018
6463,34,Santos,11,4,44%,359,80%,18,5,0,0,2,2018-11-15,17:00,Flamengo,Santos,4-2-3-1,4-2-3-1,Flamengo,1,0,RJ,SP,0,2018
6464,34,Gremio,6,2,41%,359,76%,13,2,0,0,3,2018-11-15,18:59,Sao Paulo,Gremio,4-2-3-1,4-2-3-1,-,1,1,SP,RS,1,2018
6464,34,Sao Paulo,15,5,59%,489,82%,14,1,0,2,2,2018-11-15,18:59,Sao Paulo,Gremio,4-2-3-1,4-2-3-1,-,1,1,SP,RS,1,2018
6465,34,Internacional,12,5,46%,409,83%,19,1,0,2,7,2018-11-15,21:00,Internacional,America-MG,4-1-4-1,4-2-3-1,Internacional,2,0,RS,MG,3,2018
6465,34,America-MG,10,2,54%,458,85%,20,2,0,2,4,2018-11-15,21:00,Internacional,America-MG,4-1-4-1,4-2-3-1,Internacional,2,0,RS,MG,0,2018
6466,35,Vasco,16,3,57%,442,74%,14,2,0,1,9,2018-11-17,18:59,Corinthians,Vasco,4-2-3-1,4-2-3-1,Corinthians,1,0,SP,RJ,0,2018
6466,35,Corinthians,12,2,43%,339,71%,22,2,0,3,5,2018-11-17,18:59,Corinthians,Vasco,4-2-3-1,4-2-3-1,Corinthians,1,0,SP,RJ,3,2018
6467,35,Vitoria,11,2,52%,427,87%,15,2,1,0,3,2018-11-17,18:59,Vitoria,Athletico-PR,4-3-3,4-2-3-1,Athletico-PR,1,2,BA,PR,0,2018
6467,35,Athletico-PR,17,6,48%,410,84%,23,3,0,4,4,2018-11-17,18:59,Vitoria,Athletico-PR,4-3-3,4-2-3-1,Athletico-PR,1,2,BA,PR,3,2018
6468,35,Bahia,8,2,51%,386,79%,24,3,0,2,4,2018-11-17,21:00,Atletico-MG,Bahia,4-2-3-1,4-2-3-1,Atletico-MG,1,0,MG,BA,0,2018
6468,35,Atletico-MG,12,4,49%,376,75%,16,2,1,3,10,2018-11-17,21:00,Atletico-MG,Bahia,4-2-3-1,4-2-3-1,Atletico-MG,1,0,MG,BA,3,2018
6469,35,Palmeiras,22,7,66%,493,80%,8,2,0,5,11,2018-11-18,17:00,Parana,Palmeiras,4-2-3-1,4-1-4-1,-,1,1,PR,SP,1,2018
6469,35,Parana,9,3,34%,266,62%,22,4,0,0,4,2018-11-18,17:00,Parana,Palmeiras,4-2-3-1,4-1-4-1,-,1,1,PR,SP,1,2018
6470,35,Santos,8,3,52%,444,83%,14,1,0,2,6,2018-11-18,17:01,America-MG,Santos,4-2-3-1,4-2-3-1,America-MG,2,1,MG,SP,0,2018
6470,35,America-MG,16,7,48%,420,80%,20,6,0,1,4,2018-11-18,17:01,America-MG,Santos,4-2-3-1,4-2-3-1,America-MG,2,1,MG,SP,3,2018
6471,35,Flamengo,13,5,41%,321,71%,13,0,1,0,8,2018-11-18,17:01,Sport,Flamengo,4-2-3-1,4-2-3-1,Flamengo,0,1,PE,RJ,3,2018
6471,35,Sport,13,2,59%,438,81%,9,1,0,3,6,2018-11-18,17:01,Sport,Flamengo,4-2-3-1,4-2-3-1,Flamengo,0,1,PE,RJ,0,2018
6472,35,Botafogo-RJ,12,4,40%,333,74%,13,2,0,1,1,2018-11-18,17:01,Botafogo-RJ,Internacional,4-2-3-1,4-1-4-1,Botafogo-RJ,1,0,RJ,RS,3,2018
6472,35,Internacional,5,1,60%,472,83%,18,3,2,3,9,2018-11-18,17:01,Botafogo-RJ,Internacional,4-2-3-1,4-1-4-1,Botafogo-RJ,1,0,RJ,RS,0,2018
6473,35,Cruzeiro,7,0,49%,427,79%,17,2,0,3,1,2018-11-18,19:00,Sao Paulo,Cruzeiro,4-2-3-1,4-2-3-1,Sao Paulo,1,0,SP,MG,0,2018
6473,35,Sao Paulo,8,3,51%,441,79%,14,2,0,4,3,2018-11-18,19:00,Sao Paulo,Cruzeiro,4-2-3-1,4-2-3-1,Sao Paulo,1,0,SP,MG,3,2018
6474,35,Chapecoense,10,3,35%,285,75%,21,2,0,0,2,2018-11-18,19:00,Gremio,Chapecoense,4-2-3-1,4-2-3-1,Gremio,2,0,RS,SC,0,2018
6474,35,Gremio,16,11,65%,544,88%,12,2,0,3,4,2018-11-18,19:00,Gremio,Chapecoense,4-2-3-1,4-2-3-1,Gremio,2,0,RS,SC,3,2018
6475,35,Fluminense,14,2,58%,415,80%,16,4,0,5,2,2018-11-19,20:00,Fluminense,Ceara,4-2-3-1,4-2-2-2,-,0,0,RJ,CE,1,2018
6475,35,Ceara,13,4,42%,293,68%,24,3,0,1,4,2018-11-19,20:00,Fluminense,Ceara,4-2-3-1,4-2-2-2,-,0,0,RJ,CE,1,2018
6476,36,Internacional,15,3,55%,485,76%,10,1,0,2,11,2018-11-21,19:30,Internacional,Atletico-MG,4-2-3-1,4-2-3-1,Atletico-MG,1,2,RS,MG,0,2018
6476,36,Atletico-MG,12,2,45%,422,75%,17,2,0,0,4,2018-11-21,19:30,Internacional,Atletico-MG,4-2-3-1,4-2-3-1,Atletico-MG,1,2,RS,MG,3,2018
6477,36,Botafogo-RJ,16,3,48%,419,84%,16,2,0,1,5,2018-11-21,21:00,Santos,Botafogo-RJ,4-2-3-1,4-2-3-1,-,1,1,SP,RJ,1,2018
6477,36,Santos,19,6,52%,437,85%,19,2,0,0,9,2018-11-21,21:00,Santos,Botafogo-RJ,4-2-3-1,4-2-3-1,-,1,1,SP,RJ,1,2018
6478,36,Athletico-PR,18,7,49%,428,82%,18,2,0,1,8,2018-11-21,21:45,Athletico-PR,Corinthians,4-2-3-1,4-2-3-1,Athletico-PR,1,0,PR,SP,3,2018
6478,36,Corinthians,10,1,51%,444,82%,14,4,0,0,5,2018-11-21,21:45,Athletico-PR,Corinthians,4-2-3-1,4-2-3-1,Athletico-PR,1,0,PR,SP,0,2018
6480,36,Gremio,16,4,57%,527,85%,14,3,0,0,4,2018-11-21,21:45,Flamengo,Gremio,4-2-3-1,4-2-3-1,Flamengo,2,0,RJ,RS,0,2018
6480,36,Flamengo,18,7,43%,387,82%,17,2,0,0,9,2018-11-21,21:45,Flamengo,Gremio,4-2-3-1,4-2-3-1,Flamengo,2,0,RJ,RS,3,2018
6481,36,Cruzeiro,13,7,54%,470,86%,18,2,0,2,6,2018-11-21,21:45,Cruzeiro,Vitoria,4-2-3-1,4-1-4-1,Cruzeiro,3,0,MG,BA,3,2018
6481,36,Vitoria,16,1,46%,409,88%,15,1,0,4,8,2018-11-21,21:45,Cruzeiro,Vitoria,4-2-3-1,4-1-4-1,Cruzeiro,3,0,MG,BA,0,2018
6479,36,America-MG,1,1,52%,370,76%,20,6,0,0,2,2018-11-21,21:46,Palmeiras,America-MG,4-2-3-1,4-2-3-1,Palmeiras,4,0,SP,MG,0,2018
6479,36,Palmeiras,24,9,48%,339,78%,13,0,0,3,9,2018-11-21,21:46,Palmeiras,America-MG,4-2-3-1,4-2-3-1,Palmeiras,4,0,SP,MG,3,2018
6482,36,Vasco,8,2,35%,246,73%,19,2,0,1,3,2018-11-22,20:00,Vasco,Sao Paulo,4-2-3-1,4-2-3-1,Vasco,2,0,RJ,SP,3,2018
6482,36,Sao Paulo,10,2,65%,445,84%,22,4,0,2,7,2018-11-22,20:00,Vasco,Sao Paulo,4-2-3-1,4-2-3-1,Vasco,2,0,RJ,SP,0,2018
6485,36,Sport,13,6,64%,502,78%,13,1,0,1,6,2018-11-22,21:00,Chapecoense,Sport,4-1-3-2,4-2-3-1,Chapecoense,2,1,SC,PE,0,2018
6485,36,Chapecoense,18,8,36%,283,69%,22,2,0,1,7,2018-11-22,21:00,Chapecoense,Sport,4-1-3-2,4-2-3-1,Chapecoense,2,1,SC,PE,3,2018
6483,36,Ceara,17,6,59%,450,80%,17,2,0,2,7,2018-11-22,21:01,Ceara,Parana,4-2-3-1,4-4-2,Ceara,1,0,CE,PR,3,2018
6483,36,Parana,5,0,41%,302,74%,12,1,0,1,6,2018-11-22,21:01,Ceara,Parana,4-2-3-1,4-4-2,Ceara,1,0,CE,PR,0,2018
6484,36,Fluminense,6,1,44%,390,77%,9,1,0,2,1,2018-11-22,21:01,Bahia,Fluminense,4-2-3-1,3-4-2-1,Bahia,2,0,BA,RJ,0,2018
6484,36,Bahia,13,7,56%,478,81%,23,2,0,1,3,2018-11-22,21:01,Bahia,Fluminense,4-2-3-1,3-4-2-1,Bahia,2,0,BA,RJ,3,2018
6486,37,Santos,21,9,41%,354,78%,19,4,1,0,9,2018-11-24,20:01,Santos,Atletico-MG,4-4-2,4-2-3-1,Santos,3,2,SP,MG,3,2018
6486,37,Atletico-MG,16,4,59%,508,87%,15,1,0,0,8,2018-11-24,20:01,Santos,Atletico-MG,4-4-2,4-2-3-1,Santos,3,2,SP,MG,0,2018
6488,37,Flamengo,9,5,44%,429,79%,9,3,0,0,6,2018-11-25,17:00,Cruzeiro,Flamengo,4-2-3-1,4-2-3-1,Flamengo,0,2,MG,RJ,3,2018
6488,37,Cruzeiro,24,7,56%,540,87%,10,6,0,0,8,2018-11-25,17:00,Cruzeiro,Flamengo,4-2-3-1,4-2-3-1,Flamengo,0,2,MG,RJ,0,2018
6487,37,Ceara,13,5,35%,285,72%,18,4,0,2,4,2018-11-25,17:01,Athletico-PR,Ceara,4-2-3-1,5-4-1,-,2,2,PR,CE,1,2018
6487,37,Athletico-PR,17,3,65%,530,88%,19,3,0,5,10,2018-11-25,17:01,Athletico-PR,Ceara,4-2-3-1,5-4-1,-,2,2,PR,CE,1,2018
6489,37,Gremio,19,7,61%,544,85%,20,4,0,1,9,2018-11-25,17:01,Vitoria,Gremio,4-1-4-1,4-2-3-1,-,0,0,BA,RS,1,2018
6489,37,Vitoria,13,3,39%,347,81%,15,2,0,0,7,2018-11-25,17:01,Vitoria,Gremio,4-1-4-1,4-2-3-1,-,0,0,BA,RS,1,2018
6490,37,Vasco,9,3,49%,394,78%,17,4,1,0,5,2018-11-25,17:01,Vasco,Palmeiras,4-2-3-1,4-2-3-1,Palmeiras,0,1,RJ,SP,0,2018
6490,37,Palmeiras,9,3,51%,387,78%,18,5,0,2,14,2018-11-25,17:01,Vasco,Palmeiras,4-2-3-1,4-2-3-1,Palmeiras,0,1,RJ,SP,3,2018
6491,37,Fluminense,10,3,37%,291,73%,17,1,1,1,4,2018-11-25,18:59,Internacional,Fluminense,4-1-4-1,4-3-3,Internacional,2,0,RS,RJ,0,2018
6491,37,Internacional,22,3,63%,477,81%,12,3,0,1,8,2018-11-25,18:59,Internacional,Fluminense,4-1-4-1,4-3-3,Internacional,2,0,RS,RJ,3,2018
6492,37,Bahia,15,3,53%,407,79%,21,1,1,2,4,2018-11-25,19:00,America-MG,Bahia,4-2-3-1,4-2-3-1,America-MG,1,0,MG,BA,0,2018
6492,37,America-MG,10,3,47%,382,74%,19,2,0,3,1,2018-11-25,19:00,America-MG,Bahia,4-2-3-1,4-2-3-1,America-MG,1,0,MG,BA,3,2018
6493,37,Corinthians,12,1,68%,581,84%,13,2,0,0,9,2018-11-25,19:01,Corinthians,Chapecoense,4-2-3-1,4-1-3-2,-,0,0,SP,SC,1,2018
6493,37,Chapecoense,14,2,32%,276,65%,13,1,0,1,4,2018-11-25,19:01,Corinthians,Chapecoense,4-2-3-1,4-1-3-2,-,0,0,SP,SC,1,2018
6494,37,Botafogo-RJ,14,5,57%,475,84%,13,1,0,4,5,2018-11-26,20:00,Botafogo-RJ,Parana,4-2-3-1,4-4-2,Botafogo-RJ,2,1,RJ,PR,3,2018
6494,37,Parana,10,4,43%,359,77%,16,3,0,2,4,2018-11-26,20:00,Botafogo-RJ,Parana,4-2-3-1,4-4-2,Botafogo-RJ,2,1,RJ,PR,0,2018
6495,37,Sao Paulo,18,7,69%,514,85%,14,2,0,7,7,2018-11-26,20:01,Sao Paulo,Sport,4-2-3-1,4-2-3-1,-,0,0,SP,PE,1,2018
6495,37,Sport,8,3,31%,237,63%,21,3,1,1,5,2018-11-26,20:01,Sao Paulo,Sport,4-2-3-1,4-2-3-1,-,0,0,SP,PE,1,2018
6496,38,Athletico-PR,11,3,45%,386,81%,17,1,1,0,1,2018-12-01,19:00,Flamengo,Athletico-PR,4-2-3-1,4-2-3-1,Athletico-PR,1,2,RJ,PR,3,2018
6496,38,Flamengo,16,5,55%,445,83%,17,3,1,1,6,2018-12-01,19:00,Flamengo,Athletico-PR,4-2-3-1,4-2-3-1,Athletico-PR,1,2,RJ,PR,0,2018
6497,38,Atletico-MG,13,4,48%,379,79%,15,4,0,0,5,2018-12-01,19:00,Atletico-MG,Botafogo-RJ,4-2-3-1,4-2-3-1,Atletico-MG,1,0,MG,RJ,3,2018
6497,38,Botafogo-RJ,10,1,52%,397,80%,17,3,0,2,10,2018-12-01,19:00,Atletico-MG,Botafogo-RJ,4-2-3-1,4-2-3-1,Atletico-MG,1,0,MG,RJ,0,2018
6500,38,Cruzeiro,17,3,54%,394,78%,15,1,0,3,8,2018-12-02,17:00,Bahia,Cruzeiro,4-2-3-1,4-2-3-1,-,0,0,BA,MG,1,2018
6500,38,Bahia,13,0,46%,341,71%,18,4,0,0,7,2018-12-02,17:00,Bahia,Cruzeiro,4-2-3-1,4-2-3-1,-,0,0,BA,MG,1,2018
6502,38,Internacional,8,1,58%,458,78%,15,2,0,3,6,2018-12-02,17:00,Parana,Internacional,4-4-2,4-2-3-1,-,1,1,PR,RS,1,2018
6502,38,Parana,16,4,42%,339,74%,14,1,1,2,5,2018-12-02,17:00,Parana,Internacional,4-4-2,4-2-3-1,-,1,1,PR,RS,1,2018
6505,38,Palmeiras,25,8,59%,457,86%,11,2,0,3,10,2018-12-02,17:00,Palmeiras,Vitoria,4-2-3-1,4-1-4-1,Palmeiras,3,2,SP,BA,3,2018
6505,38,Vitoria,16,3,41%,334,81%,6,2,0,0,2,2018-12-02,17:00,Palmeiras,Vitoria,4-2-3-1,4-1-4-1,Palmeiras,3,2,SP,BA,0,2018
6498,38,Ceara,13,1,56%,485,81%,17,2,1,1,6,2018-12-02,17:04,Ceara,Vasco,4-2-3-1,4-2-3-1,-,0,0,CE,RJ,1,2018
6498,38,Vasco,8,1,44%,390,79%,11,2,0,4,3,2018-12-02,17:04,Ceara,Vasco,4-2-3-1,4-2-3-1,-,0,0,CE,RJ,1,2018
6499,38,Gremio,10,3,53%,560,87%,11,2,0,1,7,2018-12-02,17:04,Gremio,Corinthians,4-2-3-1,4-2-3-1,Gremio,1,0,RS,SP,3,2018
6499,38,Corinthians,3,1,47%,507,85%,15,4,0,0,5,2018-12-02,17:04,Gremio,Corinthians,4-2-3-1,4-2-3-1,Gremio,1,0,RS,SP,0,2018
6501,38,Sport,8,3,49%,420,83%,21,3,0,5,1,2018-12-02,17:04,Sport,Santos,4-2-3-1,4-2-3-1,Sport,2,1,PE,SP,3,2018
6501,38,Santos,12,3,51%,443,82%,21,1,0,0,1,2018-12-02,17:04,Sport,Santos,4-2-3-1,4-2-3-1,Sport,2,1,PE,SP,0,2018
6503,38,America-MG,22,6,58%,400,77%,19,2,0,0,8,2018-12-02,17:04,Fluminense,America-MG,4-1-4-1,4-2-3-1,Fluminense,1,0,RJ,MG,0,2018
6503,38,Fluminense,11,4,42%,300,67%,15,5,0,3,4,2018-12-02,17:04,Fluminense,America-MG,4-1-4-1,4-2-3-1,Fluminense,1,0,RJ,MG,3,2018
6504,38,Sao Paulo,7,1,54%,432,79%,23,3,0,3,1,2018-12-02,17:04,Chapecoense,Sao Paulo,4-2-2-2,4-2-3-1,Chapecoense,1,0,SC,SP,0,2018
6504,38,Chapecoense,10,1,46%,354,71%,11,0,0,2,5,2018-12-02,17:04,Chapecoense,Sao Paulo,4-2-2-2,4-2-3-1,Chapecoense,1,0,SC,SP,3,2018
6506,1,Sao Paulo,7,4,28%,269,75%,23,0,0,2,3,2019-04-27,16:02,Sao Paulo,Botafogo-RJ,4-2-3-1,4-1-4-1,Sao Paulo,2,0,SP,RJ,3,2019
6506,1,Botafogo-RJ,11,2,72%,702,89%,7,4,0,1,2,2019-04-27,16:02,Sao Paulo,Botafogo-RJ,4-2-3-1,4-1-4-1,Sao Paulo,2,0,SP,RJ,0,2019
6507,1,Avai,6,1,40%,362,79%,18,1,0,1,4,2019-04-27,19:00,Atletico-MG,Avai,4-2-3-1,4-1-4-1,Atletico-MG,2,1,MG,SC,0,2019
6507,1,Atletico-MG,11,3,60%,549,86%,12,0,0,0,4,2019-04-27,19:00,Atletico-MG,Avai,4-2-3-1,4-1-4-1,Atletico-MG,2,1,MG,SC,3,2019
6508,1,Chapecoense,12,7,43%,392,77%,15,1,0,0,3,2019-04-27,19:01,Chapecoense,Internacional,4-2-3-1,4-3-3,Chapecoense,2,0,SC,RS,3,2019
6508,1,Internacional,20,7,57%,511,81%,11,1,0,2,5,2019-04-27,19:01,Chapecoense,Internacional,4-2-3-1,4-3-3,Chapecoense,2,0,SC,RS,0,2019
6509,1,Flamengo,17,5,58%,526,85%,13,4,0,0,6,2019-04-27,21:00,Flamengo,Cruzeiro,4-2-3-1,4-2-3-1,Flamengo,3,1,RJ,MG,3,2019
6509,1,Cruzeiro,2,1,42%,396,79%,17,4,1,1,2,2019-04-27,21:00,Flamengo,Cruzeiro,4-2-3-1,4-2-3-1,Flamengo,3,1,RJ,MG,0,2019
6510,1,Gremio,26,11,65%,607,82%,12,3,0,2,12,2019-04-28,11:03,Gremio,Santos,4-2-3-1,3-4-1-2,Santos,1,2,RS,SP,0,2019
6510,1,Santos,8,5,35%,335,71%,18,4,1,1,2,2019-04-28,11:03,Gremio,Santos,4-2-3-1,3-4-1-2,Santos,1,2,RS,SP,3,2019
6513,1,Ceara,16,8,55%,497,87%,15,0,0,2,3,2019-04-28,16:00,Ceara,CSA,4-2-3-1,4-2-3-1,Ceara,4,0,CE,AL,3,2019
6513,1,CSA,6,1,45%,416,81%,4,0,1,1,6,2019-04-28,16:00,Ceara,CSA,4-2-3-1,4-2-3-1,Ceara,4,0,CE,AL,0,2019
6511,1,Corinthians,9,3,57%,474,78%,5,4,0,0,4,2019-04-28,16:01,Bahia,Corinthians,4-2-3-1,4-1-4-1,Bahia,3,2,BA,SP,0,2019
6511,1,Bahia,15,6,43%,351,75%,17,1,0,1,4,2019-04-28,16:01,Bahia,Corinthians,4-2-3-1,4-1-4-1,Bahia,3,2,BA,SP,3,2019
6512,1,Vasco,14,5,43%,389,85%,19,1,0,1,0,2019-04-28,16:03,Athletico-PR,Vasco,4-2-3-1,3-5-2,Athletico-PR,4,1,PR,RJ,0,2019
6512,1,Athletico-PR,20,11,57%,510,87%,15,1,0,2,4,2019-04-28,16:03,Athletico-PR,Vasco,4-2-3-1,3-5-2,Athletico-PR,4,1,PR,RJ,3,2019
6514,1,Palmeiras,18,9,53%,379,79%,12,1,0,3,6,2019-04-28,19:00,Palmeiras,Fortaleza,4-2-3-1,4-4-2,Palmeiras,4,0,SP,CE,3,2019
6514,1,Fortaleza,8,5,47%,349,79%,16,2,0,1,1,2019-04-28,19:00,Palmeiras,Fortaleza,4-2-3-1,4-4-2,Palmeiras,4,0,SP,CE,0,2019
6515,1,Fluminense,15,3,72%,598,90%,14,4,0,1,5,2019-04-28,19:27,Fluminense,Goias,4-3-3,4-2-3-1,Goias,0,1,RJ,GO,0,2019
6515,1,Goias,8,2,28%,235,70%,9,1,0,0,5,2019-04-28,19:27,Fluminense,Goias,4-3-3,4-2-3-1,Goias,0,1,RJ,GO,3,2019
6517,2,CSA,0,0,,0,,0,0,0,0,0,2019-05-01,16:00,CSA,Palmeiras,4-2-3-1,4-2-3-1,-,1,1,AL,SP,1,2019
6517,2,Palmeiras,0,0,,0,,0,0,0,0,0,2019-05-01,16:00,CSA,Palmeiras,4-2-3-1,4-2-3-1,-,1,1,AL,SP,1,2019
6516,2,Internacional,17,7,45%,431,81%,8,3,0,1,4,2019-05-01,16:01,Internacional,Flamengo,4-3-3,4-2-3-1,Internacional,2,1,RS,RJ,3,2019
6516,2,Flamengo,11,5,55%,513,81%,9,2,0,3,5,2019-05-01,16:01,Internacional,Flamengo,4-3-3,4-2-3-1,Internacional,2,1,RS,RJ,0,2019
6518,2,Chapecoense,10,1,48%,403,78%,10,1,0,1,2,2019-05-01,16:01,Corinthians,Chapecoense,4-1-4-1,4-4-1-1,Corinthians,1,0,SP,SC,0,2019
6518,2,Corinthians,12,4,52%,424,81%,14,2,0,1,7,2019-05-01,16:01,Corinthians,Chapecoense,4-1-4-1,4-4-1-1,Corinthians,1,0,SP,SC,3,2019
6519,2,Ceara,14,4,41%,426,81%,12,0,0,2,3,2019-05-01,19:15,Cruzeiro,Ceara,4-2-3-1,4-2-3-1,Cruzeiro,1,0,MG,CE,0,2019
6519,2,Cruzeiro,11,4,59%,614,88%,10,1,0,1,2,2019-05-01,19:15,Cruzeiro,Ceara,4-2-3-1,4-2-3-1,Cruzeiro,1,0,MG,CE,3,2019
6520,2,Avai,13,3,43%,375,73%,15,4,0,0,11,2019-05-01,19:17,Avai,Gremio,5-3-2,4-2-3-1,-,1,1,SC,RS,1,2019
6520,2,Gremio,4,2,57%,504,79%,17,3,0,0,4,2019-05-01,19:17,Avai,Gremio,5-3-2,4-2-3-1,-,1,1,SC,RS,1,2019
6521,2,Sao Paulo,14,5,53%,433,86%,12,2,1,1,10,2019-05-01,21:31,Goias,Sao Paulo,4-2-3-1,4-2-3-1,Sao Paulo,1,2,GO,SP,3,2019
6521,2,Goias,13,2,47%,380,82%,15,3,0,0,5,2019-05-01,21:31,Goias,Sao Paulo,4-2-3-1,4-2-3-1,Sao Paulo,1,2,GO,SP,0,2019
6522,2,Atletico-MG,14,4,49%,466,82%,9,0,0,1,4,2019-05-01,21:31,Vasco,Atletico-MG,4-2-3-1,4-1-4-1,Atletico-MG,1,2,RJ,MG,3,2019
6522,2,Vasco,21,4,51%,461,83%,12,0,0,0,8,2019-05-01,21:31,Vasco,Atletico-MG,4-2-3-1,4-1-4-1,Atletico-MG,1,2,RJ,MG,0,2019
6523,2,Athletico-PR,10,4,64%,507,89%,19,3,0,0,7,2019-05-01,21:31,Fortaleza,Athletico-PR,4-2-2-2,4-2-3-1,Fortaleza,2,1,CE,PR,0,2019
6523,2,Fortaleza,18,5,36%,291,80%,12,3,0,1,2,2019-05-01,21:31,Fortaleza,Athletico-PR,4-2-2-2,4-2-3-1,Fortaleza,2,1,CE,PR,3,2019
6524,2,Santos,22,10,42%,377,81%,25,3,0,1,6,2019-05-02,19:15,Santos,Fluminense,4-3-3,4-3-3,Santos,2,1,SP,RJ,3,2019
6524,2,Fluminense,10,4,58%,517,85%,14,2,0,3,1,2019-05-02,19:15,Santos,Fluminense,4-3-3,4-3-3,Santos,2,1,SP,RJ,0,2019
6525,2,Bahia,19,4,47%,421,79%,15,0,0,4,6,2019-05-02,20:01,Botafogo-RJ,Bahia,4-1-4-1,4-2-3-1,Botafogo-RJ,3,2,RJ,BA,0,2019
6525,2,Botafogo-RJ,9,5,53%,482,80%,11,3,0,0,3,2019-05-02,20:01,Botafogo-RJ,Bahia,4-1-4-1,4-2-3-1,Botafogo-RJ,3,2,RJ,BA,3,2019
6527,3,Palmeiras,13,5,34%,255,72%,15,2,0,0,4,2019-05-04,19:00,Palmeiras,Internacional,4-2-3-1,4-3-3,Palmeiras,1,0,SP,RS,3,2019
6527,3,Internacional,10,2,66%,477,82%,18,5,0,0,5,2019-05-04,19:00,Palmeiras,Internacional,4-2-3-1,4-3-3,Palmeiras,1,0,SP,RS,0,2019
6526,3,Vasco,13,4,46%,342,80%,21,2,0,0,8,2019-05-04,19:01,Vasco,Corinthians,4-2-3-1,4-1-4-1,-,1,1,RJ,SP,1,2019
6526,3,Corinthians,11,2,54%,411,84%,8,1,0,0,2,2019-05-04,19:01,Vasco,Corinthians,4-2-3-1,4-1-4-1,-,1,1,RJ,SP,1,2019
6528,3,Ceara,9,3,46%,450,84%,12,0,0,1,6,2019-05-04,21:01,Ceara,Atletico-MG,4-2-3-1,4-2-3-1,Atletico-MG,1,2,CE,MG,0,2019
6528,3,Atletico-MG,15,6,54%,531,87%,7,1,0,1,4,2019-05-04,21:01,Ceara,Atletico-MG,4-2-3-1,4-2-3-1,Atletico-MG,1,2,CE,MG,3,2019
6529,3,Chapecoense,16,5,51%,384,85%,16,1,0,1,8,2019-05-05,12:03,Chapecoense,Athletico-PR,4-4-1-1,5-3-2,-,1,1,SC,PR,1,2019
6529,3,Athletico-PR,17,6,49%,399,85%,17,3,0,2,3,2019-05-05,12:03,Chapecoense,Athletico-PR,4-4-1-1,5-3-2,-,1,1,SC,PR,1,2019
6531,3,Fortaleza,14,3,43%,406,87%,16,2,0,1,4,2019-05-05,16:00,Botafogo-RJ,Fortaleza,4-1-4-1,4-4-2,Botafogo-RJ,1,0,RJ,CE,0,2019
6531,3,Botafogo-RJ,9,4,57%,539,89%,10,0,0,0,7,2019-05-05,16:00,Botafogo-RJ,Fortaleza,4-1-4-1,4-4-2,Botafogo-RJ,1,0,RJ,CE,3,2019
6532,3,CSA,10,3,28%,250,66%,11,1,0,1,2,2019-05-05,16:00,CSA,Santos,4-2-3-1,3-4-3,-,0,0,AL,SP,1,2019
6532,3,Santos,17,7,72%,632,85%,13,4,0,1,12,2019-05-05,16:00,CSA,Santos,4-2-3-1,3-4-3,-,0,0,AL,SP,1,2019
6533,3,Cruzeiro,20,6,61%,519,87%,14,1,0,1,5,2019-05-05,16:00,Cruzeiro,Goias,4-2-3-1,4-2-3-1,Cruzeiro,2,1,MG,GO,3,2019
6533,3,Goias,13,4,39%,333,80%,10,1,1,1,4,2019-05-05,16:00,Cruzeiro,Goias,4-2-3-1,4-2-3-1,Cruzeiro,2,1,MG,GO,0,2019
6530,3,Flamengo,9,1,35%,259,71%,15,7,0,2,2,2019-05-05,16:01,Sao Paulo,Flamengo,4-3-3,4-1-4-1,-,1,1,SP,RJ,1,2019
6530,3,Sao Paulo,22,11,65%,456,87%,16,1,0,0,6,2019-05-05,16:01,Sao Paulo,Flamengo,4-3-3,4-1-4-1,-,1,1,SP,RJ,1,2019
6534,3,Gremio,13,7,52%,544,86%,8,2,0,0,8,2019-05-05,19:00,Gremio,Fluminense,4-2-3-1,4-1-4-1,Fluminense,4,5,RS,RJ,0,2019
6534,3,Fluminense,17,12,48%,490,83%,10,1,0,0,8,2019-05-05,19:00,Gremio,Fluminense,4-2-3-1,4-1-4-1,Fluminense,4,5,RS,RJ,3,2019
6535,3,Avai,9,1,47%,367,76%,15,2,0,1,1,2019-05-05,19:00,Bahia,Avai,4-2-3-1,5-3-2,Bahia,1,0,BA,SC,0,2019
6535,3,Bahia,20,11,53%,394,74%,27,1,0,0,9,2019-05-05,19:00,Bahia,Avai,4-2-3-1,5-3-2,Bahia,1,0,BA,SC,3,2019
6536,4,Botafogo-RJ,9,3,36%,305,81%,12,5,0,4,3,2019-05-11,16:01,Fluminense,Botafogo-RJ,4-2-3-1,4-1-4-1,Botafogo-RJ,0,1,RJ,RJ,3,2019
6536,4,Fluminense,23,6,64%,504,91%,16,3,0,4,8,2019-05-11,16:01,Fluminense,Botafogo-RJ,4-2-3-1,4-1-4-1,Botafogo-RJ,0,1,RJ,RJ,0,2019
6537,4,Gremio,8,2,52%,513,83%,19,4,0,1,2,2019-05-11,19:01,Corinthians,Gremio,4-1-4-1,4-2-3-1,-,0,0,SP,RS,1,2019
6537,4,Corinthians,11,4,48%,474,81%,13,2,0,0,3,2019-05-11,19:01,Corinthians,Gremio,4-1-4-1,4-2-3-1,-,0,0,SP,RS,1,2019
6538,4,Ceara,13,3,63%,487,82%,12,2,0,2,7,2019-05-11,21:01,Goias,Ceara,4-2-3-1,4-2-3-1,Goias,2,1,GO,CE,0,2019
6538,4,Goias,12,6,37%,295,79%,20,2,0,2,2,2019-05-11,21:01,Goias,Ceara,4-2-3-1,4-2-3-1,Goias,2,1,GO,CE,3,2019
6541,4,Atletico-MG,0,0,,0,,0,0,0,0,0,2019-05-12,10:53,Atletico-MG,Palmeiras,4-3-3,4-2-3-1,Palmeiras,0,2,MG,SP,0,2019
6541,4,Palmeiras,0,0,,0,,0,0,0,0,0,2019-05-12,10:53,Atletico-MG,Palmeiras,4-3-3,4-2-3-1,Palmeiras,0,2,MG,SP,3,2019
6539,4,Chapecoense,20,7,43%,362,89%,9,3,0,1,4,2019-05-12,11:00,Flamengo,Chapecoense,4-2-3-1,4-2-3-1,Flamengo,2,1,RJ,SC,0,2019
6539,4,Flamengo,19,7,57%,464,85%,18,2,0,1,7,2019-05-12,11:00,Flamengo,Chapecoense,4-2-3-1,4-2-3-1,Flamengo,2,1,RJ,SC,3,2019
6542,4,Internacional,16,5,54%,505,84%,10,0,0,0,4,2019-05-12,16:01,Internacional,Cruzeiro,4-3-3,4-2-3-1,Internacional,3,1,RS,MG,3,2019
6542,4,Cruzeiro,14,6,46%,442,82%,14,0,1,0,3,2019-05-12,16:01,Internacional,Cruzeiro,4-3-3,4-2-3-1,Internacional,3,1,RS,MG,0,2019
6540,4,Santos,23,8,56%,435,79%,18,2,0,1,8,2019-05-12,16:02,Santos,Vasco,4-3-3,3-4-3,Santos,3,0,SP,RJ,3,2019
6540,4,Vasco,15,5,44%,346,75%,11,3,1,5,5,2019-05-12,16:02,Santos,Vasco,4-3-3,3-4-3,Santos,3,0,SP,RJ,0,2019
6544,4,Bahia,13,4,37%,309,79%,14,3,0,2,6,2019-05-12,19:00,Athletico-PR,Bahia,4-1-4-1,4-2-3-1,Athletico-PR,1,0,PR,BA,0,2019
6544,4,Athletico-PR,18,9,63%,539,87%,13,2,0,3,8,2019-05-12,19:00,Athletico-PR,Bahia,4-1-4-1,4-2-3-1,Athletico-PR,1,0,PR,BA,3,2019
6545,4,Sao Paulo,8,2,47%,430,87%,14,2,0,0,4,2019-05-12,19:00,Fortaleza,Sao Paulo,4-4-2,4-3-3,Sao Paulo,0,1,CE,SP,3,2019
6545,4,Fortaleza,12,3,53%,478,87%,12,2,0,2,6,2019-05-12,19:00,Fortaleza,Sao Paulo,4-4-2,4-3-3,Sao Paulo,0,1,CE,SP,0,2019
6543,4,CSA,4,1,39%,376,73%,18,2,0,0,0,2019-05-12,19:01,Avai,CSA,4-3-3,4-2-3-1,-,0,0,SC,AL,1,2019
6543,4,Avai,21,4,61%,544,86%,14,1,0,4,6,2019-05-12,19:01,Avai,CSA,4-3-3,4-2-3-1,-,0,0,SC,AL,1,2019
6546,5,Fluminense,24,11,54%,501,87%,20,3,0,0,10,2019-05-18,18:00,Fluminense,Cruzeiro,4-1-4-1,4-2-3-1,Fluminense,4,1,RJ,MG,3,2019
6546,5,Cruzeiro,4,3,46%,442,80%,12,2,0,1,2,2019-05-18,18:00,Fluminense,Cruzeiro,4-1-4-1,4-2-3-1,Fluminense,4,1,RJ,MG,0,2019
6548,5,Flamengo,24,10,67%,488,84%,8,1,0,0,18,2019-05-18,19:00,Atletico-MG,Flamengo,4-2-3-1,4-2-3-1,Atletico-MG,2,1,MG,RJ,0,2019
6548,5,Atletico-MG,11,5,33%,255,73%,11,3,1,0,2,2019-05-18,19:00,Atletico-MG,Flamengo,4-2-3-1,4-2-3-1,Atletico-MG,2,1,MG,RJ,3,2019
6547,5,Palmeiras,17,8,33%,245,68%,23,2,0,0,5,2019-05-18,19:01,Palmeiras,Santos,4-2-3-1,3-5-2,Palmeiras,4,0,SP,SP,3,2019
6547,5,Santos,13,4,67%,479,83%,19,4,0,1,5,2019-05-18,19:01,Palmeiras,Santos,4-2-3-1,3-5-2,Palmeiras,4,0,SP,SP,0,2019
6549,5,Sao Paulo,11,3,58%,512,86%,9,1,1,3,4,2019-05-19,11:02,Sao Paulo,Bahia,4-2-3-1,4-3-3,-,0,0,SP,BA,1,2019
6549,5,Bahia,17,2,42%,371,77%,19,3,0,1,6,2019-05-19,11:02,Sao Paulo,Bahia,4-2-3-1,4-3-3,-,0,0,SP,BA,1,2019
6551,5,Athletico-PR,23,5,63%,583,88%,16,1,0,3,11,2019-05-19,16:00,Athletico-PR,Corinthians,4-4-2,4-2-3-1,Corinthians,0,2,PR,SP,0,2019
6551,5,Corinthians,4,2,37%,362,81%,12,4,0,1,3,2019-05-19,16:00,Athletico-PR,Corinthians,4-4-2,4-2-3-1,Corinthians,0,2,PR,SP,3,2019
6553,5,Fortaleza,12,8,47%,395,77%,12,1,0,2,4,2019-05-19,16:00,Chapecoense,Fortaleza,4-1-4-1,4-4-2,Fortaleza,1,3,SC,CE,3,2019
6553,5,Chapecoense,19,4,53%,419,83%,16,1,0,0,9,2019-05-19,16:00,Chapecoense,Fortaleza,4-1-4-1,4-4-2,Fortaleza,1,3,SC,CE,0,2019
6550,5,CSA,12,5,37%,342,77%,9,3,0,2,3,2019-05-19,16:01,Internacional,CSA,4-3-1-2,4-2-3-1,Internacional,2,0,RS,AL,0,2019
6550,5,Internacional,14,7,63%,601,86%,11,2,0,4,4,2019-05-19,16:01,Internacional,CSA,4-3-1-2,4-2-3-1,Internacional,2,0,RS,AL,3,2019
6552,5,Goias,19,6,31%,238,78%,18,1,0,7,9,2019-05-19,16:01,Goias,Botafogo-RJ,4-2-3-1,4-1-4-1,Goias,1,0,GO,RJ,3,2019
6552,5,Botafogo-RJ,6,2,69%,571,87%,14,3,0,0,3,2019-05-19,16:01,Goias,Botafogo-RJ,4-2-3-1,4-1-4-1,Goias,1,0,GO,RJ,0,2019
6554,5,Avai,18,6,49%,348,75%,14,2,0,3,10,2019-05-19,18:59,Vasco,Avai,4-2-3-1,4-1-4-1,-,1,1,RJ,SC,1,2019
6554,5,Vasco,11,2,51%,368,75%,16,1,0,3,5,2019-05-19,18:59,Vasco,Avai,4-2-3-1,4-1-4-1,-,1,1,RJ,SC,1,2019
6555,5,Gremio,17,4,64%,493,85%,16,6,0,1,7,2019-05-19,19:00,Ceara,Gremio,4-4-2,4-2-3-1,Ceara,2,1,CE,RS,0,2019
6555,5,Ceara,6,1,36%,281,69%,14,3,0,2,2,2019-05-19,19:00,Ceara,Gremio,4-4-2,4-2-3-1,Ceara,2,1,CE,RS,3,2019
6556,6,Palmeiras,17,2,37%,254,70%,19,0,0,6,8,2019-05-25,16:00,Botafogo-RJ,Palmeiras,4-1-4-1,4-2-3-1,Palmeiras,0,1,RJ,SP,3,2019
6556,6,Botafogo-RJ,8,2,63%,444,84%,13,10,0,0,0,2019-05-25,16:00,Botafogo-RJ,Palmeiras,4-1-4-1,4-2-3-1,Palmeiras,0,1,RJ,SP,0,2019
6557,6,Atletico-MG,9,5,43%,437,81%,14,4,0,0,4,2019-05-25,19:00,Gremio,Atletico-MG,4-2-3-1,4-2-3-1,Gremio,1,0,RS,MG,0,2019
6557,6,Gremio,24,8,57%,570,88%,10,1,0,0,13,2019-05-25,19:00,Gremio,Atletico-MG,4-2-3-1,4-2-3-1,Gremio,1,0,RS,MG,3,2019
6559,6,Santos,11,4,63%,517,82%,19,5,0,0,7,2019-05-26,16:01,Santos,Internacional,4-3-3,4-1-4-1,-,0,0,SP,RS,1,2019
6559,6,Internacional,15,1,37%,316,74%,19,5,0,3,4,2019-05-26,16:01,Santos,Internacional,4-3-3,4-1-4-1,-,0,0,SP,RS,1,2019
6558,6,Athletico-PR,12,5,51%,412,79%,21,3,0,0,2,2019-05-26,16:02,Flamengo,Athletico-PR,4-1-4-1,4-4-2,Flamengo,3,2,RJ,PR,0,2019
6558,6,Flamengo,11,4,49%,392,76%,16,4,0,2,9,2019-05-26,16:02,Flamengo,Athletico-PR,4-1-4-1,4-4-2,Flamengo,3,2,RJ,PR,3,2019
6560,6,Fortaleza,12,3,62%,539,88%,9,1,0,0,2,2019-05-26,19:00,Fortaleza,Vasco,4-4-2,4-2-3-1,-,1,1,CE,RJ,1,2019
6560,6,Vasco,14,2,38%,337,83%,12,2,0,0,5,2019-05-26,19:00,Fortaleza,Vasco,4-4-2,4-2-3-1,-,1,1,CE,RJ,1,2019
6561,6,Chapecoense,10,5,35%,313,71%,11,3,0,0,2,2019-05-26,19:00,Cruzeiro,Chapecoense,4-1-4-1,4-4-1-1,Chapecoense,1,2,MG,SC,3,2019
6561,6,Cruzeiro,18,3,65%,559,84%,13,1,0,1,8,2019-05-26,19:00,Cruzeiro,Chapecoense,4-1-4-1,4-4-1-1,Chapecoense,1,2,MG,SC,0,2019
6562,6,Bahia,10,5,33%,303,75%,9,2,0,0,3,2019-05-26,19:01,Bahia,Fluminense,4-1-4-1,4-1-4-1,Bahia,3,2,BA,RJ,3,2019
6562,6,Fluminense,11,4,67%,603,90%,10,2,1,2,3,2019-05-26,19:01,Bahia,Fluminense,4-1-4-1,4-1-4-1,Bahia,3,2,BA,RJ,0,2019
6563,6,Corinthians,13,5,40%,296,75%,16,3,0,1,3,2019-05-26,19:01,Corinthians,Sao Paulo,4-1-4-1,4-2-3-1,Corinthians,1,0,SP,SP,3,2019
6563,6,Sao Paulo,9,1,60%,438,78%,14,4,0,3,4,2019-05-26,19:01,Corinthians,Sao Paulo,4-1-4-1,4-2-3-1,Corinthians,1,0,SP,SP,0,2019
6565,6,Avai,13,3,52%,417,70%,21,4,0,2,3,2019-05-27,20:00,Avai,Ceara,4-3-3,4-4-2,Ceara,1,2,SC,CE,0,2019
6565,6,Ceara,9,4,48%,399,72%,15,3,0,1,0,2019-05-27,20:00,Avai,Ceara,4-3-3,4-4-2,Ceara,1,2,SC,CE,3,2019
6564,6,CSA,16,4,44%,334,76%,19,3,0,1,3,2019-05-27,20:01,CSA,Goias,4-2-3-1,4-2-3-1,CSA,1,0,AL,GO,3,2019
6564,6,Goias,15,5,56%,412,79%,10,1,0,0,9,2019-05-27,20:01,CSA,Goias,4-2-3-1,4-2-3-1,CSA,1,0,AL,GO,0,2019
6566,7,Flamengo,21,8,65%,652,92%,16,1,0,2,8,2019-06-01,16:01,Flamengo,Fortaleza,4-2-3-1,4-4-2,Flamengo,2,0,RJ,CE,3,2019
6566,7,Fortaleza,10,4,35%,343,86%,6,0,0,1,2,2019-06-01,16:01,Flamengo,Fortaleza,4-2-3-1,4-4-2,Flamengo,2,0,RJ,CE,0,2019
6567,7,Gremio,7,2,58%,537,87%,10,2,0,5,4,2019-06-01,19:01,Bahia,Gremio,4-3-3,4-2-3-1,Bahia,1,0,BA,RS,0,2019
6567,7,Bahia,14,4,42%,394,83%,8,1,0,0,10,2019-06-01,19:01,Bahia,Gremio,4-3-3,4-2-3-1,Bahia,1,0,BA,RS,3,2019
6568,7,Vasco,18,2,44%,362,81%,16,3,0,1,9,2019-06-02,11:01,Botafogo-RJ,Vasco,4-1-4-1,4-1-4-1,Botafogo-RJ,1,0,RJ,RJ,0,2019
6568,7,Botafogo-RJ,8,1,56%,469,84%,15,2,0,1,4,2019-06-02,11:01,Botafogo-RJ,Vasco,4-1-4-1,4-1-4-1,Botafogo-RJ,1,0,RJ,RJ,3,2019
6571,7,Cruzeiro,14,4,60%,567,84%,12,3,0,4,9,2019-06-02,16:00,Sao Paulo,Cruzeiro,4-3-3,4-2-3-1,-,1,1,SP,MG,1,2019
6571,7,Sao Paulo,13,4,40%,369,76%,15,2,1,0,5,2019-06-02,16:00,Sao Paulo,Cruzeiro,4-3-3,4-2-3-1,-,1,1,SP,MG,1,2019
6569,7,Ceara,13,3,39%,301,72%,14,2,0,0,2,2019-06-02,16:03,Ceara,Santos,4-4-2,4-3-3,Santos,0,1,CE,SP,0,2019
6569,7,Santos,12,3,61%,470,82%,22,1,0,2,0,2019-06-02,16:03,Ceara,Santos,4-4-2,4-3-3,Santos,0,1,CE,SP,3,2019
6570,7,Athletico-PR,16,6,56%,457,87%,20,1,0,1,6,2019-06-02,16:40,Athletico-PR,Fluminense,4-2-3-1,4-3-3,Athletico-PR,3,0,PR,RJ,3,2019
6570,7,Fluminense,9,2,44%,372,79%,17,3,1,0,4,2019-06-02,16:40,Athletico-PR,Fluminense,4-2-3-1,4-3-3,Athletico-PR,3,0,PR,RJ,0,2019
6572,7,CSA,12,0,28%,304,79%,11,3,0,0,2,2019-06-02,19:00,Atletico-MG,CSA,4-2-3-1,4-2-3-1,Atletico-MG,4,0,MG,AL,0,2019
6572,7,Atletico-MG,27,7,72%,771,90%,2,0,0,2,11,2019-06-02,19:00,Atletico-MG,CSA,4-2-3-1,4-2-3-1,Atletico-MG,4,0,MG,AL,3,2019
6573,7,Palmeiras,14,6,45%,356,77%,21,5,0,0,5,2019-06-02,19:00,Chapecoense,Palmeiras,4-2-3-1,4-2-3-1,Palmeiras,1,2,SC,SP,3,2019
6573,7,Chapecoense,18,4,55%,410,81%,14,2,0,1,3,2019-06-02,19:00,Chapecoense,Palmeiras,4-2-3-1,4-2-3-1,Palmeiras,1,2,SC,SP,0,2019
6574,7,Avai,14,1,36%,382,78%,12,0,0,1,7,2019-06-02,19:00,Internacional,Avai,4-2-3-1,4-3-3,Internacional,2,0,RS,SC,0,2019
6574,7,Internacional,11,7,64%,682,87%,11,0,0,3,5,2019-06-02,19:00,Internacional,Avai,4-2-3-1,4-3-3,Internacional,2,0,RS,SC,3,2019
6576,8,Internacional,19,4,69%,635,88%,16,2,0,5,10,2019-06-07,20:30,Vasco,Internacional,4-3-3,4-3-3,Vasco,2,1,RJ,RS,0,2019
6576,8,Vasco,10,3,31%,288,73%,13,0,0,0,0,2019-06-07,20:30,Vasco,Internacional,4-3-3,4-3-3,Vasco,2,1,RJ,RS,3,2019
6577,8,Palmeiras,21,3,43%,304,77%,16,2,0,1,7,2019-06-08,16:30,Palmeiras,Athletico-PR,4-2-3-1,4-1-4-1,Palmeiras,1,0,SP,PR,3,2019
6577,8,Athletico-PR,7,3,57%,406,82%,29,4,0,1,7,2019-06-08,16:30,Palmeiras,Athletico-PR,4-2-3-1,4-1-4-1,Palmeiras,1,0,SP,PR,0,2019
6578,8,Fortaleza,5,2,34%,343,78%,7,4,1,0,1,2019-06-08,19:00,Gremio,Fortaleza,4-2-3-1,4-2-3-1,Gremio,1,0,RS,CE,0,2019
6578,8,Gremio,12,4,66%,630,89%,7,1,0,3,10,2019-06-08,19:00,Gremio,Fortaleza,4-2-3-1,4-2-3-1,Gremio,1,0,RS,CE,3,2019
6579,8,Corinthians,5,1,55%,538,86%,13,1,0,1,5,2019-06-08,19:00,Cruzeiro,Corinthians,4-2-3-1,4-1-4-1,-,0,0,MG,SP,1,2019
6579,8,Cruzeiro,25,7,45%,448,83%,12,1,0,2,11,2019-06-08,19:00,Cruzeiro,Corinthians,4-2-3-1,4-1-4-1,-,0,0,MG,SP,1,2019
6580,8,Bahia,9,1,37%,296,65%,10,2,0,3,1,2019-06-08,19:31,Ceara,Bahia,4-2-3-1,4-3-3,-,0,0,CE,BA,1,2019
6580,8,Ceara,22,5,63%,477,81%,12,2,0,1,9,2019-06-08,19:31,Ceara,Bahia,4-2-3-1,4-3-3,-,0,0,CE,BA,1,2019
6581,8,Sao Paulo,12,3,63%,513,80%,17,2,0,1,10,2019-06-08,21:00,Avai,Sao Paulo,4-2-3-1,4-2-3-1,-,0,0,SC,SP,1,2019
6581,8,Avai,11,1,37%,302,65%,17,5,0,1,4,2019-06-08,21:00,Avai,Sao Paulo,4-2-3-1,4-2-3-1,-,0,0,SC,SP,1,2019
6583,8,Fluminense,18,6,64%,607,88%,14,2,0,1,5,2019-06-09,19:00,Fluminense,Flamengo,4-2-3-1,4-2-3-1,-,0,0,RJ,RJ,1,2019
6583,8,Flamengo,11,2,36%,339,79%,17,3,0,0,2,2019-06-09,19:00,Fluminense,Flamengo,4-2-3-1,4-2-3-1,-,0,0,RJ,RJ,1,2019
6584,8,Santos,24,5,59%,532,87%,12,1,0,0,4,2019-06-09,19:00,Santos,Atletico-MG,4-3-3,4-2-3-1,Santos,3,1,SP,MG,3,2019
6584,8,Atletico-MG,12,4,41%,383,75%,14,2,0,1,5,2019-06-09,19:00,Santos,Atletico-MG,4-3-3,4-2-3-1,Santos,3,1,SP,MG,0,2019
6582,8,Botafogo-RJ,13,7,61%,520,89%,10,1,0,0,2,2019-06-09,19:01,CSA,Botafogo-RJ,4-2-3-1,4-1-4-1,Botafogo-RJ,1,2,AL,RJ,3,2019
6582,8,CSA,21,5,39%,328,84%,20,2,0,3,8,2019-06-09,19:01,CSA,Botafogo-RJ,4-2-3-1,4-1-4-1,Botafogo-RJ,1,2,AL,RJ,0,2019
6585,8,Goias,17,7,51%,353,80%,14,2,0,0,6,2019-06-10,20:01,Goias,Chapecoense,4-2-3-1,4-2-3-1,Goias,3,1,GO,SC,3,2019
6585,8,Chapecoense,12,2,49%,350,81%,17,0,1,0,6,2019-06-10,20:01,Goias,Chapecoense,4-2-3-1,4-2-3-1,Goias,3,1,GO,SC,0,2019
6586,9,Gremio,14,5,53%,515,87%,11,2,0,4,7,2019-06-12,19:17,Botafogo-RJ,Gremio,4-1-4-1,4-2-3-1,Gremio,0,1,RJ,RS,3,2019
6586,9,Botafogo-RJ,7,3,47%,463,87%,9,1,0,1,4,2019-06-12,19:17,Botafogo-RJ,Gremio,4-1-4-1,4-2-3-1,Gremio,0,1,RJ,RS,0,2019
6587,9,Cruzeiro,12,4,54%,426,86%,15,6,0,2,5,2019-06-12,21:01,Fortaleza,Cruzeiro,4-2-3-1,4-2-3-1,Fortaleza,2,1,CE,MG,0,2019
6587,9,Fortaleza,11,4,46%,354,81%,10,0,1,1,6,2019-06-12,21:01,Fortaleza,Cruzeiro,4-2-3-1,4-2-3-1,Fortaleza,2,1,CE,MG,3,2019
6588,9,Bahia,19,2,55%,593,86%,7,1,0,0,3,2019-06-12,21:30,Internacional,Bahia,4-3-3,4-1-4-1,Internacional,3,1,RS,BA,0,2019
6588,9,Internacional,14,7,45%,506,83%,11,1,0,0,3,2019-06-12,21:30,Internacional,Bahia,4-3-3,4-1-4-1,Internacional,3,1,RS,BA,3,2019
6589,9,Flamengo,24,11,66%,515,85%,10,1,0,2,12,2019-06-12,21:30,CSA,Flamengo,4-1-4-1,4-2-3-1,Flamengo,0,2,AL,RJ,3,2019
6589,9,CSA,10,2,34%,276,69%,13,3,0,1,3,2019-06-12,21:30,CSA,Flamengo,4-1-4-1,4-2-3-1,Flamengo,0,2,AL,RJ,0,2019
6590,9,Corinthians,2,0,47%,413,76%,13,4,0,1,3,2019-06-12,21:31,Santos,Corinthians,4-3-3,4-1-4-1,Santos,1,0,SP,SP,0,2019
6590,9,Santos,19,4,53%,461,80%,16,4,0,2,2,2019-06-12,21:31,Santos,Corinthians,4-3-3,4-1-4-1,Santos,1,0,SP,SP,3,2019
6595,9,Athletico-PR,0,0,,0,,0,0,0,0,0,2019-06-13,14:08,Goias,Athletico-PR,4-2-3-1,4-1-2-1-2,Goias,2,1,GO,PR,0,2019
6595,9,Goias,0,0,,0,,0,0,0,0,0,2019-06-13,14:08,Goias,Athletico-PR,4-2-3-1,4-1-2-1-2,Goias,2,1,GO,PR,3,2019
6591,9,Ceara,8,1,47%,426,80%,15,2,0,3,1,2019-06-13,19:16,Vasco,Ceara,4-3-3,4-4-2,Vasco,1,0,RJ,CE,0,2019
6591,9,Vasco,18,11,53%,484,82%,14,0,0,2,5,2019-06-13,19:16,Vasco,Ceara,4-3-3,4-4-2,Vasco,1,0,RJ,CE,3,2019
6592,9,Fluminense,10,3,65%,549,89%,21,5,1,1,3,2019-06-13,20:00,Chapecoense,Fluminense,4-1-4-1,4-3-3,-,1,1,SC,RJ,1,2019
6592,9,Chapecoense,15,4,35%,296,78%,12,2,0,1,5,2019-06-13,20:00,Chapecoense,Fluminense,4-1-4-1,4-3-3,-,1,1,SC,RJ,1,2019
6593,9,Avai,8,2,47%,379,81%,18,1,0,1,1,2019-06-13,20:00,Palmeiras,Avai,4-2-3-1,4-1-4-1,Palmeiras,2,0,SP,SC,0,2019
6593,9,Palmeiras,14,6,53%,421,78%,13,1,0,1,9,2019-06-13,20:00,Palmeiras,Avai,4-2-3-1,4-1-4-1,Palmeiras,2,0,SP,SC,3,2019
6594,9,Sao Paulo,9,3,31%,318,75%,17,4,0,0,5,2019-06-13,20:00,Atletico-MG,Sao Paulo,4-2-3-1,4-2-3-1,-,1,1,MG,SP,1,2019
6594,9,Atletico-MG,20,8,69%,721,87%,13,2,0,0,12,2019-06-13,20:00,Atletico-MG,Sao Paulo,4-2-3-1,4-2-3-1,-,1,1,MG,SP,1,2019
6597,10,Fortaleza,14,6,40%,361,83%,15,2,0,0,5,2019-07-13,16:59,Fortaleza,Avai,4-4-2,4-2-3-1,Fortaleza,2,0,CE,SC,3,2019
6597,10,Avai,15,5,60%,513,86%,12,2,0,1,13,2019-07-13,16:59,Fortaleza,Avai,4-4-2,4-2-3-1,Fortaleza,2,0,CE,SC,0,2019
6596,10,Gremio,11,6,71%,622,88%,18,2,0,2,4,2019-07-13,17:00,Gremio,Vasco,4-2-3-1,4-3-3,Gremio,2,1,RS,RJ,3,2019
6596,10,Vasco,10,5,29%,255,71%,12,4,0,1,6,2019-07-13,17:00,Gremio,Vasco,4-2-3-1,4-3-3,Gremio,2,1,RS,RJ,0,2019
6598,10,Bahia,12,2,38%,330,74%,13,2,0,0,5,2019-07-13,19:01,Bahia,Santos,4-3-3,3-4-3,Santos,0,1,BA,SP,0,2019
6598,10,Santos,17,6,62%,527,84%,11,3,0,1,7,2019-07-13,19:01,Bahia,Santos,4-3-3,3-4-3,Santos,0,1,BA,SP,3,2019
6599,10,Sao Paulo,14,10,45%,333,77%,19,3,0,0,8,2019-07-13,19:01,Sao Paulo,Palmeiras,4-2-3-1,4-2-3-1,-,1,1,SP,SP,1,2019
6599,10,Palmeiras,15,5,55%,406,80%,18,3,0,4,5,2019-07-13,19:01,Sao Paulo,Palmeiras,4-2-3-1,4-2-3-1,-,1,1,SP,SP,1,2019
6600,10,Goias,7,2,26%,202,70%,9,2,0,3,0,2019-07-14,11:00,Flamengo,Goias,4-1-3-2,4-2-3-1,Flamengo,6,1,RJ,GO,0,2019
6600,10,Flamengo,30,16,74%,561,89%,8,1,0,0,11,2019-07-14,11:00,Flamengo,Goias,4-1-3-2,4-2-3-1,Flamengo,6,1,RJ,GO,3,2019
6602,10,Internacional,12,4,39%,303,78%,16,3,0,3,2,2019-07-14,16:00,Athletico-PR,Internacional,4-2-3-1,4-3-3,Athletico-PR,1,0,PR,RS,0,2019
6602,10,Athletico-PR,17,6,61%,460,85%,15,3,0,2,6,2019-07-14,16:00,Athletico-PR,Internacional,4-2-3-1,4-3-3,Athletico-PR,1,0,PR,RS,3,2019
6603,10,Cruzeiro,7,1,42%,454,87%,11,0,0,3,5,2019-07-14,16:00,Cruzeiro,Botafogo-RJ,4-2-3-1,4-3-3,-,0,0,MG,RJ,1,2019
6603,10,Botafogo-RJ,8,1,58%,640,88%,8,0,0,0,3,2019-07-14,16:00,Cruzeiro,Botafogo-RJ,4-2-3-1,4-3-3,-,0,0,MG,RJ,1,2019
6601,10,Corinthians,27,8,67%,549,88%,2,2,0,1,16,2019-07-14,16:03,Corinthians,CSA,4-1-4-1,4-2-2-2,Corinthians,1,0,SP,AL,3,2019
6601,10,CSA,4,1,33%,296,75%,18,6,0,0,1,2019-07-14,16:03,Corinthians,CSA,4-1-4-1,4-2-2-2,Corinthians,1,0,SP,AL,0,2019
6604,10,Chapecoense,15,3,38%,264,70%,20,3,0,2,5,2019-07-14,19:00,Chapecoense,Atletico-MG,4-1-4-1,4-2-3-1,Atletico-MG,1,2,SC,MG,0,2019
6604,10,Atletico-MG,21,7,62%,439,80%,16,5,0,2,10,2019-07-14,19:00,Chapecoense,Atletico-MG,4-1-4-1,4-2-3-1,Atletico-MG,1,2,SC,MG,3,2019
6605,10,Fluminense,23,7,71%,628,87%,11,2,0,1,14,2019-07-15,20:01,Fluminense,Ceara,4-3-3,4-1-4-1,-,1,1,RJ,CE,1,2019
6605,10,Ceara,9,5,29%,265,72%,15,2,0,2,5,2019-07-15,20:01,Fluminense,Ceara,4-3-3,4-1-4-1,-,1,1,RJ,CE,1,2019
6606,11,Fluminense,5,2,56%,499,85%,22,2,2,1,2,2019-07-20,11:02,Vasco,Fluminense,4-1-4-1,4-2-3-1,Vasco,2,1,RJ,RJ,0,2019
6606,11,Vasco,16,5,44%,391,83%,25,4,0,4,3,2019-07-20,11:02,Vasco,Fluminense,4-1-4-1,4-2-3-1,Vasco,2,1,RJ,RJ,3,2019
6609,11,Athletico-PR,0,0,,0,,0,0,0,0,0,2019-07-20,16:10,CSA,Athletico-PR,4-3-1-2,4-2-3-1,Athletico-PR,0,4,AL,PR,3,2019
6609,11,CSA,0,0,,0,,0,0,0,0,0,2019-07-20,16:10,CSA,Athletico-PR,4-3-1-2,4-2-3-1,Athletico-PR,0,4,AL,PR,0,2019
6607,11,Cruzeiro,12,5,42%,384,79%,8,1,0,2,5,2019-07-20,17:00,Bahia,Cruzeiro,4-1-4-1,4-3-3,-,0,0,BA,MG,1,2019
6607,11,Bahia,12,1,58%,517,87%,17,1,1,1,5,2019-07-20,17:00,Bahia,Cruzeiro,4-1-4-1,4-3-3,-,0,0,BA,MG,1,2019
6610,11,Internacional,11,4,42%,415,79%,13,3,0,0,1,2019-07-20,19:00,Internacional,Gremio,4-1-4-1,4-2-3-1,-,1,1,RS,RS,1,2019
6610,11,Gremio,10,3,58%,570,82%,14,2,0,0,2,2019-07-20,19:00,Internacional,Gremio,4-1-4-1,4-2-3-1,-,1,1,RS,RS,1,2019
6608,11,Ceara,9,4,42%,286,77%,26,3,0,1,3,2019-07-20,19:01,Ceara,Palmeiras,4-4-2,4-2-3-1,Ceara,2,0,CE,SP,3,2019
6608,11,Palmeiras,21,6,58%,374,83%,13,2,0,1,9,2019-07-20,19:01,Ceara,Palmeiras,4-4-2,4-2-3-1,Ceara,2,0,CE,SP,0,2019
6611,11,Botafogo-RJ,9,1,51%,441,85%,12,1,1,1,9,2019-07-21,11:01,Botafogo-RJ,Santos,4-1-4-1,4-3-3,Santos,0,1,RJ,SP,0,2019
6611,11,Santos,13,4,49%,445,84%,14,2,1,1,2,2019-07-21,11:01,Botafogo-RJ,Santos,4-1-4-1,4-3-3,Santos,0,1,RJ,SP,3,2019
6613,11,Flamengo,6,3,56%,410,80%,17,3,1,0,5,2019-07-21,16:01,Corinthians,Flamengo,4-1-4-1,4-1-4-1,-,1,1,SP,RJ,1,2019
6613,11,Corinthians,14,3,44%,318,79%,20,1,0,2,4,2019-07-21,16:01,Corinthians,Flamengo,4-1-4-1,4-1-4-1,-,1,1,SP,RJ,1,2019
6612,11,Fortaleza,10,4,48%,385,80%,12,4,0,0,2,2019-07-21,16:02,Atletico-MG,Fortaleza,4-2-3-1,4-2-3-1,-,2,2,MG,CE,1,2019
6612,11,Atletico-MG,19,7,52%,409,84%,15,1,0,0,3,2019-07-21,16:02,Atletico-MG,Fortaleza,4-2-3-1,4-2-3-1,-,2,2,MG,CE,1,2019
6614,11,Avai,15,3,62%,490,81%,16,4,0,1,5,2019-07-21,19:00,Avai,Goias,4-2-3-1,4-2-3-1,-,0,0,SC,GO,1,2019
6614,11,Goias,11,3,38%,304,69%,19,2,0,0,3,2019-07-21,19:00,Avai,Goias,4-2-3-1,4-2-3-1,-,0,0,SC,GO,1,2019
6615,11,Sao Paulo,19,6,49%,400,79%,29,1,0,0,5,2019-07-22,20:02,Sao Paulo,Chapecoense,4-2-3-1,4-2-3-1,Sao Paulo,4,0,SP,SC,3,2019
6615,11,Chapecoense,8,2,51%,405,82%,19,3,0,3,3,2019-07-22,20:02,Sao Paulo,Chapecoense,4-2-3-1,4-2-3-1,Sao Paulo,4,0,SP,SC,0,2019
6617,12,Cruzeiro,0,0,,0,,0,0,0,0,0,2019-07-27,13:58,Cruzeiro,Athletico-PR,4-2-3-1,4-2-3-1,Athletico-PR,0,2,MG,PR,0,2019
6617,12,Athletico-PR,0,0,,0,,0,0,0,0,0,2019-07-27,13:58,Cruzeiro,Athletico-PR,4-2-3-1,4-2-3-1,Athletico-PR,0,2,MG,PR,3,2019
6616,12,Vasco,6,1,45%,321,77%,22,4,0,0,4,2019-07-27,17:00,Palmeiras,Vasco,4-2-3-1,4-3-3,-,1,1,SP,RJ,1,2019
6616,12,Palmeiras,15,4,55%,386,85%,22,1,0,1,3,2019-07-27,17:00,Palmeiras,Vasco,4-2-3-1,4-3-3,-,1,1,SP,RJ,1,2019
6619,12,Ceara,9,2,45%,408,75%,12,3,0,0,6,2019-07-27,19:00,Internacional,Ceara,4-3-3,4-4-2,Internacional,1,0,RS,CE,0,2019
6619,12,Internacional,11,5,55%,490,82%,11,3,0,1,6,2019-07-27,19:00,Internacional,Ceara,4-3-3,4-4-2,Internacional,1,0,RS,CE,3,2019
6618,12,Sao Paulo,13,5,28%,264,78%,14,3,0,0,2,2019-07-27,19:01,Fluminense,Sao Paulo,4-2-3-1,4-2-3-1,Sao Paulo,1,2,RJ,SP,3,2019
6618,12,Fluminense,14,4,72%,660,89%,20,1,0,0,4,2019-07-27,19:01,Fluminense,Sao Paulo,4-2-3-1,4-2-3-1,Sao Paulo,1,2,RJ,SP,0,2019
6620,12,Bahia,16,7,53%,411,74%,15,1,0,1,5,2019-07-28,11:00,Chapecoense,Bahia,4-1-4-1,4-3-3,-,0,0,SC,BA,1,2019
6620,12,Chapecoense,16,4,47%,360,76%,16,1,0,0,10,2019-07-28,11:00,Chapecoense,Bahia,4-1-4-1,4-3-3,-,0,0,SC,BA,1,2019
6621,12,Botafogo-RJ,12,3,37%,290,76%,16,2,0,3,4,2019-07-28,15:59,Flamengo,Botafogo-RJ,4-4-2,4-1-4-1,Flamengo,3,2,RJ,RJ,0,2019
6621,12,Flamengo,15,5,63%,488,86%,23,5,0,0,5,2019-07-28,15:59,Flamengo,Botafogo-RJ,4-4-2,4-1-4-1,Flamengo,3,2,RJ,RJ,3,2019
6622,12,Santos,18,10,60%,435,81%,9,2,0,4,15,2019-07-28,16:01,Santos,Avai,4-3-3,4-1-4-1,Santos,3,1,SP,SC,3,2019
6622,12,Avai,11,4,40%,308,73%,13,2,0,0,4,2019-07-28,16:01,Santos,Avai,4-3-3,4-1-4-1,Santos,3,1,SP,SC,0,2019
6624,12,Fortaleza,14,3,48%,408,87%,18,2,0,2,1,2019-07-28,19:00,Fortaleza,Corinthians,4-4-2,4-1-4-1,Corinthians,1,3,CE,SP,0,2019
6624,12,Corinthians,14,5,52%,450,87%,16,1,0,1,1,2019-07-28,19:00,Fortaleza,Corinthians,4-4-2,4-1-4-1,Corinthians,1,3,CE,SP,3,2019
6623,12,Goias,16,2,45%,397,85%,14,1,0,1,7,2019-07-28,19:03,Goias,Atletico-MG,4-2-3-1,4-1-4-1,-,0,0,GO,MG,1,2019
6623,12,Atletico-MG,11,0,55%,486,87%,9,0,0,3,4,2019-07-28,19:03,Goias,Atletico-MG,4-2-3-1,4-1-4-1,-,0,0,GO,MG,1,2019
6625,12,CSA,10,2,40%,350,82%,13,4,0,0,2,2019-07-29,20:02,CSA,Gremio,4-2-3-1,4-2-3-1,-,0,0,AL,RS,1,2019
6625,12,Gremio,15,0,60%,526,85%,13,2,0,2,6,2019-07-29,20:02,CSA,Gremio,4-2-3-1,4-2-3-1,-,0,0,AL,RS,1,2019
6627,13,Internacional,15,4,39%,412,83%,12,2,0,0,5,2019-08-03,19:00,Fluminense,Internacional,4-1-4-1,4-3-3,Fluminense,2,1,RJ,RS,0,2019
6627,13,Fluminense,22,6,61%,640,88%,8,1,0,0,8,2019-08-03,19:00,Fluminense,Internacional,4-1-4-1,4-3-3,Fluminense,2,1,RJ,RS,3,2019
6626,13,Ceara,11,4,35%,229,62%,14,3,0,4,8,2019-08-03,19:01,Ceara,Fortaleza,4-2-3-1,4-4-2,Ceara,2,1,CE,CE,3,2019
6626,13,Fortaleza,11,4,65%,427,81%,16,0,1,2,4,2019-08-03,19:01,Ceara,Fortaleza,4-2-3-1,4-4-2,Ceara,2,1,CE,CE,0,2019
6628,13,Goias,20,2,38%,311,79%,8,4,0,1,6,2019-08-04,11:01,Santos,Goias,3-2-4-1,4-2-3-1,Santos,6,1,SP,GO,0,2019
6628,13,Santos,19,10,62%,500,84%,15,3,0,4,6,2019-08-04,11:01,Santos,Goias,3-2-4-1,4-2-3-1,Santos,6,1,SP,GO,3,2019
6629,13,Avai,30,4,60%,507,85%,12,2,1,3,16,2019-08-04,16:00,Avai,Botafogo-RJ,4-2-3-1,4-1-4-1,Botafogo-RJ,0,2,SC,RJ,0,2019
6629,13,Botafogo-RJ,9,5,40%,368,78%,11,1,0,0,1,2019-08-04,16:00,Avai,Botafogo-RJ,4-2-3-1,4-1-4-1,Botafogo-RJ,0,2,SC,RJ,3,2019
6630,13,Flamengo,13,1,69%,582,82%,14,1,0,2,7,2019-08-04,16:01,Bahia,Flamengo,4-3-3,4-2-3-1,Bahia,3,0,BA,RJ,0,2019
6630,13,Bahia,10,7,31%,273,65%,18,1,1,4,4,2019-08-04,16:01,Bahia,Flamengo,4-3-3,4-2-3-1,Bahia,3,0,BA,RJ,3,2019
6631,13,Palmeiras,8,6,50%,373,77%,24,3,0,3,5,2019-08-04,19:00,Corinthians,Palmeiras,4-1-4-1,4-2-3-1,-,1,1,SP,SP,1,2019
6631,13,Corinthians,9,7,50%,371,79%,11,1,0,1,3,2019-08-04,19:00,Corinthians,Palmeiras,4-1-4-1,4-2-3-1,-,1,1,SP,SP,1,2019
6632,13,Vasco,18,2,57%,511,83%,13,4,0,0,8,2019-08-04,19:00,Vasco,CSA,4-2-3-1,4-2-3-1,-,0,0,RJ,AL,1,2019
6632,13,CSA,12,2,43%,395,72%,14,1,0,1,5,2019-08-04,19:00,Vasco,CSA,4-2-3-1,4-2-3-1,-,0,0,RJ,AL,1,2019
6633,13,Cruzeiro,14,4,62%,595,88%,13,3,0,2,6,2019-08-04,19:00,Atletico-MG,Cruzeiro,4-1-4-1,4-2-3-1,Atletico-MG,2,0,MG,MG,0,2019
6633,13,Atletico-MG,15,6,38%,359,82%,19,2,0,0,6,2019-08-04,19:00,Atletico-MG,Cruzeiro,4-1-4-1,4-2-3-1,Atletico-MG,2,0,MG,MG,3,2019
6634,13,Gremio,23,9,69%,583,88%,17,4,0,3,11,2019-08-05,20:00,Gremio,Chapecoense,4-2-3-1,4-4-1-1,-,3,3,RS,SC,1,2019
6634,13,Chapecoense,9,4,31%,268,71%,16,3,0,0,3,2019-08-05,20:00,Gremio,Chapecoense,4-2-3-1,4-4-1-1,-,3,3,RS,SC,1,2019
6575,7,Goias,11,3,36%,318,79%,11,2,1,4,5,2019-08-07,19:15,Corinthians,Goias,4-1-4-1,4-3-3,Corinthians,2,0,SP,GO,0,2019
6575,7,Corinthians,19,6,64%,575,89%,13,1,0,0,6,2019-08-07,19:15,Corinthians,Goias,4-1-4-1,4-3-3,Corinthians,2,0,SP,GO,3,2019
6636,14,Ceara,8,5,39%,292,79%,20,3,0,4,2,2019-08-10,17:01,Ceara,Chapecoense,4-2-3-1,4-4-1-1,Ceara,4,1,CE,SC,3,2019
6636,14,Chapecoense,14,3,61%,459,83%,11,2,0,1,4,2019-08-10,17:01,Ceara,Chapecoense,4-2-3-1,4-4-1-1,Ceara,4,1,CE,SC,0,2019
6637,14,Sao Paulo,20,7,42%,263,71%,21,6,0,1,5,2019-08-10,17:03,Sao Paulo,Santos,4-2-3-1,4-3-3,Sao Paulo,3,2,SP,SP,3,2019
6637,14,Santos,14,3,58%,367,76%,15,1,0,1,2,2019-08-10,17:03,Sao Paulo,Santos,4-2-3-1,4-3-3,Sao Paulo,3,2,SP,SP,0,2019
6638,14,Flamengo,18,5,58%,506,86%,14,4,0,0,4,2019-08-10,18:59,Flamengo,Gremio,4-2-2-2,4-2-3-1,Flamengo,3,1,RJ,RS,3,2019
6638,14,Gremio,7,2,42%,380,82%,15,2,0,1,3,2019-08-10,18:59,Flamengo,Gremio,4-2-2-2,4-2-3-1,Flamengo,3,1,RJ,RS,0,2019
6639,14,Fluminense,21,7,59%,527,87%,13,2,1,2,5,2019-08-10,21:00,Atletico-MG,Fluminense,4-2-3-1,4-1-4-1,Atletico-MG,2,1,MG,RJ,0,2019
6639,14,Atletico-MG,19,9,41%,373,80%,14,4,0,4,3,2019-08-10,21:00,Atletico-MG,Fluminense,4-2-3-1,4-1-4-1,Atletico-MG,2,1,MG,RJ,3,2019
6640,14,Corinthians,8,1,44%,447,78%,8,2,0,0,3,2019-08-11,11:00,Internacional,Corinthians,4-3-3,4-1-4-1,-,0,0,RS,SP,1,2019
6640,14,Internacional,7,1,56%,551,84%,16,3,0,3,9,2019-08-11,11:00,Internacional,Corinthians,4-3-3,4-1-4-1,-,0,0,RS,SP,1,2019
6641,14,Palmeiras,17,9,41%,287,78%,15,6,1,1,8,2019-08-11,16:00,Palmeiras,Bahia,4-2-3-1,4-3-3,-,2,2,SP,BA,1,2019
6641,14,Bahia,7,4,59%,428,84%,19,3,1,1,3,2019-08-11,16:00,Palmeiras,Bahia,4-2-3-1,4-3-3,-,2,2,SP,BA,1,2019
6642,14,Cruzeiro,14,6,51%,386,77%,15,1,1,2,1,2019-08-11,16:01,Avai,Cruzeiro,4-3-3,4-2-3-1,-,2,2,SC,MG,1,2019
6642,14,Avai,13,3,49%,360,75%,15,4,1,3,5,2019-08-11,16:01,Avai,Cruzeiro,4-3-3,4-2-3-1,-,2,2,SC,MG,1,2019
6643,14,Botafogo-RJ,13,6,46%,367,78%,11,3,0,1,7,2019-08-11,16:01,Botafogo-RJ,Athletico-PR,4-1-4-1,4-2-3-1,Botafogo-RJ,2,1,RJ,PR,3,2019
6643,14,Athletico-PR,17,8,54%,426,80%,12,1,0,0,7,2019-08-11,16:01,Botafogo-RJ,Athletico-PR,4-1-4-1,4-2-3-1,Botafogo-RJ,2,1,RJ,PR,0,2019
6644,14,Vasco,12,5,45%,350,74%,22,3,1,1,4,2019-08-11,19:00,Goias,Vasco,4-2-3-1,4-2-3-1,Vasco,0,1,GO,RJ,3,2019
6644,14,Goias,19,5,55%,420,83%,14,4,0,2,3,2019-08-11,19:00,Goias,Vasco,4-2-3-1,4-2-3-1,Vasco,0,1,GO,RJ,0,2019
6645,14,Fortaleza,6,3,48%,450,85%,13,1,0,4,3,2019-08-12,20:01,CSA,Fortaleza,4-2-2-2,4-4-1-1,Fortaleza,0,2,AL,CE,3,2019
6645,14,CSA,16,5,52%,470,87%,19,3,0,3,2,2019-08-12,20:01,CSA,Fortaleza,4-2-2-2,4-4-1-1,Fortaleza,0,2,AL,CE,0,2019
6649,15,Athletico-PR,0,0,,0,,0,0,0,0,0,2019-08-17,11:04,Athletico-PR,Atletico-MG,4-2-3-1,4-2-3-1,Athletico-PR,1,0,PR,MG,3,2019
6649,15,Atletico-MG,0,0,,0,,0,0,0,0,0,2019-08-17,11:04,Athletico-PR,Atletico-MG,4-2-3-1,4-2-3-1,Athletico-PR,1,0,PR,MG,0,2019
6646,15,Corinthians,18,9,43%,393,87%,17,2,0,2,7,2019-08-17,17:00,Corinthians,Botafogo-RJ,4-1-4-1,4-3-3,Corinthians,2,0,SP,RJ,3,2019
6646,15,Botafogo-RJ,8,3,57%,545,89%,13,3,0,2,2,2019-08-17,17:00,Corinthians,Botafogo-RJ,4-1-4-1,4-3-3,Corinthians,2,0,SP,RJ,0,2019
6647,15,Internacional,7,2,45%,413,84%,14,2,0,4,0,2019-08-17,17:19,Fortaleza,Internacional,4-4-1-1,4-3-3,Internacional,0,1,CE,RS,3,2019
6647,15,Fortaleza,15,4,55%,485,87%,14,1,1,0,7,2019-08-17,17:19,Fortaleza,Internacional,4-4-1-1,4-3-3,Internacional,0,1,CE,RS,0,2019
6648,15,Flamengo,17,10,58%,491,87%,18,3,0,0,7,2019-08-17,19:00,Vasco,Flamengo,4-3-3,4-2-3-1,Flamengo,1,4,RJ,RJ,3,2019
6648,15,Vasco,11,6,42%,347,82%,12,0,0,0,7,2019-08-17,19:00,Vasco,Flamengo,4-3-3,4-2-3-1,Flamengo,1,4,RJ,RJ,0,2019
6650,15,Gremio,14,3,68%,634,89%,13,0,0,0,3,2019-08-17,21:00,Gremio,Palmeiras,4-2-3-1,4-1-4-1,-,1,1,RS,SP,1,2019
6650,15,Palmeiras,15,7,32%,304,79%,14,0,0,1,2,2019-08-17,21:00,Gremio,Palmeiras,4-2-3-1,4-1-4-1,-,1,1,RS,SP,1,2019
6651,15,Fluminense,33,12,68%,686,91%,7,1,0,1,7,2019-08-18,16:00,Fluminense,CSA,4-1-4-1,4-2-2-2,CSA,0,1,RJ,AL,0,2019
6651,15,CSA,5,3,32%,344,72%,16,2,0,1,1,2019-08-18,16:00,Fluminense,CSA,4-1-4-1,4-2-2-2,CSA,0,1,RJ,AL,3,2019
6654,15,Cruzeiro,21,10,66%,576,92%,16,2,0,1,8,2019-08-18,16:00,Cruzeiro,Santos,4-3-3,3-4-3,Cruzeiro,2,0,MG,SP,3,2019
6654,15,Santos,4,2,34%,297,83%,7,0,1,1,4,2019-08-18,16:00,Cruzeiro,Santos,4-3-3,3-4-3,Cruzeiro,2,0,MG,SP,0,2019
6653,15,Goias,11,4,53%,471,81%,13,3,0,1,6,2019-08-18,16:01,Bahia,Goias,4-2-3-1,4-4-2,-,1,1,BA,GO,1,2019
6653,15,Bahia,14,3,47%,436,81%,7,2,1,1,6,2019-08-18,16:01,Bahia,Goias,4-2-3-1,4-4-2,-,1,1,BA,GO,1,2019
6652,15,Ceara,10,5,41%,316,72%,16,2,0,0,11,2019-08-18,16:02,Sao Paulo,Ceara,4-1-4-1,4-2-3-1,Sao Paulo,1,0,SP,CE,0,2019
6652,15,Sao Paulo,12,6,59%,463,82%,12,3,0,4,5,2019-08-18,16:02,Sao Paulo,Ceara,4-1-4-1,4-2-3-1,Sao Paulo,1,0,SP,CE,3,2019
6655,15,Avai,5,0,59%,449,77%,15,0,0,2,3,2019-08-18,19:00,Chapecoense,Avai,4-2-3-1,4-3-3,Chapecoense,1,0,SC,SC,0,2019
6655,15,Chapecoense,12,1,41%,317,68%,25,1,0,2,5,2019-08-18,19:00,Chapecoense,Avai,4-2-3-1,4-3-3,Chapecoense,1,0,SC,SC,3,2019
6635,13,Athletico-PR,0,0,,0,,0,0,0,0,0,2019-08-21,11:58,Athletico-PR,Sao Paulo,4-2-3-1,4-2-3-1,Sao Paulo,0,1,PR,SP,0,2019
6635,13,Sao Paulo,0,0,,0,,0,0,0,0,0,2019-08-21,11:58,Athletico-PR,Sao Paulo,4-2-3-1,4-2-3-1,Sao Paulo,0,1,PR,SP,3,2019
6656,16,Bahia,6,5,43%,391,75%,16,2,0,0,3,2019-08-24,11:00,Atletico-MG,Bahia,4-2-3-1,4-3-3,Bahia,0,1,MG,BA,3,2019
6656,16,Atletico-MG,21,7,57%,501,82%,17,0,0,1,6,2019-08-24,11:00,Atletico-MG,Bahia,4-2-3-1,4-3-3,Bahia,0,1,MG,BA,0,2019
6657,16,Gremio,0,0,,0,,0,0,0,0,0,2019-08-24,17:00,Gremio,Athletico-PR,4-2-3-1,4-1-4-1,Gremio,2,1,RS,PR,3,2019
6657,16,Athletico-PR,0,0,,0,,0,0,0,0,0,2019-08-24,17:00,Gremio,Athletico-PR,4-2-3-1,4-1-4-1,Gremio,2,1,RS,PR,0,2019
6658,16,Goias,7,4,26%,203,68%,9,2,1,0,5,2019-08-25,16:00,Goias,Internacional,4-4-2,4-3-3,Goias,2,1,GO,RS,3,2019
6658,16,Internacional,11,5,74%,611,88%,14,2,0,3,5,2019-08-25,16:00,Goias,Internacional,4-4-2,4-3-3,Goias,2,1,GO,RS,0,2019
6659,16,Vasco,18,7,52%,473,85%,19,4,0,0,2,2019-08-25,16:00,Vasco,Sao Paulo,4-1-4-1,4-1-4-1,Vasco,2,0,RJ,SP,3,2019
6659,16,Sao Paulo,3,1,48%,449,83%,16,3,1,2,1,2019-08-25,16:00,Vasco,Sao Paulo,4-1-4-1,4-1-4-1,Vasco,2,0,RJ,SP,0,2019
6660,16,Fortaleza,9,5,39%,312,77%,22,3,0,0,5,2019-08-25,16:00,Santos,Fortaleza,4-3-3,4-2-3-1,-,3,3,SP,CE,1,2019
6660,16,Santos,17,10,61%,486,86%,14,3,0,1,3,2019-08-25,16:00,Santos,Fortaleza,4-3-3,4-2-3-1,-,3,3,SP,CE,1,2019
6663,16,Cruzeiro,13,6,53%,497,86%,14,3,0,1,4,2019-08-25,19:00,CSA,Cruzeiro,4-1-2-1-2,4-2-3-1,-,1,1,AL,MG,1,2019
6663,16,CSA,18,3,47%,441,86%,17,3,0,3,6,2019-08-25,19:00,CSA,Cruzeiro,4-1-2-1-2,4-2-3-1,-,1,1,AL,MG,1,2019
6661,16,Flamengo,10,5,48%,404,80%,14,0,0,3,2,2019-08-25,19:01,Ceara,Flamengo,4-2-3-1,4-1-4-1,Flamengo,0,3,CE,RJ,3,2019
6661,16,Ceara,16,4,52%,412,82%,11,3,0,4,9,2019-08-25,19:01,Ceara,Flamengo,4-2-3-1,4-1-4-1,Flamengo,0,3,CE,RJ,0,2019
6662,16,Corinthians,8,4,52%,420,78%,15,1,1,2,2,2019-08-25,19:01,Avai,Corinthians,4-3-3,4-1-4-1,-,1,1,SC,SP,1,2019
6662,16,Avai,12,2,48%,399,78%,19,0,1,2,4,2019-08-25,19:01,Avai,Corinthians,4-3-3,4-1-4-1,-,1,1,SC,SP,1,2019
6664,16,Botafogo-RJ,15,2,61%,450,84%,13,2,0,0,5,2019-08-26,20:00,Botafogo-RJ,Chapecoense,4-2-3-1,4-2-3-1,-,0,0,RJ,SC,1,2019
6664,16,Chapecoense,15,5,39%,285,69%,16,1,0,2,4,2019-08-26,20:00,Botafogo-RJ,Chapecoense,4-2-3-1,4-2-3-1,-,0,0,RJ,SC,1,2019
6666,17,Gremio,7,3,45%,426,79%,9,1,0,0,5,2019-08-31,11:02,Sao Paulo,Gremio,4-2-3-1,4-2-3-1,-,0,0,SP,RS,1,2019
6666,17,Sao Paulo,19,4,55%,496,81%,10,0,1,0,5,2019-08-31,11:02,Sao Paulo,Gremio,4-2-3-1,4-2-3-1,-,0,0,SP,RS,1,2019
6667,17,CSA,8,2,33%,285,69%,17,1,0,3,2,2019-08-31,17:01,Bahia,CSA,4-2-3-1,4-4-2,Bahia,1,0,BA,AL,0,2019
6667,17,Bahia,15,7,67%,538,84%,15,1,0,0,8,2019-08-31,17:01,Bahia,CSA,4-2-3-1,4-4-2,Bahia,1,0,BA,AL,3,2019
6669,17,Athletico-PR,11,4,69%,534,82%,14,1,0,0,10,2019-08-31,19:01,Athletico-PR,Ceara,4-2-3-1,4-2-3-1,Athletico-PR,1,0,PR,CE,3,2019
6669,17,Ceara,9,5,31%,247,61%,15,3,0,2,4,2019-08-31,19:01,Athletico-PR,Ceara,4-2-3-1,4-2-3-1,Athletico-PR,1,0,PR,CE,0,2019
6668,17,Chapecoense,8,5,52%,399,82%,17,2,0,1,5,2019-08-31,19:02,Chapecoense,Santos,5-4-1,3-4-3,Santos,0,1,SC,SP,0,2019
6668,17,Santos,12,4,48%,386,80%,19,4,0,3,5,2019-08-31,19:02,Chapecoense,Santos,5-4-1,3-4-3,Santos,0,1,SC,SP,3,2019
6670,17,Internacional,16,9,49%,485,83%,10,4,0,0,8,2019-08-31,21:00,Internacional,Botafogo-RJ,4-1-4-1,4-1-4-1,Internacional,3,2,RS,RJ,3,2019
6670,17,Botafogo-RJ,17,7,51%,496,85%,6,4,0,1,1,2019-08-31,21:00,Internacional,Botafogo-RJ,4-1-4-1,4-1-4-1,Internacional,3,2,RS,RJ,0,2019
6671,17,Flamengo,12,4,66%,658,90%,15,2,0,0,1,2019-09-01,16:00,Flamengo,Palmeiras,4-2-3-1,4-1-4-1,Flamengo,3,0,RJ,SP,3,2019
6671,17,Palmeiras,2,0,34%,341,79%,16,2,1,3,1,2019-09-01,16:00,Flamengo,Palmeiras,4-2-3-1,4-1-4-1,Flamengo,3,0,RJ,SP,0,2019
6672,17,Goias,7,2,48%,365,81%,14,1,1,4,3,2019-09-01,16:02,Fortaleza,Goias,4-2-3-1,4-4-1-1,Fortaleza,2,0,CE,GO,0,2019
6672,17,Fortaleza,11,3,52%,389,82%,21,3,0,0,5,2019-09-01,16:02,Fortaleza,Goias,4-2-3-1,4-4-1-1,Fortaleza,2,0,CE,GO,3,2019
6673,17,Vasco,12,2,43%,364,83%,15,4,0,1,11,2019-09-01,19:00,Cruzeiro,Vasco,4-2-3-1,4-1-4-1,Cruzeiro,1,0,MG,RJ,0,2019
6673,17,Cruzeiro,11,3,57%,501,89%,14,3,0,2,3,2019-09-01,19:00,Cruzeiro,Vasco,4-2-3-1,4-1-4-1,Cruzeiro,1,0,MG,RJ,3,2019
6674,17,Atletico-MG,11,5,55%,607,86%,14,1,0,1,4,2019-09-01,19:01,Corinthians,Atletico-MG,4-1-4-1,4-1-4-1,Corinthians,1,0,SP,MG,0,2019
6674,17,Corinthians,14,5,45%,484,86%,9,0,0,0,10,2019-09-01,19:01,Corinthians,Atletico-MG,4-1-4-1,4-1-4-1,Corinthians,1,0,SP,MG,3,2019
6675,17,Avai,7,2,39%,344,78%,15,1,0,0,2,2019-09-02,20:00,Fluminense,Avai,4-1-4-1,4-1-4-1,Avai,0,1,RJ,SC,3,2019
6675,17,Fluminense,26,10,61%,509,88%,14,3,0,0,12,2019-09-02,20:00,Fluminense,Avai,4-1-4-1,4-1-4-1,Avai,0,1,RJ,SC,0,2019
6677,18,Ceara,12,6,39%,320,81%,10,1,0,2,8,2019-09-07,11:01,Corinthians,Ceara,4-1-4-1,4-2-3-1,-,2,2,SP,CE,1,2019
6677,18,Corinthians,13,2,61%,508,86%,9,1,0,2,5,2019-09-07,11:01,Corinthians,Ceara,4-1-4-1,4-2-3-1,-,2,2,SP,CE,1,2019
6676,18,Vasco,21,4,57%,453,82%,15,3,0,2,4,2019-09-07,11:02,Vasco,Bahia,4-2-3-1,4-3-3,Bahia,0,2,RJ,BA,0,2019
6676,18,Bahia,9,3,43%,354,71%,19,1,0,1,3,2019-09-07,11:02,Vasco,Bahia,4-2-3-1,4-3-3,Bahia,0,2,RJ,BA,3,2019
6678,18,Avai,8,2,41%,378,81%,15,1,1,1,4,2019-09-07,17:01,Avai,Flamengo,4-5-1,4-2-3-1,Flamengo,0,3,SC,RJ,0,2019
6678,18,Flamengo,9,5,59%,540,86%,9,2,0,1,8,2019-09-07,17:01,Avai,Flamengo,4-5-1,4-2-3-1,Flamengo,0,3,SC,RJ,3,2019
6679,18,Fluminense,9,4,54%,472,86%,15,2,0,4,4,2019-09-07,17:01,Fortaleza,Fluminense,4-3-3,4-1-4-1,Fluminense,0,1,CE,RJ,3,2019
6679,18,Fortaleza,18,8,46%,413,86%,13,1,0,2,5,2019-09-07,17:01,Fortaleza,Fluminense,4-3-3,4-1-4-1,Fluminense,0,1,CE,RJ,0,2019
6680,18,Sao Paulo,9,4,49%,442,77%,16,5,0,1,2,2019-09-07,19:00,Internacional,Sao Paulo,4-2-3-1,4-2-3-1,Internacional,1,0,RS,SP,0,2019
6680,18,Internacional,13,4,51%,445,81%,14,1,0,3,9,2019-09-07,19:00,Internacional,Sao Paulo,4-2-3-1,4-2-3-1,Internacional,1,0,RS,SP,3,2019
6681,18,Goias,9,2,34%,276,74%,11,5,0,1,3,2019-09-07,21:00,Goias,Palmeiras,4-2-3-1,4-2-3-1,Palmeiras,1,2,GO,SP,0,2019
6681,18,Palmeiras,18,9,66%,516,83%,21,0,1,2,7,2019-09-07,21:00,Goias,Palmeiras,4-2-3-1,4-2-3-1,Palmeiras,1,2,GO,SP,3,2019
6682,18,Gremio,12,4,48%,533,91%,10,1,0,0,2,2019-09-08,11:00,Cruzeiro,Gremio,4-2-3-1,4-2-3-1,Gremio,1,4,MG,RS,3,2019
6682,18,Cruzeiro,19,8,52%,571,91%,11,2,0,0,7,2019-09-08,11:00,Cruzeiro,Gremio,4-2-3-1,4-2-3-1,Gremio,1,4,MG,RS,0,2019
6683,18,Santos,22,11,62%,437,77%,8,3,0,1,11,2019-09-08,16:00,Santos,Athletico-PR,3-4-3,4-2-3-1,-,1,1,SP,PR,1,2019
6683,18,Athletico-PR,9,4,38%,289,68%,15,6,0,1,3,2019-09-08,16:00,Santos,Athletico-PR,3-4-3,4-2-3-1,-,1,1,SP,PR,1,2019
6684,18,Botafogo-RJ,11,6,47%,435,84%,14,4,0,2,2,2019-09-08,16:00,Botafogo-RJ,Atletico-MG,4-1-4-1,4-1-4-1,Botafogo-RJ,2,1,RJ,MG,3,2019
6684,18,Atletico-MG,18,6,53%,482,88%,14,2,1,4,8,2019-09-08,16:00,Botafogo-RJ,Atletico-MG,4-1-4-1,4-1-4-1,Botafogo-RJ,2,1,RJ,MG,0,2019
6685,18,Chapecoense,15,3,52%,320,72%,14,1,2,0,7,2019-09-08,19:00,CSA,Chapecoense,4-1-2-1-2,4-2-3-1,CSA,2,0,AL,SC,0,2019
6685,18,CSA,10,4,48%,312,76%,22,3,0,3,3,2019-09-08,19:00,CSA,Chapecoense,4-1-2-1-2,4-2-3-1,CSA,2,0,AL,SC,3,2019
6665,16,Fluminense,12,1,54%,463,87%,11,2,0,2,7,2019-09-10,21:00,Palmeiras,Fluminense,4-2-3-1,4-1-4-1,Palmeiras,3,0,SP,RJ,0,2019
6665,16,Palmeiras,15,8,46%,406,83%,12,0,0,0,3,2019-09-10,21:00,Palmeiras,Fluminense,4-2-3-1,4-1-4-1,Palmeiras,3,0,SP,RJ,3,2019
6686,19,Santos,6,0,48%,349,74%,24,5,0,3,1,2019-09-14,17:01,Flamengo,Santos,4-2-3-1,4-3-3,Flamengo,1,0,RJ,SP,0,2019
6686,19,Flamengo,12,2,52%,379,70%,20,2,0,1,3,2019-09-14,17:01,Flamengo,Santos,4-2-3-1,4-3-3,Flamengo,1,0,RJ,SP,3,2019
6687,19,Chapecoense,19,7,56%,400,81%,14,2,0,0,7,2019-09-14,19:00,Chapecoense,Vasco,4-1-4-1,4-2-3-1,Vasco,1,2,SC,RJ,0,2019
6687,19,Vasco,15,8,44%,334,77%,22,5,0,1,5,2019-09-14,19:00,Chapecoense,Vasco,4-1-4-1,4-2-3-1,Vasco,1,2,SC,RJ,3,2019
6688,19,Cruzeiro,7,3,42%,351,77%,19,3,0,0,4,2019-09-14,19:00,Palmeiras,Cruzeiro,4-2-3-1,4-2-3-1,Palmeiras,1,0,SP,MG,0,2019
6688,19,Palmeiras,13,3,58%,461,86%,20,2,0,1,4,2019-09-14,19:00,Palmeiras,Cruzeiro,4-2-3-1,4-2-3-1,Palmeiras,1,0,SP,MG,3,2019
6689,19,Botafogo-RJ,3,0,61%,570,87%,5,1,0,0,0,2019-09-14,21:00,Ceara,Botafogo-RJ,4-2-3-1,4-1-4-1,-,0,0,CE,RJ,1,2019
6689,19,Ceara,23,6,39%,347,78%,11,1,0,5,18,2019-09-14,21:00,Ceara,Botafogo-RJ,4-2-3-1,4-1-4-1,-,0,0,CE,RJ,1,2019
6691,19,Atletico-MG,25,11,61%,659,88%,6,0,0,0,10,2019-09-15,11:02,Atletico-MG,Internacional,4-1-4-1,4-2-3-1,Internacional,1,3,MG,RS,0,2019
6691,19,Internacional,15,9,39%,435,83%,14,1,0,1,0,2019-09-15,11:02,Atletico-MG,Internacional,4-1-4-1,4-2-3-1,Internacional,1,3,MG,RS,3,2019
6690,19,Athletico-PR,0,0,,0,,0,0,0,0,0,2019-09-15,11:21,Athletico-PR,Avai,4-1-4-1,4-1-4-1,Avai,0,1,PR,SC,0,2019
6690,19,Avai,0,0,,0,,0,0,0,0,0,2019-09-15,11:21,Athletico-PR,Avai,4-1-4-1,4-1-4-1,Avai,0,1,PR,SC,3,2019
6693,19,Gremio,22,10,64%,628,88%,10,0,0,1,15,2019-09-15,16:00,Gremio,Goias,4-2-3-1,4-3-3,Gremio,3,0,RS,GO,3,2019
6693,19,Goias,12,4,36%,365,84%,10,1,0,0,4,2019-09-15,16:00,Gremio,Goias,4-2-3-1,4-3-3,Gremio,3,0,RS,GO,0,2019
6694,19,Fluminense,12,2,49%,429,84%,19,4,0,2,3,2019-09-15,16:00,Fluminense,Corinthians,4-2-3-1,4-1-4-1,Fluminense,1,0,RJ,SP,3,2019
6694,19,Corinthians,13,3,51%,439,88%,12,1,0,1,6,2019-09-15,16:00,Fluminense,Corinthians,4-2-3-1,4-1-4-1,Fluminense,1,0,RJ,SP,0,2019
6692,19,Fortaleza,9,1,46%,336,77%,11,1,0,0,7,2019-09-15,16:02,Bahia,Fortaleza,4-2-3-1,4-2-3-1,-,1,1,BA,CE,1,2019
6692,19,Bahia,11,3,54%,383,81%,16,1,0,5,5,2019-09-15,16:02,Bahia,Fortaleza,4-2-3-1,4-2-3-1,-,1,1,BA,CE,1,2019
6695,19,CSA,7,2,28%,206,57%,16,3,0,1,3,2019-09-15,19:01,Sao Paulo,CSA,4-2-3-1,4-2-3-1,-,1,1,SP,AL,1,2019
6695,19,Sao Paulo,33,6,72%,523,86%,14,1,0,3,11,2019-09-15,19:01,Sao Paulo,CSA,4-2-3-1,4-2-3-1,-,1,1,SP,AL,1,2019
6696,20,Sao Paulo,17,7,46%,383,76%,23,1,0,2,11,2019-09-21,11:01,Botafogo-RJ,Sao Paulo,4-1-4-1,4-1-4-1,Sao Paulo,1,2,RJ,SP,3,2019
6696,20,Botafogo-RJ,14,5,54%,442,82%,14,3,0,2,1,2019-09-21,11:01,Botafogo-RJ,Sao Paulo,4-1-4-1,4-1-4-1,Sao Paulo,1,2,RJ,SP,0,2019
6697,20,Flamengo,13,5,59%,487,85%,14,2,0,0,4,2019-09-21,17:00,Cruzeiro,Flamengo,4-2-3-1,4-2-3-1,Flamengo,1,2,MG,RJ,3,2019
6697,20,Cruzeiro,9,3,41%,351,80%,9,2,0,3,1,2019-09-21,17:00,Cruzeiro,Flamengo,4-2-3-1,4-2-3-1,Flamengo,1,2,MG,RJ,0,2019
6698,20,Corinthians,15,3,49%,396,83%,12,2,0,2,4,2019-09-21,19:03,Corinthians,Bahia,4-1-4-1,4-1-4-1,Corinthians,2,1,SP,BA,3,2019
6698,20,Bahia,9,3,51%,419,84%,15,4,0,1,3,2019-09-21,19:03,Corinthians,Bahia,4-1-4-1,4-1-4-1,Corinthians,2,1,SP,BA,0,2019
6699,20,Gremio,12,6,42%,346,74%,15,4,0,0,2,2019-09-21,21:00,Santos,Gremio,4-3-3,4-2-3-1,Gremio,0,3,SP,RS,3,2019
6699,20,Santos,18,5,58%,468,82%,13,1,0,0,9,2019-09-21,21:00,Santos,Gremio,4-3-3,4-2-3-1,Gremio,0,3,SP,RS,0,2019
6700,20,Chapecoense,8,2,36%,303,71%,19,4,0,0,3,2019-09-22,11:00,Internacional,Chapecoense,4-3-3,4-1-4-1,Internacional,1,0,RS,SC,0,2019
6700,20,Internacional,14,3,64%,527,84%,12,0,0,3,8,2019-09-22,11:00,Internacional,Chapecoense,4-3-3,4-1-4-1,Internacional,1,0,RS,SC,3,2019
6703,20,Vasco,0,0,,0,,0,0,0,0,0,2019-09-22,14:14,Vasco,Athletico-PR,4-1-4-1,4-1-4-1,-,1,1,RJ,PR,1,2019
6703,20,Athletico-PR,0,0,,0,,0,0,0,0,0,2019-09-22,14:14,Vasco,Athletico-PR,4-1-4-1,4-1-4-1,-,1,1,RJ,PR,1,2019
6701,20,Palmeiras,14,3,57%,459,83%,11,1,0,4,5,2019-09-22,16:00,Fortaleza,Palmeiras,4-2-3-1,4-2-3-1,Palmeiras,0,1,CE,SP,3,2019
6701,20,Fortaleza,12,1,43%,346,78%,16,4,0,1,5,2019-09-22,16:00,Fortaleza,Palmeiras,4-2-3-1,4-2-3-1,Palmeiras,0,1,CE,SP,0,2019
6702,20,Ceara,23,9,55%,399,79%,9,2,0,1,11,2019-09-22,16:01,CSA,Ceara,4-2-3-1,4-2-3-1,CSA,1,0,AL,CE,0,2019
6702,20,CSA,12,5,45%,322,75%,20,1,0,4,6,2019-09-22,16:01,CSA,Ceara,4-2-3-1,4-2-3-1,CSA,1,0,AL,CE,3,2019
6704,20,Fluminense,8,2,72%,572,87%,10,0,0,1,8,2019-09-22,19:00,Goias,Fluminense,4-4-1-1,4-2-3-1,Goias,3,0,GO,RJ,0,2019
6704,20,Goias,11,5,28%,231,77%,16,4,1,1,4,2019-09-22,19:00,Goias,Fluminense,4-4-1-1,4-2-3-1,Goias,3,0,GO,RJ,3,2019
6705,20,Avai,11,7,36%,318,72%,11,3,0,2,4,2019-09-23,20:00,Avai,Atletico-MG,4-1-4-1,4-2-3-1,Avai,1,0,SC,MG,3,2019
6705,20,Atletico-MG,14,4,64%,558,82%,14,1,0,1,10,2019-09-23,20:00,Avai,Atletico-MG,4-1-4-1,4-2-3-1,Avai,1,0,SC,MG,0,2019
6706,21,Ceara,19,8,46%,402,75%,18,2,0,1,8,2019-09-25,19:30,Ceara,Cruzeiro,4-2-3-1,4-1-4-1,-,0,0,CE,MG,1,2019
6706,21,Cruzeiro,14,3,54%,461,78%,17,3,0,2,3,2019-09-25,19:30,Ceara,Cruzeiro,4-2-3-1,4-1-4-1,-,0,0,CE,MG,1,2019
6707,21,Bahia,19,3,58%,509,86%,17,1,0,0,5,2019-09-25,21:30,Bahia,Botafogo-RJ,4-1-4-1,4-4-1-1,Bahia,2,0,BA,RJ,3,2019
6707,21,Botafogo-RJ,3,1,42%,377,80%,9,0,1,1,1,2019-09-25,21:30,Bahia,Botafogo-RJ,4-1-4-1,4-4-1-1,Bahia,2,0,BA,RJ,0,2019
6708,21,Internacional,3,2,27%,232,72%,6,1,2,3,1,2019-09-25,21:30,Flamengo,Internacional,4-2-3-1,4-3-3,Flamengo,3,1,RJ,RS,0,2019
6708,21,Flamengo,21,7,73%,594,88%,16,1,0,1,6,2019-09-25,21:30,Flamengo,Internacional,4-2-3-1,4-3-3,Flamengo,3,1,RJ,RS,3,2019
6709,21,Sao Paulo,13,4,73%,543,83%,21,2,0,4,10,2019-09-25,21:31,Sao Paulo,Goias,4-2-3-1,4-4-1-1,Goias,0,1,SP,GO,0,2019
6709,21,Goias,3,3,27%,212,60%,24,4,0,0,0,2019-09-25,21:31,Sao Paulo,Goias,4-2-3-1,4-4-1-1,Goias,0,1,SP,GO,3,2019
6710,21,Palmeiras,17,11,70%,694,91%,13,0,0,0,5,2019-09-26,19:15,Palmeiras,CSA,4-2-3-1,4-2-3-1,Palmeiras,6,2,SP,AL,3,2019
6710,21,CSA,11,4,30%,295,82%,13,1,0,0,2,2019-09-26,19:15,Palmeiras,CSA,4-2-3-1,4-2-3-1,Palmeiras,6,2,SP,AL,0,2019
6711,21,Santos,19,7,53%,467,83%,15,2,1,1,5,2019-09-26,20:00,Fluminense,Santos,4-1-4-1,3-4-3,-,1,1,RJ,SP,1,2019
6711,21,Fluminense,13,3,47%,418,80%,12,2,2,2,1,2019-09-26,20:00,Fluminense,Santos,4-1-4-1,3-4-3,-,1,1,RJ,SP,1,2019
6712,21,Avai,11,4,48%,538,89%,9,1,0,0,2,2019-09-26,20:00,Gremio,Avai,4-2-3-1,4-1-4-1,Gremio,6,1,RS,SC,0,2019
6712,21,Gremio,11,8,52%,585,89%,18,1,0,0,6,2019-09-26,20:00,Gremio,Avai,4-2-3-1,4-1-4-1,Gremio,6,1,RS,SC,3,2019
6713,21,Fortaleza,11,3,34%,321,79%,8,0,0,1,7,2019-09-26,21:31,Athletico-PR,Fortaleza,4-1-4-1,4-2-3-1,Athletico-PR,4,1,PR,CE,0,2019
6713,21,Athletico-PR,20,9,66%,607,89%,11,3,0,0,11,2019-09-26,21:31,Athletico-PR,Fortaleza,4-1-4-1,4-2-3-1,Athletico-PR,4,1,PR,CE,3,2019
6716,22,Flamengo,17,8,62%,531,84%,20,3,0,2,9,2019-09-28,19:00,Flamengo,Sao Paulo,4-2-3-1,4-1-4-1,-,0,0,RJ,SP,1,2019
6716,22,Sao Paulo,8,1,38%,334,73%,27,4,0,3,2,2019-09-28,19:00,Flamengo,Sao Paulo,4-2-3-1,4-1-4-1,-,0,0,RJ,SP,1,2019
6717,22,Vasco,15,2,45%,382,78%,23,5,0,4,2,2019-09-29,11:03,Corinthians,Vasco,4-1-4-1,4-3-3,Corinthians,1,0,SP,RJ,0,2019
6717,22,Corinthians,10,7,55%,455,81%,16,3,0,2,5,2019-09-29,11:03,Corinthians,Vasco,4-1-4-1,4-3-3,Corinthians,1,0,SP,RJ,3,2019
6721,22,Athletico-PR,0,0,,0,,0,0,0,0,0,2019-09-29,15:11,Athletico-PR,Chapecoense,4-3-3,4-3-3,-,1,1,PR,SC,1,2019
6721,22,Chapecoense,0,0,,0,,0,0,0,0,0,2019-09-29,15:11,Athletico-PR,Chapecoense,4-3-3,4-3-3,-,1,1,PR,SC,1,2019
6718,22,CSA,9,2,37%,338,76%,12,2,0,2,4,2019-09-29,16:00,Santos,CSA,4-3-3,4-2-2-2,Santos,2,0,SP,AL,0,2019
6718,22,Santos,12,5,63%,572,87%,13,0,1,1,10,2019-09-29,16:00,Santos,CSA,4-3-3,4-2-2-2,Santos,2,0,SP,AL,3,2019
6719,22,Palmeiras,12,5,46%,403,82%,17,2,0,1,3,2019-09-29,16:00,Internacional,Palmeiras,4-3-3,4-2-3-1,-,1,1,RS,SP,1,2019
6719,22,Internacional,18,6,54%,455,85%,28,3,0,0,3,2019-09-29,16:00,Internacional,Palmeiras,4-3-3,4-2-3-1,-,1,1,RS,SP,1,2019
6720,22,Gremio,15,4,53%,531,87%,9,4,0,1,6,2019-09-29,16:00,Fluminense,Gremio,4-1-4-1,4-2-3-1,Fluminense,2,1,RJ,RS,0,2019
6720,22,Fluminense,12,5,47%,481,85%,17,1,0,0,2,2019-09-29,16:00,Fluminense,Gremio,4-1-4-1,4-2-3-1,Fluminense,2,1,RJ,RS,3,2019
6722,22,Ceara,8,1,38%,315,73%,12,2,0,1,8,2019-09-29,19:01,Atletico-MG,Ceara,4-1-4-1,4-2-3-1,Atletico-MG,2,1,MG,CE,0,2019
6722,22,Atletico-MG,25,6,62%,515,85%,13,0,0,0,5,2019-09-29,19:01,Atletico-MG,Ceara,4-1-4-1,4-2-3-1,Atletico-MG,2,1,MG,CE,3,2019
6723,22,Avai,14,4,56%,481,82%,16,1,0,4,7,2019-09-30,20:00,Avai,Bahia,4-5-1,4-3-3,Bahia,0,2,SC,BA,0,2019
6723,22,Bahia,6,2,44%,393,76%,16,2,0,1,5,2019-09-30,20:00,Avai,Bahia,4-5-1,4-3-3,Bahia,0,2,SC,BA,3,2019
6724,22,Fortaleza,16,3,45%,410,85%,15,3,0,1,5,2019-09-30,20:00,Fortaleza,Botafogo-RJ,4-2-3-1,4-1-4-1,Fortaleza,1,0,CE,RJ,3,2019
6724,22,Botafogo-RJ,6,2,55%,502,84%,12,2,0,1,1,2019-09-30,20:00,Fortaleza,Botafogo-RJ,4-2-3-1,4-1-4-1,Fortaleza,1,0,CE,RJ,0,2019
6725,22,Cruzeiro,11,1,67%,505,83%,19,3,0,2,9,2019-09-30,20:01,Goias,Cruzeiro,4-3-3,4-2-3-1,Goias,1,0,GO,MG,0,2019
6725,22,Goias,8,2,33%,252,66%,20,0,0,0,0,2019-09-30,20:01,Goias,Cruzeiro,4-3-3,4-2-3-1,Goias,1,0,GO,MG,3,2019
6714,21,Atletico-MG,14,3,55%,404,80%,18,3,0,1,5,2019-10-02,19:15,Atletico-MG,Vasco,4-2-3-1,4-4-2,Vasco,1,2,MG,RJ,0,2019
6714,21,Vasco,16,5,45%,338,78%,22,2,0,2,7,2019-10-02,19:15,Atletico-MG,Vasco,4-2-3-1,4-4-2,Vasco,1,2,MG,RJ,3,2019
6715,21,Corinthians,12,2,45%,336,75%,15,2,0,2,7,2019-10-02,19:16,Chapecoense,Corinthians,4-1-4-1,4-1-4-1,Corinthians,0,1,SC,SP,3,2019
6715,21,Chapecoense,14,4,55%,397,79%,19,3,0,1,9,2019-10-02,19:16,Chapecoense,Corinthians,4-1-4-1,4-1-4-1,Corinthians,0,1,SC,SP,0,2019
6726,23,Santos,8,4,58%,423,81%,17,2,1,1,2,2019-10-05,17:00,Vasco,Santos,4-3-3,3-4-3,Santos,0,1,RJ,SP,3,2019
6726,23,Vasco,16,2,42%,285,73%,15,4,0,1,8,2019-10-05,17:00,Vasco,Santos,4-3-3,3-4-3,Santos,0,1,RJ,SP,0,2019
6727,23,Sao Paulo,19,8,62%,478,89%,15,3,0,0,9,2019-10-05,17:02,Sao Paulo,Fortaleza,4-1-4-1,4-2-3-1,Sao Paulo,2,1,SP,CE,3,2019
6727,23,Fortaleza,7,2,38%,300,80%,14,2,0,0,3,2019-10-05,17:02,Sao Paulo,Fortaleza,4-1-4-1,4-2-3-1,Sao Paulo,2,1,SP,CE,0,2019
6728,23,Corinthians,13,2,35%,338,81%,12,2,0,0,5,2019-10-05,19:00,Gremio,Corinthians,4-2-3-1,4-4-1-1,-,0,0,RS,SP,1,2019
6728,23,Gremio,18,4,65%,609,88%,12,3,0,3,10,2019-10-05,19:00,Gremio,Corinthians,4-2-3-1,4-4-1-1,-,0,0,RS,SP,1,2019
6729,23,Bahia,14,4,46%,413,83%,9,2,0,1,4,2019-10-05,19:02,Bahia,Athletico-PR,4-3-3,4-2-3-1,Athletico-PR,1,2,BA,PR,0,2019
6729,23,Athletico-PR,13,5,54%,491,83%,14,3,0,1,4,2019-10-05,19:02,Bahia,Athletico-PR,4-3-3,4-2-3-1,Athletico-PR,1,2,BA,PR,3,2019
6730,23,Internacional,12,2,47%,440,82%,14,3,0,1,3,2019-10-05,21:00,Cruzeiro,Internacional,4-2-3-1,4-3-3,-,1,1,MG,RS,1,2019
6730,23,Cruzeiro,16,5,53%,470,81%,18,5,0,0,3,2019-10-05,21:00,Cruzeiro,Internacional,4-2-3-1,4-3-3,-,1,1,MG,RS,1,2019
6731,23,Chapecoense,5,1,36%,298,65%,16,1,0,3,1,2019-10-06,11:01,Chapecoense,Flamengo,4-1-4-1,4-2-3-1,Flamengo,0,1,SC,RJ,0,2019
6731,23,Flamengo,24,5,64%,520,82%,20,0,0,2,8,2019-10-06,11:01,Chapecoense,Flamengo,4-1-4-1,4-2-3-1,Flamengo,0,1,SC,RJ,3,2019
6733,23,Palmeiras,19,7,67%,506,88%,12,3,0,2,17,2019-10-06,16:00,Palmeiras,Atletico-MG,4-2-3-1,5-4-1,-,1,1,SP,MG,1,2019
6733,23,Atletico-MG,11,5,33%,254,72%,20,4,0,1,2,2019-10-06,16:00,Palmeiras,Atletico-MG,4-2-3-1,5-4-1,-,1,1,SP,MG,1,2019
6734,23,Botafogo-RJ,11,5,46%,410,79%,20,4,0,3,5,2019-10-06,16:00,Botafogo-RJ,Fluminense,4-1-2-1-2,4-1-4-1,Fluminense,0,1,RJ,RJ,0,2019
6734,23,Fluminense,12,5,54%,481,86%,20,1,0,3,2,2019-10-06,16:00,Botafogo-RJ,Fluminense,4-1-2-1-2,4-1-4-1,Fluminense,0,1,RJ,RJ,3,2019
6732,23,Goias,9,3,42%,314,72%,12,0,0,1,9,2019-10-06,16:01,Ceara,Goias,4-4-2,4-3-3,Goias,0,1,CE,GO,3,2019
6732,23,Ceara,23,5,58%,411,85%,7,1,0,2,15,2019-10-06,16:01,Ceara,Goias,4-4-2,4-3-3,Goias,0,1,CE,GO,0,2019
6735,23,CSA,15,6,29%,242,72%,10,3,0,1,4,2019-10-06,19:00,CSA,Avai,4-3-3,4-1-4-1,CSA,3,1,AL,SC,3,2019
6735,23,Avai,17,1,71%,593,88%,11,3,0,1,8,2019-10-06,19:00,CSA,Avai,4-3-3,4-1-4-1,CSA,3,1,AL,SC,0,2019
6737,24,Goias,18,4,57%,446,83%,18,2,0,1,5,2019-10-09,19:15,Botafogo-RJ,Goias,4-3-1-2,4-3-3,Botafogo-RJ,3,1,RJ,GO,0,2019
6737,24,Botafogo-RJ,12,7,43%,348,76%,29,4,0,2,5,2019-10-09,19:15,Botafogo-RJ,Goias,4-3-1-2,4-3-3,Botafogo-RJ,3,1,RJ,GO,3,2019
6736,24,CSA,14,4,30%,259,71%,16,2,0,0,3,2019-10-09,19:16,CSA,Internacional,4-2-3-1,4-3-3,CSA,1,0,AL,RS,3,2019
6736,24,Internacional,14,2,70%,593,88%,9,2,0,4,11,2019-10-09,19:16,CSA,Internacional,4-2-3-1,4-3-3,CSA,1,0,AL,RS,0,2019
6738,24,Fortaleza,10,5,53%,446,84%,18,4,0,4,2,2019-10-09,20:31,Fortaleza,Chapecoense,4-2-3-1,4-2-4-0,Fortaleza,2,0,CE,SC,3,2019
6738,24,Chapecoense,16,5,47%,397,83%,17,2,0,1,6,2019-10-09,20:31,Fortaleza,Chapecoense,4-2-3-1,4-2-4-0,Fortaleza,2,0,CE,SC,0,2019
6740,24,Gremio,11,4,69%,641,90%,11,0,0,1,4,2019-10-09,21:00,Gremio,Ceara,4-2-3-1,4-2-3-1,Gremio,2,1,RS,CE,3,2019
6740,24,Ceara,10,5,31%,293,76%,19,3,0,1,4,2019-10-09,21:00,Gremio,Ceara,4-2-3-1,4-2-3-1,Gremio,2,1,RS,CE,0,2019
6739,24,Sao Paulo,8,2,60%,565,86%,15,1,0,2,5,2019-10-09,21:01,Bahia,Sao Paulo,4-1-4-1,4-2-3-1,-,0,0,BA,SP,1,2019
6739,24,Bahia,14,6,40%,378,82%,10,2,0,3,3,2019-10-09,21:01,Bahia,Sao Paulo,4-1-4-1,4-2-3-1,-,0,0,BA,SP,1,2019
6741,24,Fluminense,9,0,49%,460,80%,18,3,0,0,5,2019-10-09,21:30,Cruzeiro,Fluminense,4-4-2,4-1-4-1,-,0,0,MG,RJ,1,2019
6741,24,Cruzeiro,17,8,51%,459,77%,17,4,0,3,2,2019-10-09,21:30,Cruzeiro,Fluminense,4-4-2,4-1-4-1,-,0,0,MG,RJ,1,2019
6742,24,Palmeiras,13,3,43%,364,84%,13,2,1,0,3,2019-10-09,21:30,Santos,Palmeiras,4-3-3,4-2-3-1,Santos,2,0,SP,SP,0,2019
6742,24,Santos,15,6,57%,474,88%,16,1,0,3,2,2019-10-09,21:30,Santos,Palmeiras,4-3-3,4-2-3-1,Santos,2,0,SP,SP,3,2019
6743,24,Athletico-PR,0,0,,0,,0,0,0,0,0,2019-10-10,15:24,Corinthians,Athletico-PR,4-2-3-1,4-3-3,-,2,2,SP,PR,1,2019
6743,24,Corinthians,0,0,,0,,0,0,0,0,0,2019-10-10,15:24,Corinthians,Athletico-PR,4-2-3-1,4-3-3,-,2,2,SP,PR,1,2019
6744,24,Avai,16,2,56%,505,83%,18,1,0,0,7,2019-10-10,19:19,Avai,Vasco,4-2-3-1,4-2-3-1,-,0,0,SC,RJ,1,2019
6744,24,Vasco,12,4,44%,419,78%,11,1,0,1,6,2019-10-10,19:19,Avai,Vasco,4-2-3-1,4-2-3-1,-,0,0,SC,RJ,1,2019
6745,24,Flamengo,19,6,67%,630,89%,10,0,0,0,9,2019-10-10,20:00,Flamengo,Atletico-MG,4-2-3-1,5-4-1,Flamengo,3,1,RJ,MG,3,2019
6745,24,Atletico-MG,5,2,33%,318,72%,9,3,0,1,2,2019-10-10,20:00,Flamengo,Atletico-MG,4-2-3-1,5-4-1,Flamengo,3,1,RJ,MG,0,2019
6746,25,Goias,14,3,49%,365,77%,17,2,0,2,4,2019-10-12,17:01,Goias,CSA,4-3-3,4-2-3-1,Goias,1,0,GO,AL,3,2019
6746,25,CSA,8,2,51%,376,78%,21,3,0,1,2,2019-10-12,17:01,Goias,CSA,4-3-3,4-2-3-1,Goias,1,0,GO,AL,0,2019
6747,25,Bahia,17,6,51%,447,84%,15,1,0,0,7,2019-10-12,19:00,Fluminense,Bahia,4-1-4-1,4-3-3,Fluminense,2,0,RJ,BA,0,2019
6747,25,Fluminense,13,3,49%,434,82%,11,0,0,1,4,2019-10-12,19:00,Fluminense,Bahia,4-1-4-1,4-3-3,Fluminense,2,0,RJ,BA,3,2019
6748,25,Palmeiras,18,7,49%,413,80%,22,2,0,2,7,2019-10-12,21:00,Palmeiras,Botafogo-RJ,4-2-3-1,4-1-4-1,Palmeiras,1,0,SP,RJ,3,2019
6748,25,Botafogo-RJ,6,0,51%,422,82%,13,2,0,0,2,2019-10-12,21:00,Palmeiras,Botafogo-RJ,4-2-3-1,4-1-4-1,Palmeiras,1,0,SP,RJ,0,2019
6750,25,Athletico-PR,0,0,,0,,0,0,0,0,0,2019-10-13,13:22,Athletico-PR,Flamengo,4-1-4-1,4-2-3-1,Flamengo,0,2,PR,RJ,0,2019
6750,25,Flamengo,0,0,,0,,0,0,0,0,0,2019-10-13,13:22,Athletico-PR,Flamengo,4-1-4-1,4-2-3-1,Flamengo,0,2,PR,RJ,3,2019
6749,25,Santos,11,3,54%,492,81%,18,3,0,2,3,2019-10-13,16:00,Internacional,Santos,4-3-3,4-3-3,-,0,0,RS,SP,1,2019
6749,25,Internacional,13,1,46%,420,81%,16,2,0,8,9,2019-10-13,16:00,Internacional,Santos,4-3-3,4-3-3,-,0,0,RS,SP,1,2019
6752,25,Fortaleza,7,2,41%,301,78%,19,3,1,1,3,2019-10-13,16:00,Vasco,Fortaleza,4-2-3-1,4-2-3-1,Vasco,1,0,RJ,CE,0,2019
6752,25,Vasco,16,5,59%,406,80%,14,2,0,1,10,2019-10-13,16:00,Vasco,Fortaleza,4-2-3-1,4-2-3-1,Vasco,1,0,RJ,CE,3,2019
6751,25,Avai,13,5,43%,368,76%,16,3,0,3,0,2019-10-13,16:01,Ceara,Avai,4-2-3-1,4-1-4-1,Ceara,1,0,CE,SC,0,2019
6751,25,Ceara,25,6,57%,449,82%,16,1,0,2,11,2019-10-13,16:01,Ceara,Avai,4-2-3-1,4-1-4-1,Ceara,1,0,CE,SC,3,2019
6753,25,Sao Paulo,17,3,55%,568,88%,9,0,0,2,2,2019-10-13,18:02,Sao Paulo,Corinthians,4-1-4-1,4-1-4-1,Sao Paulo,1,0,SP,SP,3,2019
6753,25,Corinthians,3,2,45%,467,85%,10,1,0,0,1,2019-10-13,18:02,Sao Paulo,Corinthians,4-1-4-1,4-1-4-1,Sao Paulo,1,0,SP,SP,0,2019
6754,25,Atletico-MG,22,4,43%,394,78%,17,4,1,0,4,2019-10-13,19:00,Atletico-MG,Gremio,4-2-3-1,4-2-3-1,Gremio,1,4,MG,RS,0,2019
6754,25,Gremio,14,6,57%,526,85%,8,1,0,2,4,2019-10-13,19:00,Atletico-MG,Gremio,4-2-3-1,4-2-3-1,Gremio,1,4,MG,RS,3,2019
6755,25,Cruzeiro,18,6,39%,331,78%,13,1,0,0,7,2019-10-13,19:01,Chapecoense,Cruzeiro,4-2-3-1,4-2-3-1,-,1,1,SC,MG,1,2019
6755,25,Chapecoense,22,8,61%,484,83%,12,1,0,0,9,2019-10-13,19:01,Chapecoense,Cruzeiro,4-2-3-1,4-2-3-1,-,1,1,SC,MG,1,2019
6756,26,CSA,10,5,42%,358,82%,18,3,0,2,1,2019-10-16,19:16,CSA,Atletico-MG,4-2-3-1,4-1-4-1,-,2,2,AL,MG,1,2019
6756,26,Atletico-MG,21,7,58%,498,84%,13,2,1,0,7,2019-10-16,19:16,CSA,Atletico-MG,4-2-3-1,4-1-4-1,-,2,2,AL,MG,1,2019
6757,26,Gremio,18,6,63%,554,90%,13,3,0,1,10,2019-10-16,19:16,Gremio,Bahia,4-2-3-1,4-2-3-1,Bahia,0,1,RS,BA,0,2019
6757,26,Bahia,13,6,37%,337,81%,15,2,0,0,6,2019-10-16,19:16,Gremio,Bahia,4-2-3-1,4-2-3-1,Bahia,0,1,RS,BA,3,2019
6758,26,Flamengo,11,4,70%,462,87%,16,3,0,2,12,2019-10-16,20:00,Fortaleza,Flamengo,4-4-2,4-4-2,Flamengo,1,2,CE,RJ,3,2019
6758,26,Fortaleza,6,3,30%,203,69%,8,1,0,2,4,2019-10-16,20:00,Fortaleza,Flamengo,4-4-2,4-4-2,Flamengo,1,2,CE,RJ,0,2019
6759,26,Cruzeiro,11,2,40%,363,80%,18,2,0,3,4,2019-10-16,21:00,Cruzeiro,Sao Paulo,4-2-3-1,4-1-4-1,Cruzeiro,1,0,MG,SP,3,2019
6759,26,Sao Paulo,8,2,60%,558,84%,16,2,0,1,2,2019-10-16,21:00,Cruzeiro,Sao Paulo,4-2-3-1,4-1-4-1,Cruzeiro,1,0,MG,SP,0,2019
6760,26,Palmeiras,30,8,72%,547,86%,15,1,0,5,12,2019-10-16,21:00,Palmeiras,Chapecoense,4-2-3-1,4-2-3-1,Palmeiras,1,0,SP,SC,3,2019
6760,26,Chapecoense,7,2,28%,222,59%,14,3,1,0,4,2019-10-16,21:00,Palmeiras,Chapecoense,4-2-3-1,4-2-3-1,Palmeiras,1,0,SP,SC,0,2019
6762,26,Vasco,16,8,36%,275,74%,15,1,0,1,3,2019-10-16,21:30,Vasco,Botafogo-RJ,4-2-3-1,4-1-4-1,Vasco,2,1,RJ,RJ,3,2019
6762,26,Botafogo-RJ,10,3,64%,485,83%,11,0,0,2,7,2019-10-16,21:30,Vasco,Botafogo-RJ,4-2-3-1,4-1-4-1,Vasco,2,1,RJ,RJ,0,2019
6761,26,Goias,20,4,44%,305,76%,10,2,2,2,5,2019-10-16,21:31,Goias,Corinthians,4-2-3-1,4-1-4-1,-,2,2,GO,SP,1,2019
6761,26,Corinthians,17,5,56%,411,84%,16,4,0,0,5,2019-10-16,21:31,Goias,Corinthians,4-2-3-1,4-1-4-1,-,2,2,GO,SP,1,2019
6765,26,Athletico-PR,0,0,,0,,0,0,0,0,0,2019-10-17,11:11,Fluminense,Athletico-PR,4-1-4-1,4-4-2,Athletico-PR,1,2,RJ,PR,3,2019
6765,26,Fluminense,0,0,,0,,0,0,0,0,0,2019-10-17,11:11,Fluminense,Athletico-PR,4-1-4-1,4-4-2,Athletico-PR,1,2,RJ,PR,0,2019
6764,26,Ceara,11,3,32%,228,69%,11,4,0,2,7,2019-10-17,19:15,Santos,Ceara,4-3-3,4-4-1-1,Santos,2,1,SP,CE,0,2019
6764,26,Santos,16,4,68%,493,84%,15,3,0,3,5,2019-10-17,19:15,Santos,Ceara,4-3-3,4-4-1-1,Santos,2,1,SP,CE,3,2019
6763,26,Avai,17,6,29%,273,75%,7,1,1,0,6,2019-10-17,19:16,Avai,Internacional,4-3-3,4-3-3,Internacional,0,2,SC,RS,0,2019
6763,26,Internacional,26,10,71%,675,89%,16,3,0,2,8,2019-10-17,19:16,Avai,Internacional,4-3-3,4-3-3,Internacional,0,2,SC,RS,3,2019
6766,27,Fortaleza,10,5,40%,341,80%,13,4,0,1,1,2019-10-19,17:00,Fortaleza,Gremio,4-2-3-1,4-2-3-1,Fortaleza,2,1,CE,RS,3,2019
6766,27,Gremio,13,4,60%,504,88%,17,1,1,0,8,2019-10-19,17:00,Fortaleza,Gremio,4-2-3-1,4-2-3-1,Fortaleza,2,1,CE,RS,0,2019
6767,27,Cruzeiro,14,5,45%,394,75%,18,1,0,0,4,2019-10-19,19:01,Corinthians,Cruzeiro,4-1-4-1,4-2-3-1,Cruzeiro,1,2,SP,MG,3,2019
6767,27,Corinthians,13,4,55%,463,85%,15,3,0,0,4,2019-10-19,19:01,Corinthians,Cruzeiro,4-1-4-1,4-2-3-1,Cruzeiro,1,2,SP,MG,0,2019
6768,27,Vasco,9,3,29%,250,73%,12,1,0,0,3,2019-10-20,16:00,Internacional,Vasco,4-3-3,4-2-3-1,Vasco,0,1,RS,RJ,3,2019
6768,27,Internacional,19,7,71%,605,88%,14,3,0,2,12,2019-10-20,16:00,Internacional,Vasco,4-3-3,4-2-3-1,Vasco,0,1,RS,RJ,0,2019
6769,27,Sao Paulo,22,7,78%,682,89%,23,4,0,2,12,2019-10-20,16:00,Sao Paulo,Avai,4-1-4-1,4-3-3,Sao Paulo,1,0,SP,SC,3,2019
6769,27,Avai,6,1,22%,206,62%,11,1,1,1,0,2019-10-20,16:00,Sao Paulo,Avai,4-1-4-1,4-3-3,Sao Paulo,1,0,SP,SC,0,2019
6770,27,Santos,11,1,70%,504,83%,14,4,0,1,7,2019-10-20,16:00,Atletico-MG,Santos,4-1-4-1,4-3-3,Atletico-MG,2,0,MG,SP,0,2019
6770,27,Atletico-MG,9,4,30%,224,68%,24,3,0,1,3,2019-10-20,16:00,Atletico-MG,Santos,4-1-4-1,4-3-3,Atletico-MG,2,0,MG,SP,3,2019
6771,27,Fluminense,10,4,53%,408,86%,13,5,0,1,7,2019-10-20,18:00,Flamengo,Fluminense,4-2-2-2,4-2-4-0,Flamengo,2,0,RJ,RJ,0,2019
6771,27,Flamengo,16,7,47%,364,81%,23,3,0,0,10,2019-10-20,18:00,Flamengo,Fluminense,4-2-2-2,4-2-4-0,Flamengo,2,0,RJ,RJ,3,2019
6772,27,Goias,21,8,51%,314,82%,14,5,0,2,9,2019-10-20,19:00,Chapecoense,Goias,4-2-3-1,4-2-3-1,-,2,2,SC,GO,1,2019
6772,27,Chapecoense,12,4,49%,311,81%,23,2,0,1,6,2019-10-20,19:00,Chapecoense,Goias,4-2-3-1,4-2-3-1,-,2,2,SC,GO,1,2019
6773,27,Palmeiras,8,2,47%,407,80%,11,2,0,4,1,2019-10-20,19:00,Athletico-PR,Palmeiras,4-2-3-1,4-2-3-1,-,1,1,PR,SP,1,2019
6773,27,Athletico-PR,14,6,53%,432,79%,23,1,0,0,2,2019-10-20,19:00,Athletico-PR,Palmeiras,4-2-3-1,4-2-3-1,-,1,1,PR,SP,1,2019
6774,27,Bahia,12,4,48%,384,77%,14,2,0,4,6,2019-10-21,19:31,Bahia,Ceara,4-1-4-1,4-3-1-2,Ceara,1,2,BA,CE,0,2019
6774,27,Ceara,13,6,52%,405,77%,11,3,0,1,17,2019-10-21,19:31,Bahia,Ceara,4-1-4-1,4-3-1-2,Ceara,1,2,BA,CE,3,2019
6775,27,Botafogo-RJ,17,5,43%,389,88%,18,2,0,2,4,2019-10-21,20:00,Botafogo-RJ,CSA,4-2-3-1,4-1-4-1,Botafogo-RJ,2,1,RJ,AL,3,2019
6775,27,CSA,8,3,57%,511,87%,16,1,1,2,3,2019-10-21,20:00,Botafogo-RJ,CSA,4-2-3-1,4-1-4-1,Botafogo-RJ,2,1,RJ,AL,0,2019
6780,28,Cruzeiro,0,0,,0,,0,0,0,0,0,2019-10-26,11:04,Cruzeiro,Fortaleza,4-2-3-1,4-4-1-1,-,1,1,MG,CE,1,2019
6780,28,Fortaleza,0,0,,0,,0,0,0,0,0,2019-10-26,11:04,Cruzeiro,Fortaleza,4-2-3-1,4-4-1-1,-,1,1,MG,CE,1,2019
6776,28,Corinthians,14,5,36%,285,72%,20,3,0,0,4,2019-10-26,17:01,Corinthians,Santos,4-1-4-1,4-3-3,-,0,0,SP,SP,1,2019
6776,28,Santos,19,3,64%,502,82%,12,1,0,5,3,2019-10-26,17:01,Corinthians,Santos,4-1-4-1,4-3-3,-,0,0,SP,SP,1,2019
6777,28,Ceara,17,4,64%,544,84%,11,3,0,3,11,2019-10-26,17:03,Ceara,Vasco,4-1-4-1,4-3-3,-,1,1,CE,RJ,1,2019
6777,28,Vasco,8,3,36%,321,75%,14,3,0,0,3,2019-10-26,17:03,Ceara,Vasco,4-1-4-1,4-3-3,-,1,1,CE,RJ,1,2019
6778,28,Internacional,17,6,44%,388,79%,11,5,0,2,4,2019-10-26,19:02,Bahia,Internacional,4-3-3,4-2-3-1,Internacional,2,3,BA,RS,3,2019
6778,28,Bahia,13,5,56%,470,78%,16,1,0,1,6,2019-10-26,19:02,Bahia,Internacional,4-3-3,4-2-3-1,Internacional,2,3,BA,RS,0,2019
6779,28,Fluminense,26,8,68%,563,86%,11,1,0,0,5,2019-10-26,19:30,Fluminense,Chapecoense,4-2-3-1,4-2-3-1,-,1,1,RJ,SC,1,2019
6779,28,Chapecoense,13,5,32%,258,70%,14,4,0,0,5,2019-10-26,19:30,Fluminense,Chapecoense,4-2-3-1,4-2-3-1,-,1,1,RJ,SC,1,2019
6781,28,Athletico-PR,0,0,,0,,0,0,0,0,0,2019-10-27,11:06,Athletico-PR,Goias,4-3-3,4-3-3,Athletico-PR,4,1,PR,GO,3,2019
6781,28,Goias,0,0,,0,,0,0,0,0,0,2019-10-27,11:06,Athletico-PR,Goias,4-3-3,4-3-3,Athletico-PR,4,1,PR,GO,0,2019
6782,28,Gremio,21,10,53%,497,86%,13,3,0,1,5,2019-10-27,16:00,Gremio,Botafogo-RJ,4-2-2-2,4-2-3-1,Gremio,3,0,RS,RJ,3,2019
6782,28,Botafogo-RJ,9,2,47%,441,86%,9,2,0,0,7,2019-10-27,16:00,Gremio,Botafogo-RJ,4-2-2-2,4-2-3-1,Gremio,3,0,RS,RJ,0,2019
6783,28,Sao Paulo,16,6,61%,543,85%,9,0,0,3,6,2019-10-27,16:01,Sao Paulo,Atletico-MG,4-1-4-1,4-2-3-1,Sao Paulo,2,0,SP,MG,3,2019
6783,28,Atletico-MG,9,3,39%,353,79%,11,0,0,4,6,2019-10-27,16:01,Sao Paulo,Atletico-MG,4-1-4-1,4-2-3-1,Sao Paulo,2,0,SP,MG,0,2019
6784,28,Avai,11,6,37%,266,65%,18,3,0,0,6,2019-10-27,18:00,Avai,Palmeiras,5-4-1,4-2-3-1,Palmeiras,1,2,SC,SP,0,2019
6784,28,Palmeiras,16,4,63%,463,82%,17,2,0,2,5,2019-10-27,18:00,Avai,Palmeiras,5-4-1,4-2-3-1,Palmeiras,1,2,SC,SP,3,2019
6785,28,Flamengo,18,7,64%,605,90%,20,1,0,1,6,2019-10-27,19:00,Flamengo,CSA,4-1-3-2,4-1-4-1,Flamengo,1,0,RJ,AL,3,2019
6785,28,CSA,7,4,36%,351,82%,13,2,0,5,2,2019-10-27,19:00,Flamengo,CSA,4-1-3-2,4-1-4-1,Flamengo,1,0,RJ,AL,0,2019
6786,29,Sao Paulo,14,4,69%,581,87%,14,0,0,0,3,2019-10-30,19:30,Palmeiras,Sao Paulo,4-2-3-1,4-1-4-1,Palmeiras,3,0,SP,SP,0,2019
6786,29,Palmeiras,19,8,31%,267,75%,12,0,0,1,6,2019-10-30,19:30,Palmeiras,Sao Paulo,4-2-3-1,4-1-4-1,Palmeiras,3,0,SP,SP,3,2019
6788,29,Chapecoense,10,3,29%,207,62%,10,3,0,0,2,2019-10-30,19:30,Atletico-MG,Chapecoense,4-1-4-1,4-1-4-1,Chapecoense,0,2,MG,SC,3,2019
6788,29,Atletico-MG,20,1,71%,475,81%,15,3,0,2,18,2019-10-30,19:30,Atletico-MG,Chapecoense,4-1-4-1,4-1-4-1,Chapecoense,0,2,MG,SC,0,2019
6787,29,Fortaleza,11,6,49%,448,81%,10,1,0,0,4,2019-10-30,19:31,Avai,Fortaleza,4-3-3,4-4-2,Fortaleza,1,3,SC,CE,3,2019
6787,29,Avai,11,3,51%,431,83%,20,4,1,0,3,2019-10-30,19:31,Avai,Fortaleza,4-3-3,4-4-2,Fortaleza,1,3,SC,CE,0,2019
6790,29,Vasco,16,1,43%,363,80%,9,2,0,0,10,2019-10-30,21:30,Vasco,Gremio,4-3-1-2,4-2-3-1,Gremio,1,3,RJ,RS,0,2019
6790,29,Gremio,9,4,57%,496,83%,13,2,0,0,4,2019-10-30,21:30,Vasco,Gremio,4-3-1-2,4-2-3-1,Gremio,1,3,RJ,RS,3,2019
6789,29,Fluminense,21,4,72%,686,87%,8,1,0,2,10,2019-10-30,21:31,Ceara,Fluminense,4-4-2,4-1-4-1,Ceara,2,0,CE,RJ,0,2019
6789,29,Ceara,10,5,28%,275,78%,12,1,0,1,4,2019-10-30,21:31,Ceara,Fluminense,4-4-2,4-1-4-1,Ceara,2,0,CE,RJ,3,2019
6791,29,Corinthians,12,2,56%,469,85%,10,2,0,2,3,2019-10-30,21:32,CSA,Corinthians,4-2-3-1,4-1-4-1,CSA,2,1,AL,SP,0,2019
6791,29,CSA,10,5,44%,371,81%,17,6,0,1,5,2019-10-30,21:32,CSA,Corinthians,4-2-3-1,4-1-4-1,CSA,2,1,AL,SP,3,2019
6792,29,Bahia,3,1,38%,290,70%,26,3,0,1,0,2019-10-31,19:15,Santos,Bahia,4-3-3,4-3-3,Santos,1,0,SP,BA,0,2019
6792,29,Santos,19,5,62%,450,84%,17,5,0,3,4,2019-10-31,19:15,Santos,Bahia,4-3-3,4-3-3,Santos,1,0,SP,BA,3,2019
6793,29,Flamengo,12,6,63%,386,80%,15,3,1,0,9,2019-10-31,20:03,Goias,Flamengo,4-1-4-1,4-2-3-1,-,2,2,GO,RJ,1,2019
6793,29,Goias,18,4,37%,227,70%,18,5,0,4,3,2019-10-31,20:03,Goias,Flamengo,4-1-4-1,4-2-3-1,-,2,2,GO,RJ,1,2019
6794,29,Internacional,14,4,55%,484,81%,14,3,0,1,3,2019-10-31,21:30,Internacional,Athletico-PR,4-2-3-1,4-2-3-1,-,1,1,RS,PR,1,2019
6794,29,Athletico-PR,10,3,45%,405,78%,22,2,0,0,5,2019-10-31,21:30,Internacional,Athletico-PR,4-2-3-1,4-2-3-1,-,1,1,RS,PR,1,2019
6795,29,Cruzeiro,6,3,43%,328,69%,15,3,0,1,4,2019-10-31,21:30,Botafogo-RJ,Cruzeiro,4-2-3-1,4-2-3-1,Cruzeiro,0,2,RJ,MG,3,2019
6795,29,Botafogo-RJ,20,4,57%,406,80%,15,1,0,1,12,2019-10-31,21:30,Botafogo-RJ,Cruzeiro,4-2-3-1,4-2-3-1,Cruzeiro,0,2,RJ,MG,0,2019
6796,30,Fortaleza,18,6,59%,433,85%,18,3,0,1,7,2019-11-02,17:01,Fortaleza,Atletico-MG,4-2-3-1,4-2-3-1,-,2,2,CE,MG,1,2019
6796,30,Atletico-MG,16,6,41%,290,78%,19,2,1,2,7,2019-11-02,17:01,Fortaleza,Atletico-MG,4-2-3-1,4-2-3-1,-,2,2,CE,MG,1,2019
6798,30,Ceara,13,5,44%,395,86%,19,2,0,2,5,2019-11-02,19:00,Palmeiras,Ceara,4-2-3-1,4-1-4-1,Palmeiras,1,0,SP,CE,0,2019
6798,30,Palmeiras,9,2,56%,493,88%,14,2,0,2,7,2019-11-02,19:00,Palmeiras,Ceara,4-2-3-1,4-1-4-1,Palmeiras,1,0,SP,CE,3,2019
6797,30,Fluminense,20,4,67%,610,87%,7,2,0,2,8,2019-11-02,19:01,Fluminense,Vasco,4-3-1-2,4-2-3-1,-,0,0,RJ,RJ,1,2019
6797,30,Vasco,12,1,33%,308,76%,12,3,0,1,3,2019-11-02,19:01,Fluminense,Vasco,4-3-1-2,4-2-3-1,-,0,0,RJ,RJ,1,2019
6799,30,Sao Paulo,12,6,62%,528,89%,11,2,0,2,2,2019-11-02,21:01,Chapecoense,Sao Paulo,4-1-4-1,4-2-3-1,Sao Paulo,0,3,SC,SP,3,2019
6799,30,Chapecoense,27,8,38%,313,85%,19,2,0,0,6,2019-11-02,21:01,Chapecoense,Sao Paulo,4-1-4-1,4-2-3-1,Sao Paulo,0,3,SC,SP,0,2019
6801,30,Athletico-PR,0,0,,0,,0,0,0,0,0,2019-11-03,13:25,Athletico-PR,CSA,4-2-3-1,4-2-3-1,Athletico-PR,1,0,PR,AL,3,2019
6801,30,CSA,0,0,,0,,0,0,0,0,0,2019-11-03,13:25,Athletico-PR,CSA,4-2-3-1,4-2-3-1,Athletico-PR,1,0,PR,AL,0,2019
6800,30,Flamengo,16,5,69%,636,88%,12,0,0,1,8,2019-11-03,16:00,Flamengo,Corinthians,4-2-2-2,4-4-2,Flamengo,4,1,RJ,SP,3,2019
6800,30,Corinthians,7,4,31%,293,72%,10,1,0,2,2,2019-11-03,16:00,Flamengo,Corinthians,4-2-2-2,4-4-2,Flamengo,4,1,RJ,SP,0,2019
6802,30,Internacional,5,0,41%,359,81%,16,2,1,0,3,2019-11-03,18:00,Gremio,Internacional,4-2-3-1,4-2-3-1,Gremio,2,0,RS,RS,0,2019
6802,30,Gremio,21,9,59%,518,87%,16,2,0,1,5,2019-11-03,18:00,Gremio,Internacional,4-2-3-1,4-2-3-1,Gremio,2,0,RS,RS,3,2019
6803,30,Botafogo-RJ,13,6,37%,278,70%,8,0,0,0,8,2019-11-03,19:00,Santos,Botafogo-RJ,4-3-3,4-2-3-1,Santos,4,1,SP,RJ,0,2019
6803,30,Santos,23,12,63%,480,83%,16,1,0,1,9,2019-11-03,19:00,Santos,Botafogo-RJ,4-3-3,4-2-3-1,Santos,4,1,SP,RJ,3,2019
6804,30,Cruzeiro,17,5,64%,489,89%,16,2,1,4,3,2019-11-03,19:00,Cruzeiro,Bahia,4-2-3-1,4-3-3,-,1,1,MG,BA,1,2019
6804,30,Bahia,13,3,36%,270,77%,11,0,0,3,5,2019-11-03,19:00,Cruzeiro,Bahia,4-2-3-1,4-3-3,-,1,1,MG,BA,1,2019
6805,30,Avai,12,4,52%,401,81%,19,3,0,0,3,2019-11-03,19:31,Goias,Avai,4-2-3-1,4-4-2,Goias,2,0,GO,SC,0,2019
6805,30,Goias,23,6,48%,354,80%,19,1,0,0,4,2019-11-03,19:31,Goias,Avai,4-2-3-1,4-4-2,Goias,2,0,GO,SC,3,2019
6809,31,Cruzeiro,0,0,,0,,0,0,0,0,0,2019-11-06,13:23,Athletico-PR,Cruzeiro,4-2-3-1,4-2-3-1,-,0,0,PR,MG,1,2019
6809,31,Athletico-PR,0,0,,0,,0,0,0,0,0,2019-11-06,13:23,Athletico-PR,Cruzeiro,4-2-3-1,4-2-3-1,-,0,0,PR,MG,1,2019
6806,31,Fortaleza,15,8,41%,388,85%,9,3,0,1,6,2019-11-06,19:30,Corinthians,Fortaleza,4-2-3-1,4-2-3-1,Corinthians,3,2,SP,CE,0,2019
6806,31,Corinthians,15,6,59%,559,88%,18,2,0,1,2,2019-11-06,19:30,Corinthians,Fortaleza,4-2-3-1,4-2-3-1,Corinthians,3,2,SP,CE,3,2019
6807,31,Goias,7,3,47%,350,77%,16,2,0,1,8,2019-11-06,20:00,Atletico-MG,Goias,4-1-4-1,4-2-3-1,Atletico-MG,2,0,MG,GO,0,2019
6807,31,Atletico-MG,26,11,53%,380,80%,15,0,0,4,10,2019-11-06,20:00,Atletico-MG,Goias,4-1-4-1,4-2-3-1,Atletico-MG,2,0,MG,GO,3,2019
6808,31,Santos,9,3,53%,412,78%,11,2,1,2,6,2019-11-06,21:00,Avai,Santos,3-4-2-1,4-3-3,Santos,1,2,SC,SP,3,2019
6808,31,Avai,13,4,47%,359,76%,19,4,1,0,8,2019-11-06,21:00,Avai,Santos,3-4-2-1,4-3-3,Santos,1,2,SC,SP,0,2019
6810,31,Vasco,8,3,45%,309,72%,17,7,1,1,3,2019-11-06,21:30,Vasco,Palmeiras,4-2-4-0,4-2-3-1,Palmeiras,1,2,RJ,SP,0,2019
6810,31,Palmeiras,20,6,55%,374,78%,27,4,0,1,6,2019-11-06,21:30,Vasco,Palmeiras,4-2-4-0,4-2-3-1,Palmeiras,1,2,RJ,SP,3,2019
6811,31,Bahia,23,7,67%,483,84%,20,1,0,3,6,2019-11-06,21:30,Bahia,Chapecoense,4-3-3,3-4-2-1,-,1,1,BA,SC,1,2019
6811,31,Chapecoense,7,2,33%,247,68%,16,3,0,1,4,2019-11-06,21:30,Bahia,Chapecoense,4-3-3,3-4-2-1,-,1,1,BA,SC,1,2019
6812,31,Ceara,9,4,40%,413,80%,8,2,0,3,6,2019-11-07,19:30,Ceara,Internacional,4-4-2,4-2-3-1,Ceara,2,0,CE,RS,3,2019
6812,31,Internacional,16,3,60%,593,87%,11,2,0,1,4,2019-11-07,19:30,Ceara,Internacional,4-4-2,4-2-3-1,Ceara,2,0,CE,RS,0,2019
6813,31,Fluminense,5,4,43%,475,86%,16,1,0,1,2,2019-11-07,19:35,Sao Paulo,Fluminense,4-3-3,4-4-1-1,Fluminense,0,2,SP,RJ,3,2019
6813,31,Sao Paulo,21,4,57%,612,89%,6,2,0,0,2,2019-11-07,19:35,Sao Paulo,Fluminense,4-3-3,4-4-1-1,Fluminense,0,2,SP,RJ,0,2019
6814,31,Flamengo,18,3,71%,497,86%,14,2,0,0,10,2019-11-07,20:00,Botafogo-RJ,Flamengo,4-1-4-1,4-2-3-1,Flamengo,0,1,RJ,RJ,3,2019
6814,31,Botafogo-RJ,6,2,29%,207,57%,16,4,1,0,1,2019-11-07,20:00,Botafogo-RJ,Flamengo,4-1-4-1,4-2-3-1,Flamengo,0,1,RJ,RJ,0,2019
6815,31,Gremio,19,3,65%,646,92%,15,3,0,0,11,2019-11-07,21:00,Gremio,CSA,4-2-3-1,4-2-2-2,Gremio,2,1,RS,AL,3,2019
6815,31,CSA,9,3,35%,354,86%,16,2,0,1,3,2019-11-07,21:00,Gremio,CSA,4-2-3-1,4-2-2-2,Gremio,2,1,RS,AL,0,2019
6816,32,Goias,9,2,43%,344,78%,19,4,0,2,5,2019-11-09,17:02,Goias,Santos,4-1-4-1,4-3-3,Santos,0,3,GO,SP,0,2019
6816,32,Santos,17,11,57%,444,82%,16,2,0,3,4,2019-11-09,17:02,Goias,Santos,4-1-4-1,4-3-3,Santos,0,3,GO,SP,3,2019
6817,32,Palmeiras,21,7,46%,323,78%,12,2,0,3,9,2019-11-09,19:00,Palmeiras,Corinthians,4-2-3-1,4-4-1-1,-,1,1,SP,SP,1,2019
6817,32,Corinthians,7,2,54%,394,79%,18,1,0,0,2,2019-11-09,19:00,Palmeiras,Corinthians,4-2-3-1,4-4-1-1,-,1,1,SP,SP,1,2019
6820,32,Athletico-PR,0,0,,0,,0,0,0,0,0,2019-11-10,12:01,Sao Paulo,Athletico-PR,4-1-4-1,4-2-3-1,Athletico-PR,0,1,SP,PR,3,2019
6820,32,Sao Paulo,0,0,,0,,0,0,0,0,0,2019-11-10,12:01,Sao Paulo,Athletico-PR,4-1-4-1,4-2-3-1,Athletico-PR,0,1,SP,PR,0,2019
6818,32,Internacional,15,5,39%,408,81%,16,3,0,1,4,2019-11-10,16:00,Internacional,Fluminense,4-2-3-1,4-4-1-1,Internacional,2,1,RS,RJ,3,2019
6818,32,Fluminense,14,5,61%,621,86%,9,2,0,0,3,2019-11-10,16:00,Internacional,Fluminense,4-2-3-1,4-4-1-1,Internacional,2,1,RS,RJ,0,2019
6819,32,Atletico-MG,17,0,41%,302,76%,12,1,0,0,8,2019-11-10,16:00,Cruzeiro,Atletico-MG,4-2-3-1,4-2-3-1,-,0,0,MG,MG,1,2019
6819,32,Cruzeiro,16,2,59%,426,79%,9,1,0,1,4,2019-11-10,16:00,Cruzeiro,Atletico-MG,4-2-3-1,4-2-3-1,-,0,0,MG,MG,1,2019
6821,32,Flamengo,21,8,67%,526,85%,10,1,0,3,11,2019-11-10,18:00,Flamengo,Bahia,4-2-3-1,4-3-3,Flamengo,3,1,RJ,BA,3,2019
6821,32,Bahia,9,2,33%,278,68%,11,0,0,0,2,2019-11-10,18:00,Flamengo,Bahia,4-2-3-1,4-3-3,Flamengo,3,1,RJ,BA,0,2019
6822,32,Gremio,7,2,52%,477,87%,13,2,0,0,2,2019-11-10,19:00,Chapecoense,Gremio,5-4-1,4-2-3-1,Gremio,0,1,SC,RS,3,2019
6822,32,Chapecoense,17,2,48%,425,89%,10,2,0,0,5,2019-11-10,19:00,Chapecoense,Gremio,5-4-1,4-2-3-1,Gremio,0,1,SC,RS,0,2019
6823,32,Ceara,15,3,64%,483,84%,17,4,0,0,8,2019-11-10,19:01,Fortaleza,Ceara,4-2-3-1,3-4-2-1,Fortaleza,1,0,CE,CE,0,2019
6823,32,Fortaleza,9,2,36%,283,74%,13,4,0,0,3,2019-11-10,19:01,Fortaleza,Ceara,4-2-3-1,3-4-2-1,Fortaleza,1,0,CE,CE,3,2019
6824,32,Vasco,8,6,41%,337,82%,18,2,0,0,3,2019-11-10,19:01,CSA,Vasco,4-2-3-1,4-2-3-1,Vasco,0,3,AL,RJ,3,2019
6824,32,CSA,20,5,59%,472,86%,17,1,1,4,5,2019-11-10,19:01,CSA,Vasco,4-2-3-1,4-2-3-1,Vasco,0,3,AL,RJ,0,2019
6825,32,Avai,17,5,63%,502,85%,16,2,1,1,4,2019-11-11,20:00,Botafogo-RJ,Avai,4-2-3-1,4-1-4-1,Botafogo-RJ,2,0,RJ,SC,0,2019
6825,32,Botafogo-RJ,17,4,37%,295,78%,19,4,0,1,4,2019-11-11,20:00,Botafogo-RJ,Avai,4-2-3-1,4-1-4-1,Botafogo-RJ,2,0,RJ,SC,3,2019
6826,34,Flamengo,11,4,68%,513,84%,23,6,0,0,5,2019-11-13,21:30,Flamengo,Vasco,4-2-3-1,4-1-2-1-2,-,4,4,RJ,RJ,1,2019
6826,34,Vasco,9,6,32%,245,71%,25,5,0,1,4,2019-11-13,21:30,Flamengo,Vasco,4-2-3-1,4-1-2-1-2,-,4,4,RJ,RJ,1,2019
6836,33,Santos,16,3,41%,320,77%,14,0,0,0,3,2019-11-16,17:00,Santos,Sao Paulo,4-3-3,4-2-3-1,-,1,1,SP,SP,1,2019
6836,33,Sao Paulo,15,4,59%,463,81%,25,3,0,4,4,2019-11-16,17:00,Santos,Sao Paulo,4-3-3,4-2-3-1,-,1,1,SP,SP,1,2019
6837,33,Atletico-MG,13,5,46%,423,82%,15,3,0,3,2,2019-11-16,19:00,Fluminense,Atletico-MG,4-1-4-1,4-2-3-1,-,1,1,RJ,MG,1,2019
6837,33,Fluminense,15,4,54%,504,82%,15,2,0,0,1,2019-11-16,19:00,Fluminense,Atletico-MG,4-1-4-1,4-2-3-1,-,1,1,RJ,MG,1,2019
6841,33,Athletico-PR,0,0,,0,,0,0,0,0,0,2019-11-17,12:06,Athletico-PR,Botafogo-RJ,4-2-3-1,4-2-3-1,Athletico-PR,1,0,PR,RJ,3,2019
6841,33,Botafogo-RJ,0,0,,0,,0,0,0,0,0,2019-11-17,12:06,Athletico-PR,Botafogo-RJ,4-2-3-1,4-2-3-1,Athletico-PR,1,0,PR,RJ,0,2019
6838,33,Gremio,22,6,69%,559,84%,9,1,0,3,10,2019-11-17,16:00,Gremio,Flamengo,4-2-3-1,4-2-3-1,Flamengo,0,1,RS,RJ,0,2019
6838,33,Flamengo,9,5,31%,270,68%,15,2,1,0,0,2019-11-17,16:00,Gremio,Flamengo,4-2-3-1,4-2-3-1,Flamengo,0,1,RS,RJ,3,2019
6839,33,Palmeiras,22,5,55%,481,87%,16,0,0,0,4,2019-11-17,16:01,Bahia,Palmeiras,4-3-3,4-2-3-1,-,1,1,BA,SP,1,2019
6839,33,Bahia,15,5,45%,404,84%,17,2,0,1,2,2019-11-17,16:01,Bahia,Palmeiras,4-3-3,4-2-3-1,-,1,1,BA,SP,1,2019
6840,33,Chapecoense,12,5,40%,325,80%,13,2,0,0,6,2019-11-17,18:00,Chapecoense,Ceara,4-2-3-1,4-2-3-1,Chapecoense,1,0,SC,CE,3,2019
6840,33,Ceara,15,6,60%,508,85%,15,1,0,2,5,2019-11-17,18:00,Chapecoense,Ceara,4-2-3-1,4-2-3-1,Chapecoense,1,0,SC,CE,0,2019
6842,33,Internacional,13,2,51%,421,75%,19,2,0,0,3,2019-11-17,18:00,Corinthians,Internacional,4-4-1-1,4-2-3-1,-,0,0,SP,RS,1,2019
6842,33,Corinthians,14,3,49%,411,77%,9,0,0,2,5,2019-11-17,18:00,Corinthians,Internacional,4-4-1-1,4-2-3-1,-,0,0,SP,RS,1,2019
6843,33,CSA,8,2,36%,294,81%,20,1,0,1,3,2019-11-17,19:02,Fortaleza,CSA,4-2-3-1,4-2-3-1,Fortaleza,3,0,CE,AL,0,2019
6843,33,Fortaleza,15,6,64%,516,88%,10,0,0,0,4,2019-11-17,19:02,Fortaleza,CSA,4-2-3-1,4-2-3-1,Fortaleza,3,0,CE,AL,3,2019
6844,33,Vasco,9,3,47%,360,78%,22,2,0,3,3,2019-11-18,19:33,Vasco,Goias,4-1-4-1,4-4-1-1,-,1,1,RJ,GO,1,2019
6844,33,Goias,21,6,53%,384,78%,16,2,0,1,16,2019-11-18,19:33,Vasco,Goias,4-1-4-1,4-4-1-1,-,1,1,RJ,GO,1,2019
6845,33,Avai,10,4,27%,223,65%,20,2,0,0,2,2019-11-18,20:00,Cruzeiro,Avai,4-2-3-1,4-4-2,-,0,0,MG,SC,1,2019
6845,33,Cruzeiro,16,3,73%,573,86%,14,3,0,0,17,2019-11-18,20:00,Cruzeiro,Avai,4-2-3-1,4-4-2,-,0,0,MG,SC,1,2019
6827,34,Cruzeiro,9,2,43%,356,78%,19,2,0,1,4,2019-11-23,21:01,Santos,Cruzeiro,4-3-3,4-1-4-1,Santos,4,1,SP,MG,0,2019
6827,34,Santos,25,11,57%,456,83%,16,2,0,4,10,2019-11-23,21:01,Santos,Cruzeiro,4-3-3,4-1-4-1,Santos,4,1,SP,MG,3,2019
6829,34,Atletico-MG,0,0,,0,,0,0,0,0,0,2019-11-24,14:12,Atletico-MG,Athletico-PR,4-4-2,4-2-3-1,Athletico-PR,0,1,MG,PR,0,2019
6829,34,Athletico-PR,0,0,,0,,0,0,0,0,0,2019-11-24,14:12,Atletico-MG,Athletico-PR,4-4-2,4-2-3-1,Athletico-PR,0,1,MG,PR,3,2019
6828,34,Gremio,7,3,61%,609,85%,14,3,0,1,4,2019-11-24,16:00,Palmeiras,Gremio,4-2-3-1,4-2-3-1,Gremio,1,2,SP,RS,3,2019
6828,34,Palmeiras,17,6,39%,376,78%,14,2,0,1,4,2019-11-24,16:00,Palmeiras,Gremio,4-2-3-1,4-2-3-1,Gremio,1,2,SP,RS,0,2019
6830,34,Goias,13,5,47%,367,82%,14,2,0,2,4,2019-11-24,16:02,Goias,Bahia,4-2-3-1,4-4-2,Goias,4,3,GO,BA,3,2019
6830,34,Bahia,10,3,53%,415,78%,23,2,0,0,5,2019-11-24,16:02,Goias,Bahia,4-2-3-1,4-4-2,Goias,4,3,GO,BA,0,2019
6831,34,Corinthians,25,5,72%,597,88%,19,2,0,2,8,2019-11-24,18:00,Botafogo-RJ,Corinthians,4-2-3-1,4-1-2-1-2,Botafogo-RJ,1,0,RJ,SP,0,2019
6831,34,Botafogo-RJ,8,5,28%,239,64%,11,4,0,2,2,2019-11-24,18:00,Botafogo-RJ,Corinthians,4-2-3-1,4-1-2-1-2,Botafogo-RJ,1,0,RJ,SP,3,2019
6833,34,Fortaleza,6,3,39%,366,79%,12,2,0,3,3,2019-11-24,19:00,Internacional,Fortaleza,4-2-3-1,4-2-3-1,-,2,2,RS,CE,1,2019
6833,34,Internacional,23,6,61%,539,86%,16,4,0,0,9,2019-11-24,19:00,Internacional,Fortaleza,4-2-3-1,4-2-3-1,-,2,2,RS,CE,1,2019
6834,34,Avai,13,2,58%,490,83%,11,0,1,0,4,2019-11-24,19:00,Avai,Chapecoense,4-3-3,4-2-3-1,Chapecoense,0,1,SC,SC,0,2019
6834,34,Chapecoense,15,2,42%,360,75%,15,1,1,0,4,2019-11-24,19:00,Avai,Chapecoense,4-3-3,4-2-3-1,Chapecoense,0,1,SC,SC,3,2019
6832,34,Ceara,18,6,49%,434,82%,12,3,0,0,13,2019-11-24,19:02,Ceara,Sao Paulo,4-1-4-1,4-1-4-1,-,1,1,CE,SP,1,2019
6832,34,Sao Paulo,6,2,51%,479,83%,16,1,0,0,5,2019-11-24,19:02,Ceara,Sao Paulo,4-1-4-1,4-1-4-1,-,1,1,CE,SP,1,2019
6835,34,Fluminense,19,7,61%,604,91%,14,2,0,2,3,2019-11-25,20:00,CSA,Fluminense,4-2-3-1,4-4-1-1,Fluminense,0,1,AL,RJ,3,2019
6835,34,CSA,18,4,39%,372,84%,15,2,0,1,5,2019-11-25,20:00,CSA,Fluminense,4-2-3-1,4-4-1-1,Fluminense,0,1,AL,RJ,0,2019
6846,35,Goias,13,7,31%,259,61%,24,4,0,2,3,2019-11-27,19:30,Internacional,Goias,4-2-3-1,4-1-4-1,Goias,1,2,RS,GO,3,2019
6846,35,Internacional,24,9,69%,562,83%,22,2,0,3,11,2019-11-27,19:30,Internacional,Goias,4-2-3-1,4-1-4-1,Goias,1,2,RS,GO,0,2019
6847,35,Botafogo-RJ,9,2,41%,290,74%,18,3,0,0,2,2019-11-27,19:30,Chapecoense,Botafogo-RJ,4-1-4-1,4-1-4-1,Botafogo-RJ,0,1,SC,RJ,3,2019
6847,35,Chapecoense,25,3,59%,396,85%,12,2,0,0,5,2019-11-27,19:30,Chapecoense,Botafogo-RJ,4-1-4-1,4-1-4-1,Botafogo-RJ,0,1,SC,RJ,0,2019
6849,35,Gremio,0,0,,0,,0,0,0,0,0,2019-11-27,19:51,Athletico-PR,Gremio,4-1-4-1,4-2-3-1,Athletico-PR,2,0,PR,RS,0,2019
6849,35,Athletico-PR,0,0,,0,,0,0,0,0,0,2019-11-27,19:51,Athletico-PR,Gremio,4-1-4-1,4-2-3-1,Athletico-PR,2,0,PR,RS,3,2019
6848,35,Bahia,16,4,58%,463,82%,12,1,0,0,10,2019-11-27,21:02,Bahia,Atletico-MG,4-2-3-1,4-2-3-1,-,1,1,BA,MG,1,2019
6848,35,Atletico-MG,10,3,42%,346,77%,20,1,0,2,4,2019-11-27,21:02,Bahia,Atletico-MG,4-2-3-1,4-2-3-1,-,1,1,BA,MG,1,2019
6851,35,Avai,9,1,35%,277,75%,13,1,0,3,3,2019-11-27,21:30,Corinthians,Avai,4-1-4-1,4-3-3,Corinthians,3,0,SP,SC,0,2019
6851,35,Corinthians,32,9,65%,503,86%,15,0,0,2,7,2019-11-27,21:30,Corinthians,Avai,4-1-4-1,4-3-3,Corinthians,3,0,SP,SC,3,2019
6850,35,Flamengo,27,7,66%,553,90%,13,2,0,0,13,2019-11-27,21:31,Flamengo,Ceara,4-2-3-1,4-5-1,Flamengo,4,1,RJ,CE,3,2019
6850,35,Ceara,5,1,34%,287,78%,10,1,1,1,3,2019-11-27,21:31,Flamengo,Ceara,4-2-3-1,4-5-1,Flamengo,4,1,RJ,CE,0,2019
6852,35,Fluminense,13,4,45%,468,86%,15,3,0,0,2,2019-11-28,19:30,Fluminense,Palmeiras,4-4-1-1,4-2-3-1,Fluminense,1,0,RJ,SP,3,2019
6852,35,Palmeiras,10,3,55%,551,88%,20,4,0,2,6,2019-11-28,19:30,Fluminense,Palmeiras,4-4-1-1,4-2-3-1,Fluminense,1,0,RJ,SP,0,2019
6853,35,Fortaleza,11,3,37%,246,76%,16,2,0,1,5,2019-11-28,20:01,Fortaleza,Santos,4-2-3-1,4-3-3,Fortaleza,2,1,CE,SP,3,2019
6853,35,Santos,14,4,63%,419,85%,17,6,2,3,8,2019-11-28,20:01,Fortaleza,Santos,4-2-3-1,4-3-3,Fortaleza,2,1,CE,SP,0,2019
6854,35,Vasco,10,5,44%,376,82%,16,2,0,0,5,2019-11-28,20:31,Sao Paulo,Vasco,4-2-3-1,4-2-3-1,Sao Paulo,1,0,SP,RJ,0,2019
6854,35,Sao Paulo,15,6,56%,486,85%,29,4,0,2,5,2019-11-28,20:31,Sao Paulo,Vasco,4-2-3-1,4-2-3-1,Sao Paulo,1,0,SP,RJ,3,2019
6855,35,Cruzeiro,21,9,73%,525,84%,9,0,0,1,9,2019-11-28,21:30,Cruzeiro,CSA,4-2-3-1,4-2-3-1,CSA,0,1,MG,AL,0,2019
6855,35,CSA,5,3,27%,215,60%,16,4,0,2,1,2019-11-28,21:30,Cruzeiro,CSA,4-2-3-1,4-2-3-1,CSA,0,1,MG,AL,3,2019
6856,36,Botafogo-RJ,8,1,44%,374,80%,8,2,0,3,5,2019-11-30,19:00,Botafogo-RJ,Internacional,4-1-4-1,4-2-3-1,Internacional,0,1,RJ,RS,0,2019
6856,36,Internacional,17,7,56%,475,84%,14,3,0,1,9,2019-11-30,19:00,Botafogo-RJ,Internacional,4-1-4-1,4-2-3-1,Internacional,0,1,RJ,RS,3,2019
6857,36,Athletico-PR,10,3,48%,373,77%,16,1,1,2,4,2019-11-30,19:00,Ceara,Athletico-PR,4-2-3-1,4-2-3-1,-,1,1,CE,PR,1,2019
6857,36,Ceara,16,8,52%,382,80%,17,7,0,1,6,2019-11-30,19:00,Ceara,Athletico-PR,4-2-3-1,4-2-3-1,-,1,1,CE,PR,1,2019
6859,36,Flamengo,9,8,56%,545,87%,21,2,0,1,6,2019-12-01,15:59,Palmeiras,Flamengo,4-2-2-2,4-2-3-1,Flamengo,1,3,SP,RJ,3,2019
6859,36,Palmeiras,14,5,44%,420,86%,18,1,0,4,3,2019-12-01,15:59,Palmeiras,Flamengo,4-2-2-2,4-2-3-1,Flamengo,1,3,SP,RJ,0,2019
6858,36,Avai,5,1,43%,377,78%,26,4,0,0,3,2019-12-01,16:01,Avai,Fluminense,4-3-3,4-4-1-1,-,1,1,SC,RJ,1,2019
6858,36,Fluminense,7,2,57%,488,84%,20,5,0,0,4,2019-12-01,16:01,Avai,Fluminense,4-3-3,4-4-1-1,-,1,1,SC,RJ,1,2019
6860,36,Goias,19,4,58%,421,83%,11,1,0,2,14,2019-12-01,16:02,Goias,Fortaleza,4-2-3-1,4-2-3-1,Fortaleza,1,2,GO,CE,0,2019
6860,36,Fortaleza,11,6,42%,334,79%,15,4,0,1,6,2019-12-01,16:02,Goias,Fortaleza,4-2-3-1,4-2-3-1,Fortaleza,1,2,GO,CE,3,2019
6861,36,Bahia,17,8,48%,372,82%,12,3,1,0,8,2019-12-01,17:58,CSA,Bahia,4-2-3-1,4-3-3,Bahia,1,2,AL,BA,3,2019
6861,36,CSA,13,4,52%,414,83%,9,3,0,4,6,2019-12-01,17:58,CSA,Bahia,4-2-3-1,4-3-3,Bahia,1,2,AL,BA,0,2019
6862,36,Atletico-MG,14,9,41%,273,73%,15,3,0,2,7,2019-12-01,18:00,Atletico-MG,Corinthians,4-2-3-1,4-1-4-1,Atletico-MG,2,1,MG,SP,3,2019
6862,36,Corinthians,13,4,59%,394,81%,8,1,0,3,5,2019-12-01,18:00,Atletico-MG,Corinthians,4-2-3-1,4-1-4-1,Atletico-MG,2,1,MG,SP,0,2019
6863,36,Chapecoense,4,0,32%,243,78%,19,4,0,0,2,2019-12-01,19:00,Santos,Chapecoense,3-4-3,4-1-4-1,Santos,2,0,SP,SC,0,2019
6863,36,Santos,11,5,68%,499,88%,18,3,0,2,3,2019-12-01,19:00,Santos,Chapecoense,3-4-3,4-1-4-1,Santos,2,0,SP,SC,3,2019
6864,36,Gremio,13,4,42%,375,80%,15,0,0,0,1,2019-12-01,19:00,Gremio,Sao Paulo,4-2-3-1,4-1-4-1,Gremio,3,0,RS,SP,3,2019
6864,36,Sao Paulo,10,1,58%,521,84%,16,0,0,1,5,2019-12-01,19:00,Gremio,Sao Paulo,4-2-3-1,4-1-4-1,Gremio,3,0,RS,SP,0,2019
6865,36,Vasco,6,1,41%,295,71%,16,3,0,1,2,2019-12-02,20:01,Vasco,Cruzeiro,4-3-3,4-3-3,Vasco,1,0,RJ,MG,3,2019
6865,36,Cruzeiro,14,1,59%,400,80%,19,3,0,0,17,2019-12-02,20:01,Vasco,Cruzeiro,4-3-3,4-3-3,Vasco,1,0,RJ,MG,0,2019
6866,37,Athletico-PR,9,3,51%,366,79%,16,2,0,3,6,2019-12-04,19:01,Athletico-PR,Santos,4-2-3-1,4-3-3,Athletico-PR,1,0,PR,SP,3,2019
6866,37,Santos,9,3,49%,364,83%,9,3,1,5,3,2019-12-04,19:01,Athletico-PR,Santos,4-2-3-1,4-3-3,Athletico-PR,1,0,PR,SP,0,2019
6868,37,Botafogo-RJ,13,6,52%,446,83%,10,3,0,1,8,2019-12-04,19:30,Atletico-MG,Botafogo-RJ,4-2-3-1,4-2-3-1,Atletico-MG,2,0,MG,RJ,0,2019
6868,37,Atletico-MG,27,8,48%,419,81%,11,1,0,2,11,2019-12-04,19:30,Atletico-MG,Botafogo-RJ,4-2-3-1,4-2-3-1,Atletico-MG,2,0,MG,RJ,3,2019
6867,37,Ceara,9,2,36%,261,74%,15,2,1,2,9,2019-12-04,19:31,Ceara,Corinthians,4-2-3-1,4-1-4-1,Corinthians,0,1,CE,SP,0,2019
6867,37,Corinthians,19,3,64%,479,86%,14,4,0,0,6,2019-12-04,19:31,Ceara,Corinthians,4-2-3-1,4-1-4-1,Corinthians,0,1,CE,SP,3,2019
6869,37,Chapecoense,19,6,56%,468,87%,21,1,0,1,2,2019-12-04,21:00,Chapecoense,CSA,4-5-1,4-2-3-1,Chapecoense,3,0,SC,AL,3,2019
6869,37,CSA,10,3,44%,369,84%,13,1,1,1,5,2019-12-04,21:00,Chapecoense,CSA,4-5-1,4-2-3-1,Chapecoense,3,0,SC,AL,0,2019
6870,37,Fluminense,13,3,59%,560,87%,16,1,1,0,6,2019-12-04,21:30,Fluminense,Fortaleza,4-2-3-1,4-2-3-1,-,0,0,RJ,CE,1,2019
6870,37,Fortaleza,13,4,41%,411,87%,9,0,1,1,1,2019-12-04,21:30,Fluminense,Fortaleza,4-2-3-1,4-2-3-1,-,0,0,RJ,CE,1,2019
6871,37,Sao Paulo,19,8,42%,368,79%,20,3,0,3,8,2019-12-04,21:30,Sao Paulo,Internacional,4-1-4-1,4-1-4-1,Sao Paulo,2,1,SP,RS,3,2019
6871,37,Internacional,11,3,58%,515,83%,19,4,0,1,2,2019-12-04,21:30,Sao Paulo,Internacional,4-1-4-1,4-1-4-1,Sao Paulo,2,1,SP,RS,0,2019
6872,37,Gremio,14,7,63%,580,86%,11,0,0,1,5,2019-12-05,19:15,Gremio,Cruzeiro,4-2-3-1,4-1-4-1,Gremio,2,0,RS,MG,3,2019
6872,37,Cruzeiro,13,2,37%,342,79%,21,3,1,1,6,2019-12-05,19:15,Gremio,Cruzeiro,4-2-3-1,4-1-4-1,Gremio,2,0,RS,MG,0,2019
6873,37,Goias,10,3,56%,475,87%,13,1,0,1,3,2019-12-05,19:17,Palmeiras,Goias,4-2-3-1,4-3-3,Palmeiras,5,1,SP,GO,0,2019
6873,37,Palmeiras,10,6,44%,382,85%,21,5,0,1,1,2019-12-05,19:17,Palmeiras,Goias,4-2-3-1,4-3-3,Palmeiras,5,1,SP,GO,3,2019
6874,37,Vasco,10,4,54%,510,89%,11,2,1,2,6,2019-12-05,19:19,Bahia,Vasco,4-3-3,4-3-3,-,1,1,BA,RJ,1,2019
6874,37,Bahia,15,4,46%,436,86%,21,2,1,1,2,2019-12-05,19:19,Bahia,Vasco,4-3-3,4-3-3,-,1,1,BA,RJ,1,2019
6875,37,Avai,8,3,32%,283,71%,13,1,0,2,3,2019-12-05,20:03,Flamengo,Avai,4-2-3-1,5-4-1,Flamengo,6,1,RJ,SC,0,2019
6875,37,Flamengo,21,13,68%,608,88%,18,0,0,0,8,2019-12-05,20:03,Flamengo,Avai,4-2-3-1,5-4-1,Flamengo,6,1,RJ,SC,3,2019
6876,38,Corinthians,16,3,60%,538,83%,21,1,0,0,3,2019-12-08,16:00,Corinthians,Fluminense,4-4-2,4-2-3-1,Fluminense,1,2,SP,RJ,0,2019
6876,38,Fluminense,10,3,40%,360,76%,14,3,0,2,5,2019-12-08,16:00,Corinthians,Fluminense,4-4-2,4-2-3-1,Fluminense,1,2,SP,RJ,3,2019
6878,38,Botafogo-RJ,15,2,51%,394,84%,12,0,0,0,3,2019-12-08,16:00,Botafogo-RJ,Ceara,4-1-4-1,4-1-4-1,-,1,1,RJ,CE,1,2019
6878,38,Ceara,14,2,49%,382,78%,19,2,0,2,6,2019-12-08,16:00,Botafogo-RJ,Ceara,4-1-4-1,4-1-4-1,-,1,1,RJ,CE,1,2019
6880,38,Atletico-MG,10,4,35%,272,71%,16,1,0,1,3,2019-12-08,16:00,Internacional,Atletico-MG,4-2-3-1,4-2-3-1,Internacional,2,1,RS,MG,0,2019
6880,38,Internacional,20,7,65%,470,83%,11,4,0,2,18,2019-12-08,16:00,Internacional,Atletico-MG,4-2-3-1,4-2-3-1,Internacional,2,1,RS,MG,3,2019
6879,38,CSA,24,6,42%,349,88%,17,1,0,1,6,2019-12-08,16:01,CSA,Sao Paulo,4-2-3-1,4-3-3,Sao Paulo,1,2,AL,SP,0,2019
6879,38,Sao Paulo,13,4,58%,493,89%,24,2,1,1,4,2019-12-08,16:01,CSA,Sao Paulo,4-2-3-1,4-3-3,Sao Paulo,1,2,AL,SP,3,2019
6881,38,Palmeiras,8,5,43%,384,81%,11,1,0,2,3,2019-12-08,16:01,Cruzeiro,Palmeiras,4-3-3,4-2-3-1,Palmeiras,0,2,MG,SP,3,2019
6881,38,Cruzeiro,9,3,57%,505,86%,11,0,0,1,4,2019-12-08,16:01,Cruzeiro,Palmeiras,4-3-3,4-2-3-1,Palmeiras,0,2,MG,SP,0,2019
6882,38,Gremio,15,6,55%,392,80%,8,1,0,2,4,2019-12-08,16:01,Goias,Gremio,4-3-3,4-2-3-1,Goias,3,2,GO,RS,0,2019
6882,38,Goias,18,6,45%,309,79%,21,1,0,1,7,2019-12-08,16:01,Goias,Gremio,4-3-3,4-2-3-1,Goias,3,2,GO,RS,3,2019
6883,38,Chapecoense,9,2,48%,363,84%,16,3,0,0,2,2019-12-08,16:01,Vasco,Chapecoense,4-3-3,4-1-4-1,-,1,1,RJ,SC,1,2019
6883,38,Vasco,24,7,52%,378,83%,18,2,0,1,7,2019-12-08,16:01,Vasco,Chapecoense,4-3-3,4-1-4-1,-,1,1,RJ,SC,1,2019
6885,38,Fortaleza,8,4,57%,417,84%,9,2,0,4,2,2019-12-08,16:01,Fortaleza,Bahia,4-2-3-1,4-3-3,Fortaleza,2,1,CE,BA,3,2019
6885,38,Bahia,11,4,43%,308,75%,15,1,0,3,3,2019-12-08,16:01,Fortaleza,Bahia,4-2-3-1,4-3-3,Fortaleza,2,1,CE,BA,0,2019
6877,38,Santos,21,8,51%,391,82%,12,2,0,4,3,2019-12-08,16:02,Santos,Flamengo,4-3-3,4-2-3-1,Santos,4,0,SP,RJ,3,2019
6877,38,Flamengo,5,1,49%,386,81%,15,3,0,0,5,2019-12-08,16:02,Santos,Flamengo,4-3-3,4-2-3-1,Santos,4,0,SP,RJ,0,2019
6884,38,Athletico-PR,0,0,,0,,0,0,0,0,0,2019-12-08,16:08,Avai,Athletico-PR,4-2-3-1,4-2-3-1,-,0,0,SC,PR,1,2019
6884,38,Avai,0,0,,0,,0,0,0,0,0,2019-12-08,16:08,Avai,Athletico-PR,4-2-3-1,4-2-3-1,-,0,0,SC,PR,1,2019
6888,1,Ceara,11,5,60%,487,82%,18,3,0,0,4,2020-08-08,10:40,Sport,Ceara,4-2-3-1,4-2-3-1,Sport,3,2,PE,CE,0,2020
6888,1,Sport,9,3,40%,324,77%,15,3,0,3,2,2020-08-08,10:40,Sport,Ceara,4-2-3-1,4-2-3-1,Sport,3,2,PE,CE,3,2020
6887,1,Internacional,11,4,58%,504,81%,21,4,0,2,6,2020-08-08,10:57,Coritiba,Internacional,4-2-3-1,4-2-3-1,Internacional,0,1,PR,RS,3,2020
6887,1,Coritiba,2,0,42%,382,74%,11,3,0,3,2,2020-08-08,10:57,Coritiba,Internacional,4-2-3-1,4-2-3-1,Internacional,0,1,PR,RS,0,2020
6886,1,Athletico-PR,13,5,57%,549,89%,10,2,0,1,4,2020-08-08,19:00,Fortaleza,Athletico-PR,4-2-3-1,4-3-3,Athletico-PR,0,2,CE,PR,3,2020
6886,1,Fortaleza,11,3,43%,414,86%,14,3,1,1,4,2020-08-08,19:00,Fortaleza,Athletico-PR,4-2-3-1,4-3-3,Athletico-PR,0,2,CE,PR,0,2020
6890,1,Flamengo,17,2,63%,525,80%,12,3,0,2,9,2020-08-09,16:00,Flamengo,Atletico-MG,4-2-3-1,3-5-2,Atletico-MG,0,1,RJ,MG,0,2020
6890,1,Atletico-MG,10,4,37%,321,71%,24,2,0,3,2,2020-08-09,16:00,Flamengo,Atletico-MG,4-2-3-1,3-5-2,Atletico-MG,0,1,RJ,MG,3,2020
6889,1,Santos,10,4,54%,444,81%,10,0,0,4,4,2020-08-09,16:02,Santos,Bragantino,4-3-3,4-2-3-1,-,1,1,SP,SP,1,2020
6889,1,Bragantino,18,6,46%,377,80%,19,1,0,2,2,2020-08-09,16:02,Santos,Bragantino,4-3-3,4-2-3-1,-,1,1,SP,SP,1,2020
6891,1,Gremio,15,4,53%,496,80%,24,2,0,2,6,2020-08-09,19:00,Gremio,Fluminense,4-2-3-1,4-3-3,Gremio,1,0,RS,RJ,3,2020
6891,1,Fluminense,10,4,47%,447,80%,16,3,0,1,3,2020-08-09,19:00,Gremio,Fluminense,4-2-3-1,4-3-3,Gremio,1,0,RS,RJ,0,2020
6896,2,Goias,13,3,21%,196,72%,18,3,0,1,3,2020-08-12,09:43,Athletico-PR,Goias,4-3-3,4-4-2,Athletico-PR,2,1,PR,GO,0,2020
6896,2,Athletico-PR,19,4,79%,728,92%,16,3,0,1,3,2020-08-12,09:43,Athletico-PR,Goias,4-3-3,4-4-2,Athletico-PR,2,1,PR,GO,3,2020
6898,2,Botafogo-RJ,9,3,45%,472,82%,8,1,0,1,3,2020-08-12,19:15,Bragantino,Botafogo-RJ,4-2-3-1,4-2-3-1,-,1,1,SP,RJ,1,2020
6898,2,Bragantino,23,8,55%,558,88%,13,3,0,1,12,2020-08-12,19:15,Bragantino,Botafogo-RJ,4-2-3-1,4-2-3-1,-,1,1,SP,RJ,1,2020
6897,2,Corinthians,8,5,44%,426,74%,11,1,0,1,4,2020-08-12,19:16,Atletico-MG,Corinthians,4-3-3,4-2-3-1,Atletico-MG,3,2,MG,SP,0,2020
6897,2,Atletico-MG,25,13,56%,515,81%,19,0,0,3,8,2020-08-12,19:16,Atletico-MG,Corinthians,4-3-3,4-2-3-1,Atletico-MG,3,2,MG,SP,3,2020
6899,2,Bahia,12,5,45%,420,80%,16,0,0,1,3,2020-08-12,20:30,Bahia,Coritiba,4-1-2-1-2,4-2-3-1,Bahia,1,0,BA,PR,3,2020
6899,2,Coritiba,15,3,55%,486,85%,18,5,0,5,8,2020-08-12,20:30,Bahia,Coritiba,4-1-2-1-2,4-2-3-1,Bahia,1,0,BA,PR,0,2020
6900,2,Atletico-GO,13,7,34%,284,72%,15,1,0,2,11,2020-08-12,20:31,Atletico-GO,Flamengo,4-2-3-1,4-2-3-1,Atletico-GO,3,0,GO,RJ,3,2020
6900,2,Flamengo,9,3,66%,555,88%,19,1,1,1,5,2020-08-12,20:31,Atletico-GO,Flamengo,4-2-3-1,4-2-3-1,Atletico-GO,3,0,GO,RJ,0,2020
6901,2,Gremio,14,8,58%,571,87%,7,1,0,0,7,2020-08-12,21:30,Ceara,Gremio,4-2-3-1,4-2-3-1,-,1,1,CE,RS,1,2020
6901,2,Ceara,11,5,42%,421,80%,17,3,0,1,1,2020-08-12,21:30,Ceara,Gremio,4-2-3-1,4-2-3-1,-,1,1,CE,RS,1,2020
6902,2,Palmeiras,9,1,48%,400,82%,31,3,0,0,3,2020-08-12,21:30,Fluminense,Palmeiras,4-3-3,4-2-3-1,-,1,1,RJ,SP,1,2020
6902,2,Fluminense,10,1,52%,430,82%,20,3,0,3,3,2020-08-12,21:30,Fluminense,Palmeiras,4-3-3,4-2-3-1,-,1,1,RJ,SP,1,2020
6903,2,Sao Paulo,13,3,52%,474,87%,16,1,0,4,5,2020-08-13,19:16,Sao Paulo,Fortaleza,4-2-3-1,4-2-3-1,Sao Paulo,1,0,SP,CE,3,2020
6903,2,Fortaleza,12,3,48%,443,85%,18,2,0,3,7,2020-08-13,19:16,Sao Paulo,Fortaleza,4-2-3-1,4-2-3-1,Sao Paulo,1,0,SP,CE,0,2020
6904,2,Santos,6,1,41%,379,79%,14,3,0,2,4,2020-08-13,19:32,Internacional,Santos,4-1-2-1-2,3-5-2,Internacional,2,0,RS,SP,0,2020
6904,2,Internacional,25,7,59%,515,83%,28,2,0,2,9,2020-08-13,19:32,Internacional,Santos,4-1-2-1-2,3-5-2,Internacional,2,0,RS,SP,3,2020
6905,2,Vasco,9,6,46%,371,81%,29,2,0,1,5,2020-08-13,20:00,Vasco,Sport,4-1-4-1,4-2-3-1,Vasco,2,0,RJ,PE,3,2020
6905,2,Sport,13,1,54%,416,84%,17,3,1,4,8,2020-08-13,20:00,Vasco,Sport,4-1-4-1,4-2-3-1,Vasco,2,0,RJ,PE,0,2020
6907,3,Flamengo,18,7,65%,541,88%,16,3,0,1,5,2020-08-15,12:57,Coritiba,Flamengo,4-4-2,4-2-3-1,Flamengo,0,1,PR,RJ,3,2020
6907,3,Coritiba,9,2,35%,286,74%,25,4,1,3,5,2020-08-15,12:57,Coritiba,Flamengo,4-4-2,4-2-3-1,Flamengo,0,1,PR,RJ,0,2020
6906,3,Gremio,24,8,47%,491,86%,16,2,0,0,7,2020-08-15,19:00,Gremio,Corinthians,4-2-3-1,4-2-3-1,-,0,0,RS,SP,1,2020
6906,3,Corinthians,5,2,53%,571,88%,14,3,0,0,5,2020-08-15,19:00,Gremio,Corinthians,4-2-3-1,4-2-3-1,-,0,0,RS,SP,1,2020
6908,3,Goias,11,5,35%,369,75%,16,3,0,0,2,2020-08-15,21:30,Palmeiras,Goias,4-2-3-1,3-4-3,-,1,1,SP,GO,1,2020
6908,3,Palmeiras,12,3,65%,668,86%,11,1,0,0,6,2020-08-15,21:30,Palmeiras,Goias,4-2-3-1,3-4-3,-,1,1,SP,GO,1,2020
6909,3,Ceara,13,1,39%,309,77%,16,4,0,0,0,2020-08-16,11:01,Atletico-MG,Ceara,4-2-3-1,4-2-3-1,Atletico-MG,2,0,MG,CE,0,2020
6909,3,Atletico-MG,11,6,61%,475,82%,14,2,0,2,4,2020-08-16,11:01,Atletico-MG,Ceara,4-2-3-1,4-2-3-1,Atletico-MG,2,0,MG,CE,3,2020
6910,3,Bahia,10,4,42%,381,76%,16,1,0,2,3,2020-08-16,16:00,Bahia,Bragantino,4-2-3-1,4-1-4-1,Bahia,2,1,BA,SP,3,2020
6910,3,Bragantino,16,3,58%,505,82%,16,1,0,1,7,2020-08-16,16:00,Bahia,Bragantino,4-2-3-1,4-1-4-1,Bahia,2,1,BA,SP,0,2020
6911,3,Vasco,8,3,40%,379,82%,16,2,0,1,3,2020-08-16,16:00,Vasco,Sao Paulo,4-2-3-1,4-2-3-1,Vasco,2,1,RJ,SP,3,2020
6911,3,Sao Paulo,11,5,60%,559,86%,15,5,0,1,4,2020-08-16,16:00,Vasco,Sao Paulo,4-2-3-1,4-2-3-1,Vasco,2,1,RJ,SP,0,2020
6912,3,Fluminense,10,5,43%,339,76%,13,2,0,1,1,2020-08-16,18:00,Fluminense,Internacional,4-3-3,4-1-2-1-2,Fluminense,2,1,RJ,RS,3,2020
6912,3,Internacional,9,3,57%,433,78%,24,2,0,1,4,2020-08-16,18:00,Fluminense,Internacional,4-3-3,4-1-2-1-2,Fluminense,2,1,RJ,RS,0,2020
6913,3,Sport,15,4,69%,509,82%,15,2,0,2,9,2020-08-16,19:00,Atletico-GO,Sport,4-2-3-1,4-2-3-1,-,1,1,GO,PE,1,2020
6913,3,Atletico-GO,11,4,31%,237,68%,13,0,1,0,4,2020-08-16,19:00,Atletico-GO,Sport,4-2-3-1,4-2-3-1,-,1,1,GO,PE,1,2020
6914,3,Fortaleza,12,1,59%,561,90%,9,2,0,2,4,2020-08-16,19:30,Fortaleza,Botafogo-RJ,4-2-3-1,4-2-3-1,-,0,0,CE,RJ,1,2020
6914,3,Botafogo-RJ,15,6,41%,392,87%,8,1,0,1,7,2020-08-16,19:30,Fortaleza,Botafogo-RJ,4-2-3-1,4-2-3-1,-,0,0,CE,RJ,1,2020
6915,3,Athletico-PR,12,2,68%,587,88%,22,1,0,0,6,2020-08-16,19:46,Santos,Athletico-PR,4-3-3,4-3-3,Santos,3,1,SP,PR,0,2020
6915,3,Santos,11,6,32%,290,77%,9,1,0,0,2,2020-08-16,19:46,Santos,Athletico-PR,4-3-3,4-3-3,Santos,3,1,SP,PR,3,2020
6916,4,Gremio,10,2,39%,390,80%,20,3,0,3,2,2020-08-19,19:15,Flamengo,Gremio,4-2-3-1,4-3-3,-,1,1,RJ,RS,1,2020
6916,4,Flamengo,8,2,61%,596,87%,17,3,0,1,1,2020-08-19,19:15,Flamengo,Gremio,4-2-3-1,4-3-3,-,1,1,RJ,RS,1,2020
6917,4,Bragantino,13,3,52%,438,82%,19,5,0,2,6,2020-08-19,19:15,Bragantino,Fluminense,4-3-3,4-2-3-1,Bragantino,2,1,SP,RJ,3,2020
6917,4,Fluminense,9,4,48%,406,81%,14,5,0,0,4,2020-08-19,19:15,Bragantino,Fluminense,4-3-3,4-2-3-1,Bragantino,2,1,SP,RJ,0,2020
6918,4,Palmeiras,10,3,44%,362,78%,20,0,0,3,8,2020-08-19,19:31,Athletico-PR,Palmeiras,4-3-3,4-2-3-1,Palmeiras,0,1,PR,SP,3,2020
6918,4,Athletico-PR,6,0,56%,459,80%,23,5,0,0,5,2020-08-19,19:31,Athletico-PR,Palmeiras,4-3-3,4-2-3-1,Palmeiras,0,1,PR,SP,0,2020
6920,4,Atletico-GO,7,1,42%,337,72%,17,3,0,2,3,2020-08-19,20:29,Internacional,Atletico-GO,4-3-3,4-3-3,Internacional,3,0,RS,GO,0,2020
6920,4,Internacional,11,5,58%,452,84%,19,3,1,1,4,2020-08-19,20:29,Internacional,Atletico-GO,4-3-3,4-3-3,Internacional,3,0,RS,GO,3,2020
6919,4,Goias,13,4,48%,379,82%,16,4,0,3,2,2020-08-19,20:31,Goias,Fortaleza,3-4-3,4-2-3-1,Fortaleza,1,3,GO,CE,0,2020
6919,4,Fortaleza,13,3,52%,410,79%,15,2,0,2,6,2020-08-19,20:31,Goias,Fortaleza,3-4-3,4-2-3-1,Fortaleza,1,3,GO,CE,3,2020
6921,4,Corinthians,23,13,64%,591,91%,15,2,0,0,10,2020-08-19,21:30,Corinthians,Coritiba,4-2-3-1,4-2-3-1,Corinthians,3,1,SP,PR,3,2020
6921,4,Coritiba,9,4,36%,352,82%,7,1,1,3,0,2020-08-19,21:30,Corinthians,Coritiba,4-2-3-1,4-2-3-1,Corinthians,3,1,SP,PR,0,2020
6922,4,Botafogo-RJ,10,5,26%,210,63%,9,2,0,1,7,2020-08-19,21:30,Botafogo-RJ,Atletico-MG,4-4-2,4-2-3-1,Botafogo-RJ,2,1,RJ,MG,3,2020
6922,4,Atletico-MG,31,9,74%,609,87%,10,0,0,2,16,2020-08-19,21:30,Botafogo-RJ,Atletico-MG,4-4-2,4-2-3-1,Botafogo-RJ,2,1,RJ,MG,0,2020
6923,4,Santos,16,5,59%,513,85%,17,2,0,1,5,2020-08-20,19:15,Sport,Santos,4-2-3-1,4-3-3,Santos,0,1,PE,SP,3,2020
6923,4,Sport,11,5,41%,354,76%,23,5,0,1,4,2020-08-20,19:15,Sport,Santos,4-2-3-1,4-3-3,Santos,0,1,PE,SP,0,2020
6924,4,Ceara,22,2,58%,484,86%,18,3,0,1,13,2020-08-20,20:00,Ceara,Vasco,4-1-4-1,4-4-2,Vasco,0,3,CE,RJ,0,2020
6924,4,Vasco,5,4,42%,375,81%,14,3,0,2,2,2020-08-20,20:00,Ceara,Vasco,4-1-4-1,4-4-2,Vasco,0,3,CE,RJ,3,2020
6925,4,Sao Paulo,25,5,68%,634,90%,14,2,0,4,5,2020-08-20,20:00,Sao Paulo,Bahia,4-2-3-1,4-2-3-1,-,1,1,SP,BA,1,2020
6925,4,Bahia,8,5,32%,304,68%,16,2,0,1,6,2020-08-20,20:00,Sao Paulo,Bahia,4-2-3-1,4-2-3-1,-,1,1,SP,BA,1,2020
6926,5,Athletico-PR,14,5,66%,610,87%,21,4,0,1,7,2020-08-22,16:00,Athletico-PR,Fluminense,4-3-3,4-2-3-1,Fluminense,0,1,PR,RJ,0,2020
6926,5,Fluminense,9,2,34%,326,73%,12,3,0,2,2,2020-08-22,16:00,Athletico-PR,Fluminense,4-3-3,4-2-3-1,Fluminense,0,1,PR,RJ,3,2020
6927,5,Internacional,6,3,33%,306,62%,20,1,0,3,2,2020-08-22,18:59,Internacional,Atletico-MG,4-2-3-1,3-4-1-2,Internacional,1,0,RS,MG,3,2020
6927,5,Atletico-MG,11,1,67%,620,81%,21,2,0,1,5,2020-08-22,18:59,Internacional,Atletico-MG,4-2-3-1,3-4-1-2,Internacional,1,0,RS,MG,0,2020
6928,5,Goias,6,2,33%,275,67%,26,5,0,5,3,2020-08-22,21:00,Goias,Atletico-GO,4-3-3,4-2-3-1,Goias,2,0,GO,GO,3,2020
6928,5,Atletico-GO,16,4,67%,541,82%,19,2,0,2,11,2020-08-22,21:00,Goias,Atletico-GO,4-3-3,4-2-3-1,Goias,2,0,GO,GO,0,2020
6929,5,Flamengo,15,5,67%,637,88%,15,3,0,0,5,2020-08-23,11:03,Flamengo,Botafogo-RJ,4-4-2,5-4-1,-,1,1,RJ,RJ,1,2020
6929,5,Botafogo-RJ,7,1,33%,314,78%,17,3,0,2,4,2020-08-23,11:03,Flamengo,Botafogo-RJ,4-4-2,5-4-1,-,1,1,RJ,RJ,1,2020
6930,5,Gremio,14,4,54%,474,82%,17,2,0,0,4,2020-08-23,16:00,Vasco,Gremio,4-1-4-1,4-2-3-1,-,0,0,RJ,RS,1,2020
6930,5,Vasco,10,3,46%,414,80%,23,5,0,1,6,2020-08-23,16:00,Vasco,Gremio,4-1-4-1,4-2-3-1,-,0,0,RJ,RS,1,2020
6932,5,Coritiba,7,4,54%,397,75%,18,0,0,2,3,2020-08-23,16:01,Bragantino,Coritiba,4-3-3,4-2-3-1,Coritiba,1,2,SP,PR,3,2020
6932,5,Bragantino,15,2,46%,319,82%,17,2,1,1,10,2020-08-23,16:01,Bragantino,Coritiba,4-3-3,4-2-3-1,Coritiba,1,2,SP,PR,0,2020
6931,5,Palmeiras,17,5,48%,369,79%,21,5,0,4,5,2020-08-23,16:02,Palmeiras,Santos,4-2-3-1,4-3-3,Palmeiras,2,1,SP,SP,3,2020
6931,5,Santos,8,1,52%,383,76%,15,2,1,0,6,2020-08-23,16:02,Palmeiras,Santos,4-2-3-1,4-3-3,Palmeiras,2,1,SP,SP,0,2020
6933,5,Sport,10,2,55%,516,86%,21,2,0,1,0,2020-08-23,18:59,Sport,Sao Paulo,4-2-3-1,4-3-3,Sao Paulo,0,1,PE,SP,0,2020
6933,5,Sao Paulo,11,4,45%,425,84%,25,3,0,0,3,2020-08-23,18:59,Sport,Sao Paulo,4-2-3-1,4-3-3,Sao Paulo,0,1,PE,SP,3,2020
6934,5,Ceara,11,4,38%,339,77%,21,1,0,1,6,2020-08-23,20:00,Ceara,Bahia,4-2-3-1,4-2-3-1,Ceara,2,0,CE,BA,3,2020
6934,5,Bahia,16,7,62%,538,84%,7,2,0,1,11,2020-08-23,20:00,Ceara,Bahia,4-2-3-1,4-2-3-1,Ceara,2,0,CE,BA,0,2020
6935,5,Fortaleza,10,3,40%,405,81%,12,2,0,5,1,2020-08-26,21:30,Corinthians,Fortaleza,4-2-3-1,4-2-3-1,-,1,1,SP,CE,1,2020
6935,5,Corinthians,21,7,60%,584,85%,14,0,0,0,5,2020-08-26,21:30,Corinthians,Fortaleza,4-2-3-1,4-2-3-1,-,1,1,SP,CE,1,2020
6936,11,Sao Paulo,15,5,57%,605,87%,13,2,0,3,4,2020-08-26,19:00,Sao Paulo,Athletico-PR,4-3-3,4-3-3,Sao Paulo,1,0,SP,PR,3,2020
6936,11,Athletico-PR,5,3,43%,464,80%,16,1,0,1,1,2020-08-26,19:00,Sao Paulo,Athletico-PR,4-3-3,4-3-3,Sao Paulo,1,0,SP,PR,0,2020
6946,6,Internacional,7,4,53%,542,87%,24,1,0,2,3,2020-08-29,17:00,Botafogo-RJ,Internacional,4-3-3,4-1-2-1-2,Internacional,0,2,RJ,RS,3,2020
6946,6,Botafogo-RJ,7,2,47%,471,85%,14,3,0,2,5,2020-08-29,17:00,Botafogo-RJ,Internacional,4-3-3,4-1-2-1-2,Internacional,0,2,RJ,RS,0,2020
6947,6,Fluminense,12,3,46%,452,85%,19,4,0,1,2,2020-08-29,19:00,Fluminense,Vasco,4-2-3-1,4-1-4-1,Fluminense,2,1,RJ,RJ,3,2020
6947,6,Vasco,9,4,54%,527,84%,16,1,1,1,4,2020-08-29,19:00,Fluminense,Vasco,4-2-3-1,4-1-4-1,Fluminense,2,1,RJ,RJ,0,2020
6948,6,Palmeiras,11,5,51%,456,82%,16,2,0,4,2,2020-08-29,19:00,Bahia,Palmeiras,4-2-3-1,4-2-3-1,-,1,1,BA,SP,1,2020
6948,6,Bahia,9,1,49%,429,82%,15,2,0,1,8,2020-08-29,19:00,Bahia,Palmeiras,4-2-3-1,4-2-3-1,-,1,1,BA,SP,1,2020
6949,6,Fortaleza,13,6,59%,571,87%,22,2,0,0,3,2020-08-29,21:00,Fortaleza,Bragantino,4-2-3-1,4-1-4-1,Fortaleza,3,0,CE,SP,3,2020
6949,6,Bragantino,5,2,41%,395,83%,10,2,1,1,4,2020-08-29,21:00,Fortaleza,Bragantino,4-2-3-1,4-1-4-1,Fortaleza,3,0,CE,SP,0,2020
6950,6,Sao Paulo,14,5,54%,442,85%,16,3,0,2,7,2020-08-30,11:00,Sao Paulo,Corinthians,4-3-3,4-2-3-1,Sao Paulo,2,1,SP,SP,3,2020
6950,6,Corinthians,7,5,46%,388,80%,22,0,0,1,4,2020-08-30,11:00,Sao Paulo,Corinthians,4-3-3,4-2-3-1,Sao Paulo,2,1,SP,SP,0,2020
6952,6,Flamengo,10,6,47%,399,80%,26,7,0,1,2,2020-08-30,16:00,Santos,Flamengo,4-3-3,4-2-3-1,Flamengo,0,1,SP,RJ,3,2020
6952,6,Santos,22,6,53%,429,85%,14,6,0,5,9,2020-08-30,16:00,Santos,Flamengo,4-3-3,4-2-3-1,Flamengo,0,1,SP,RJ,0,2020
6951,6,Coritiba,13,3,59%,562,85%,14,1,0,0,5,2020-08-30,16:01,Coritiba,Sport,4-3-3,4-4-2,Coritiba,1,0,PR,PE,3,2020
6951,6,Sport,6,2,41%,387,79%,19,4,0,1,2,2020-08-30,16:01,Coritiba,Sport,4-3-3,4-4-2,Coritiba,1,0,PR,PE,0,2020
6953,6,Atletico-GO,14,4,55%,361,79%,16,1,1,1,4,2020-08-30,18:01,Atletico-GO,Ceara,4-2-3-1,4-2-3-1,Ceara,0,2,GO,CE,0,2020
6953,6,Ceara,13,5,45%,308,73%,11,2,0,2,4,2020-08-30,18:01,Atletico-GO,Ceara,4-2-3-1,4-2-3-1,Ceara,0,2,GO,CE,3,2020
6956,7,Ceara,9,4,27%,231,70%,22,2,0,4,2,2020-09-02,19:02,Ceara,Fortaleza,4-2-3-1,4-2-3-1,Ceara,1,0,CE,CE,3,2020
6956,7,Fortaleza,5,0,73%,620,85%,18,2,0,2,6,2020-09-02,19:02,Ceara,Fortaleza,4-2-3-1,4-2-3-1,Ceara,1,0,CE,CE,0,2020
6957,7,Fluminense,11,4,43%,368,78%,14,2,1,0,2,2020-09-02,19:15,Fluminense,Atletico-GO,4-4-2,4-2-3-1,-,1,1,RJ,GO,1,2020
6957,7,Atletico-GO,15,3,57%,468,84%,16,1,0,1,9,2020-09-02,19:15,Fluminense,Atletico-GO,4-4-2,4-2-3-1,-,1,1,RJ,GO,1,2020
6958,7,Goias,11,3,46%,446,84%,16,1,0,1,3,2020-09-02,19:16,Goias,Corinthians,4-3-3,4-2-3-1,Corinthians,1,2,GO,SP,0,2020
6958,7,Corinthians,11,4,54%,511,87%,12,3,0,0,6,2020-09-02,19:16,Goias,Corinthians,4-3-3,4-2-3-1,Corinthians,1,2,GO,SP,3,2020
6959,7,Botafogo-RJ,17,6,55%,519,84%,23,1,0,1,6,2020-09-02,20:30,Botafogo-RJ,Coritiba,4-2-3-1,4-3-3,-,0,0,RJ,PR,1,2020
6959,7,Coritiba,7,3,45%,433,80%,21,1,0,0,6,2020-09-02,20:30,Botafogo-RJ,Coritiba,4-2-3-1,4-3-3,-,0,0,RJ,PR,1,2020
6961,7,Flamengo,20,9,59%,647,86%,17,2,0,2,6,2020-09-02,20:30,Bahia,Flamengo,4-2-3-1,4-2-3-1,Flamengo,3,5,BA,RJ,3,2020
6961,7,Bahia,14,6,41%,459,83%,8,1,0,2,5,2020-09-02,20:30,Bahia,Flamengo,4-2-3-1,4-2-3-1,Flamengo,3,5,BA,RJ,0,2020
6960,7,Bragantino,18,3,42%,354,77%,12,2,0,0,8,2020-09-02,20:31,Athletico-PR,Bragantino,4-2-3-1,4-2-3-1,-,1,1,PR,SP,1,2020
6960,7,Athletico-PR,11,5,58%,503,83%,15,2,0,1,2,2020-09-02,20:31,Athletico-PR,Bragantino,4-2-3-1,4-2-3-1,-,1,1,PR,SP,1,2020
6962,7,Palmeiras,11,1,48%,372,73%,21,3,0,1,5,2020-09-02,21:29,Palmeiras,Internacional,4-3-2-1,4-1-2-1-2,-,1,1,SP,RS,1,2020
6962,7,Internacional,8,2,52%,403,75%,23,5,0,0,4,2020-09-02,21:29,Palmeiras,Internacional,4-3-2-1,4-1-2-1-2,-,1,1,SP,RS,1,2020
6963,7,Vasco,9,3,37%,267,76%,21,3,0,1,2,2020-09-02,21:29,Santos,Vasco,4-3-3,4-1-4-1,-,2,2,SP,RJ,1,2020
6963,7,Santos,13,5,63%,423,85%,17,2,0,2,9,2020-09-02,21:29,Santos,Vasco,4-3-3,4-1-4-1,-,2,2,SP,RJ,1,2020
6964,7,Sport,5,3,27%,277,60%,11,5,0,1,1,2020-09-03,19:01,Gremio,Sport,4-2-3-1,4-2-3-1,Sport,1,2,RS,PE,3,2020
6964,7,Gremio,29,7,73%,680,86%,10,1,0,1,11,2020-09-03,19:01,Gremio,Sport,4-2-3-1,4-2-3-1,Sport,1,2,RS,PE,0,2020
6965,7,Sao Paulo,13,4,48%,468,78%,11,0,0,1,3,2020-09-03,20:00,Atletico-MG,Sao Paulo,4-2-3-1,4-2-3-1,Atletico-MG,3,0,MG,SP,0,2020
6965,7,Atletico-MG,14,8,52%,496,82%,18,0,0,3,5,2020-09-03,20:00,Atletico-MG,Sao Paulo,4-2-3-1,4-2-3-1,Atletico-MG,3,0,MG,SP,3,2020
6968,8,Ceara,16,8,61%,425,83%,21,2,2,0,7,2020-09-05,13:00,Ceara,Santos,4-2-3-1,4-2-3-1,Santos,0,1,CE,SP,0,2020
6968,8,Santos,7,4,39%,269,75%,16,4,2,3,5,2020-09-05,13:00,Ceara,Santos,4-2-3-1,4-2-3-1,Santos,0,1,CE,SP,3,2020
6966,8,Flamengo,18,8,62%,517,88%,12,1,0,3,11,2020-09-05,16:59,Flamengo,Fortaleza,4-2-3-1,4-2-3-1,Flamengo,2,1,RJ,CE,3,2020
6966,8,Fortaleza,4,2,38%,329,80%,21,1,0,4,3,2020-09-05,16:59,Flamengo,Fortaleza,4-2-3-1,4-2-3-1,Flamengo,2,1,RJ,CE,0,2020
6967,8,Corinthians,15,6,61%,545,87%,18,3,0,1,12,2020-09-05,19:00,Corinthians,Botafogo-RJ,4-2-3-1,3-5-2,-,2,2,SP,RJ,1,2020
6967,8,Botafogo-RJ,13,3,39%,339,81%,10,1,0,2,6,2020-09-05,19:00,Corinthians,Botafogo-RJ,4-2-3-1,3-5-2,-,2,2,SP,RJ,1,2020
6969,8,Palmeiras,14,4,62%,581,85%,12,3,0,2,3,2020-09-06,11:01,Bragantino,Palmeiras,4-2-3-1,4-1-4-1,Palmeiras,1,2,SP,SP,3,2020
6969,8,Bragantino,20,4,38%,350,78%,23,1,1,1,5,2020-09-06,11:01,Bragantino,Palmeiras,4-2-3-1,4-1-4-1,Palmeiras,1,2,SP,SP,0,2020
6970,8,Internacional,9,5,62%,528,84%,11,2,0,1,8,2020-09-06,16:00,Internacional,Bahia,4-3-1-2,4-1-2-1-2,-,2,2,RS,BA,1,2020
6970,8,Bahia,9,4,38%,326,69%,12,3,0,2,5,2020-09-06,16:00,Internacional,Bahia,4-3-1-2,4-1-2-1-2,-,2,2,RS,BA,1,2020
6971,8,Fluminense,10,4,49%,451,80%,13,0,0,2,2,2020-09-06,16:01,Sao Paulo,Fluminense,4-2-3-1,4-2-3-1,Sao Paulo,3,1,SP,RJ,0,2020
6971,8,Sao Paulo,15,3,51%,463,80%,21,3,0,0,3,2020-09-06,16:01,Sao Paulo,Fluminense,4-2-3-1,4-2-3-1,Sao Paulo,3,1,SP,RJ,3,2020
6972,8,Athletico-PR,14,4,68%,603,86%,16,1,0,1,2,2020-09-06,18:00,Vasco,Athletico-PR,4-2-3-1,4-1-4-1,Vasco,1,0,RJ,PR,0,2020
6972,8,Vasco,8,2,32%,293,75%,7,1,0,2,3,2020-09-06,18:00,Vasco,Athletico-PR,4-2-3-1,4-1-4-1,Vasco,1,0,RJ,PR,3,2020
6973,8,Atletico-GO,8,2,49%,459,85%,16,1,0,0,3,2020-09-06,18:59,Atletico-GO,Gremio,4-2-3-1,4-2-3-1,-,1,1,GO,RS,1,2020
6973,8,Gremio,6,2,51%,471,83%,13,2,1,1,3,2020-09-06,18:59,Atletico-GO,Gremio,4-2-3-1,4-2-3-1,-,1,1,GO,RS,1,2020
6974,8,Sport,17,6,53%,486,83%,18,1,0,1,9,2020-09-06,20:32,Sport,Goias,4-2-3-1,4-3-3,Sport,2,1,PE,GO,3,2020
6974,8,Goias,10,4,47%,453,84%,17,0,0,0,4,2020-09-06,20:32,Sport,Goias,4-2-3-1,4-3-3,Sport,2,1,PE,GO,0,2020
6975,8,Coritiba,13,3,47%,440,80%,14,1,0,0,4,2020-09-06,20:32,Coritiba,Atletico-MG,4-2-3-1,4-1-4-1,Atletico-MG,0,1,PR,MG,0,2020
6975,8,Atletico-MG,21,2,53%,476,85%,19,3,0,2,4,2020-09-06,20:32,Coritiba,Atletico-MG,4-2-3-1,4-1-4-1,Atletico-MG,0,1,PR,MG,3,2020
6976,9,Botafogo-RJ,11,5,38%,310,81%,10,0,0,2,3,2020-09-09,17:30,Athletico-PR,Botafogo-RJ,4-1-4-1,3-4-3,-,1,1,PR,RJ,1,2020
6976,9,Athletico-PR,17,3,62%,509,89%,19,1,0,3,7,2020-09-09,17:30,Athletico-PR,Botafogo-RJ,4-1-4-1,3-4-3,-,1,1,PR,RJ,1,2020
6977,9,Sport,4,1,47%,383,82%,14,1,0,2,1,2020-09-09,18:00,Fortaleza,Sport,4-2-3-1,4-2-3-1,Fortaleza,1,0,CE,PE,0,2020
6977,9,Fortaleza,12,4,53%,410,87%,27,5,0,0,6,2020-09-09,18:00,Fortaleza,Sport,4-2-3-1,4-2-3-1,Fortaleza,1,0,CE,PE,3,2020
6978,9,Goias,18,6,55%,459,86%,27,4,1,0,9,2020-09-09,18:03,Goias,Coritiba,4-3-3,4-2-3-1,-,3,3,GO,PR,1,2020
6978,9,Coritiba,13,3,45%,396,82%,13,2,1,2,2,2020-09-09,18:03,Goias,Coritiba,4-3-3,4-2-3-1,-,3,3,GO,PR,1,2020
6979,9,Sao Paulo,14,5,60%,491,85%,18,4,0,5,5,2020-09-09,19:15,Sao Paulo,Bragantino,4-2-3-1,4-4-2,-,1,1,SP,SP,1,2020
6979,9,Bragantino,10,2,40%,341,74%,18,2,0,2,1,2020-09-09,19:15,Sao Paulo,Bragantino,4-2-3-1,4-4-2,-,1,1,SP,SP,1,2020
6980,9,Fluminense,17,3,47%,445,83%,15,1,0,1,7,2020-09-09,21:30,Fluminense,Flamengo,4-1-4-1,4-2-3-1,Flamengo,1,2,RJ,RJ,0,2020
6980,9,Flamengo,13,6,53%,508,87%,16,1,0,2,6,2020-09-09,21:30,Fluminense,Flamengo,4-1-4-1,4-2-3-1,Flamengo,1,2,RJ,RJ,3,2020
6981,9,Santos,8,4,41%,300,76%,11,1,0,4,4,2020-09-09,21:30,Santos,Atletico-MG,4-3-3,4-2-3-1,Santos,3,1,SP,MG,3,2020
6981,9,Atletico-MG,16,4,59%,424,79%,15,2,1,1,5,2020-09-09,21:30,Santos,Atletico-MG,4-3-3,4-2-3-1,Santos,3,1,SP,MG,0,2020
6983,9,Palmeiras,21,8,45%,437,88%,16,2,0,2,6,2020-09-10,19:14,Corinthians,Palmeiras,4-2-3-1,4-1-4-1,Palmeiras,0,2,SP,SP,3,2020
6983,9,Corinthians,10,4,55%,517,90%,13,2,2,1,5,2020-09-10,19:14,Corinthians,Palmeiras,4-2-3-1,4-1-4-1,Palmeiras,0,2,SP,SP,0,2020
6982,9,Ceara,6,1,38%,317,68%,16,2,0,1,3,2020-09-10,19:15,Internacional,Ceara,4-3-1-2,4-2-3-1,Internacional,2,0,RS,CE,0,2020
6982,9,Internacional,17,9,62%,517,81%,15,0,0,1,10,2020-09-10,19:15,Internacional,Ceara,4-3-1-2,4-2-3-1,Internacional,2,0,RS,CE,3,2020
6984,9,Gremio,18,6,49%,479,87%,9,2,1,2,4,2020-09-10,19:16,Bahia,Gremio,4-3-1-2,4-2-3-1,Gremio,0,2,BA,RS,3,2020
6984,9,Bahia,17,6,51%,474,90%,12,1,1,1,8,2020-09-10,19:16,Bahia,Gremio,4-3-1-2,4-2-3-1,Gremio,0,2,BA,RS,0,2020
6985,9,Vasco,9,5,55%,471,83%,15,2,1,0,1,2020-09-10,21:00,Vasco,Atletico-GO,4-2-3-1,4-2-3-1,Atletico-GO,1,2,RJ,GO,0,2020
6985,9,Atletico-GO,13,7,45%,380,81%,23,1,0,1,4,2020-09-10,21:00,Vasco,Atletico-GO,4-2-3-1,4-2-3-1,Atletico-GO,1,2,RJ,GO,3,2020
6986,10,Coritiba,5,1,57%,463,85%,12,0,1,3,6,2020-09-12,16:29,Athletico-PR,Coritiba,4-4-2,4-2-3-1,Athletico-PR,1,0,PR,PR,0,2020
6986,10,Athletico-PR,10,2,43%,349,86%,21,4,0,3,9,2020-09-12,16:29,Athletico-PR,Coritiba,4-4-2,4-2-3-1,Athletico-PR,1,0,PR,PR,3,2020
6987,10,Santos,10,5,55%,412,81%,18,3,0,1,5,2020-09-12,18:59,Santos,Sao Paulo,4-2-3-1,4-3-3,-,2,2,SP,SP,1,2020
6987,10,Sao Paulo,12,6,45%,338,81%,20,2,0,3,2,2020-09-12,18:59,Santos,Sao Paulo,4-2-3-1,4-3-3,-,2,2,SP,SP,1,2020
6988,10,Fluminense,15,3,48%,352,82%,14,2,1,0,5,2020-09-13,16:00,Fluminense,Corinthians,4-2-3-1,4-1-4-1,Fluminense,2,1,RJ,SP,3,2020
6988,10,Corinthians,9,3,52%,378,84%,15,4,0,2,8,2020-09-13,16:00,Fluminense,Corinthians,4-2-3-1,4-1-4-1,Fluminense,2,1,RJ,SP,0,2020
6989,10,Gremio,14,3,57%,532,89%,11,1,1,2,6,2020-09-13,16:00,Gremio,Fortaleza,4-2-3-1,4-2-3-1,-,1,1,RS,CE,1,2020
6989,10,Fortaleza,3,2,43%,424,87%,13,2,1,0,2,2020-09-13,16:00,Gremio,Fortaleza,4-2-3-1,4-2-3-1,-,1,1,RS,CE,1,2020
6990,10,Bragantino,12,4,36%,306,75%,18,1,0,0,3,2020-09-13,18:00,Atletico-MG,Bragantino,3-5-2,5-4-1,Atletico-MG,2,1,MG,SP,0,2020
6990,10,Atletico-MG,14,7,64%,556,85%,13,1,0,5,8,2020-09-13,18:00,Atletico-MG,Bragantino,3-5-2,5-4-1,Atletico-MG,2,1,MG,SP,3,2020
6991,10,Atletico-GO,12,4,47%,380,79%,20,2,0,1,5,2020-09-13,18:00,Bahia,Atletico-GO,4-1-4-1,4-2-3-1,Atletico-GO,0,1,BA,GO,3,2020
6991,10,Bahia,9,2,53%,429,79%,16,2,1,5,5,2020-09-13,18:00,Bahia,Atletico-GO,4-1-4-1,4-2-3-1,Atletico-GO,0,1,BA,GO,0,2020
6992,10,Flamengo,11,2,63%,570,84%,6,0,0,2,8,2020-09-13,18:00,Ceara,Flamengo,4-4-2,4-2-3-1,Ceara,2,0,CE,RJ,0,2020
6992,10,Ceara,8,3,37%,342,73%,8,1,0,2,5,2020-09-13,18:00,Ceara,Flamengo,4-4-2,4-2-3-1,Ceara,2,0,CE,RJ,3,2020
6993,10,Internacional,15,4,79%,572,90%,14,3,0,5,12,2020-09-13,18:01,Goias,Internacional,4-1-4-1,4-2-3-1,Goias,1,0,GO,RS,0,2020
6993,10,Goias,6,1,21%,170,62%,10,4,1,1,0,2020-09-13,18:01,Goias,Internacional,4-1-4-1,4-2-3-1,Goias,1,0,GO,RS,3,2020
6994,10,Sport,9,4,36%,327,76%,12,3,1,1,2,2020-09-13,19:46,Palmeiras,Sport,4-2-3-1,4-2-3-1,-,2,2,SP,PE,1,2020
6994,10,Palmeiras,20,7,64%,567,87%,15,1,1,3,6,2020-09-13,19:46,Palmeiras,Sport,4-2-3-1,4-2-3-1,-,2,2,SP,PE,1,2020
6995,10,Vasco,14,6,51%,443,81%,8,2,0,2,4,2020-09-13,20:29,Botafogo-RJ,Vasco,3-4-3,4-2-3-1,Vasco,2,3,RJ,RJ,3,2020
6995,10,Botafogo-RJ,25,9,49%,426,83%,18,2,0,0,5,2020-09-13,20:29,Botafogo-RJ,Vasco,3-4-3,4-2-3-1,Vasco,2,3,RJ,RJ,0,2020
6937,11,Corinthians,11,5,33%,277,72%,15,3,0,1,4,2020-09-16,21:32,Corinthians,Bahia,4-2-3-1,4-2-3-1,Corinthians,3,2,SP,BA,3,2020
6937,11,Bahia,25,7,67%,533,88%,13,2,0,5,11,2020-09-16,21:32,Corinthians,Bahia,4-2-3-1,4-2-3-1,Corinthians,3,2,SP,BA,0,2020
6938,11,Fortaleza,12,3,42%,318,76%,9,1,0,2,3,2020-09-19,19:01,Fortaleza,Internacional,4-2-3-1,4-1-2-1-2,Fortaleza,1,0,CE,RS,3,2020
6938,11,Internacional,11,1,58%,420,84%,20,3,0,2,7,2020-09-19,19:01,Fortaleza,Internacional,4-2-3-1,4-1-2-1-2,Fortaleza,1,0,CE,RS,0,2020
6939,11,Ceara,13,6,58%,417,82%,11,3,0,1,9,2020-09-19,19:01,Bragantino,Ceara,4-3-3,4-2-3-1,Bragantino,4,2,SP,CE,0,2020
6939,11,Bragantino,18,9,42%,308,76%,24,4,0,2,5,2020-09-19,19:01,Bragantino,Ceara,4-3-3,4-2-3-1,Bragantino,4,2,SP,CE,3,2020
6940,11,Atletico-MG,14,8,56%,468,84%,14,0,0,4,4,2020-09-19,21:00,Atletico-GO,Atletico-MG,4-2-3-1,4-3-3,Atletico-MG,3,4,GO,MG,3,2020
6940,11,Atletico-GO,15,9,44%,359,76%,16,2,0,1,6,2020-09-19,21:00,Atletico-GO,Atletico-MG,4-2-3-1,4-3-3,Atletico-MG,3,4,GO,MG,0,2020
6941,11,Palmeiras,9,2,36%,336,76%,21,3,0,2,3,2020-09-20,16:00,Gremio,Palmeiras,4-5-1,4-3-2-1,-,1,1,RS,SP,1,2020
6941,11,Gremio,13,3,64%,590,85%,21,2,0,0,6,2020-09-20,16:00,Gremio,Palmeiras,4-5-1,4-3-2-1,-,1,1,RS,SP,1,2020
6942,11,Vasco,11,3,45%,415,86%,15,2,0,0,6,2020-09-20,16:00,Coritiba,Vasco,4-3-3,4-2-3-1,Coritiba,1,0,PR,RJ,0,2020
6942,11,Coritiba,11,2,55%,497,86%,14,1,0,3,6,2020-09-20,16:00,Coritiba,Vasco,4-3-3,4-2-3-1,Coritiba,1,0,PR,RJ,3,2020
6943,11,Botafogo-RJ,7,1,44%,321,76%,15,4,0,0,8,2020-09-20,18:15,Botafogo-RJ,Santos,4-4-2,4-3-3,-,0,0,RJ,SP,1,2020
6943,11,Santos,21,6,56%,416,83%,13,2,0,1,10,2020-09-20,18:15,Botafogo-RJ,Santos,4-4-2,4-3-3,-,0,0,RJ,SP,1,2020
6944,11,Sport,8,3,26%,251,69%,10,0,0,3,5,2020-09-20,20:29,Sport,Fluminense,4-3-3,4-1-2-1-2,Sport,1,0,PE,RJ,3,2020
6944,11,Fluminense,18,4,74%,700,87%,9,1,0,3,8,2020-09-20,20:29,Sport,Fluminense,4-3-3,4-1-2-1-2,Sport,1,0,PE,RJ,0,2020
6996,12,Sport,9,2,47%,451,82%,11,3,0,1,3,2020-09-23,21:30,Sport,Corinthians,4-2-3-1,4-2-3-1,Sport,1,0,PE,SP,3,2020
6996,12,Corinthians,16,2,53%,486,86%,15,4,0,2,8,2020-09-23,21:30,Sport,Corinthians,4-2-3-1,4-2-3-1,Sport,1,0,PE,SP,0,2020
6997,12,Bahia,14,4,44%,410,81%,11,1,0,4,6,2020-09-26,18:59,Athletico-PR,Bahia,4-3-3,4-4-2,Athletico-PR,1,0,PR,BA,0,2020
6997,12,Athletico-PR,13,3,56%,528,84%,20,4,0,2,1,2020-09-26,18:59,Athletico-PR,Bahia,4-3-3,4-4-2,Athletico-PR,1,0,PR,BA,3,2020
6998,12,Sao Paulo,19,6,58%,536,82%,16,0,0,0,4,2020-09-26,19:00,Internacional,Sao Paulo,4-2-3-1,4-2-3-1,-,1,1,RS,SP,1,2020
6998,12,Internacional,4,1,42%,401,75%,16,2,1,3,1,2020-09-26,19:00,Internacional,Sao Paulo,4-2-3-1,4-2-3-1,-,1,1,RS,SP,1,2020
6999,12,Gremio,9,4,46%,408,80%,11,1,0,0,4,2020-09-26,21:00,Atletico-MG,Gremio,4-2-3-1,4-2-3-1,Atletico-MG,3,1,MG,RS,0,2020
6999,12,Atletico-MG,20,6,54%,478,83%,20,1,0,0,9,2020-09-26,21:00,Atletico-MG,Gremio,4-2-3-1,4-2-3-1,Atletico-MG,3,1,MG,RS,3,2020
7000,12,Vasco,11,1,58%,511,89%,9,2,0,4,2,2020-09-27,11:01,Vasco,Bragantino,4-2-3-1,4-3-3,-,1,1,RJ,SP,1,2020
7000,12,Bragantino,12,3,42%,363,83%,16,1,0,1,5,2020-09-27,11:01,Vasco,Bragantino,4-2-3-1,4-3-3,-,1,1,RJ,SP,1,2020
7001,12,Flamengo,10,4,40%,335,81%,16,2,0,0,4,2020-09-27,16:22,Palmeiras,Flamengo,4-1-4-1,4-2-3-1,-,1,1,SP,RJ,1,2020
7001,12,Palmeiras,17,7,60%,493,87%,14,4,0,1,5,2020-09-27,16:22,Palmeiras,Flamengo,4-1-4-1,4-2-3-1,-,1,1,SP,RJ,1,2020
7003,12,Botafogo-RJ,16,5,46%,359,81%,12,3,0,0,5,2020-09-27,18:14,Atletico-GO,Botafogo-RJ,4-2-3-1,3-4-2-1,-,1,1,GO,RJ,1,2020
7003,12,Atletico-GO,10,2,54%,406,84%,16,2,0,2,7,2020-09-27,18:14,Atletico-GO,Botafogo-RJ,4-2-3-1,3-4-2-1,-,1,1,GO,RJ,1,2020
7002,12,Ceara,19,5,60%,411,79%,13,3,0,9,11,2020-09-27,18:18,Ceara,Goias,4-2-3-1,4-1-4-1,-,2,2,CE,GO,1,2020
7002,12,Goias,10,7,40%,286,71%,14,4,0,3,7,2020-09-27,18:18,Ceara,Goias,4-2-3-1,4-1-4-1,-,2,2,CE,GO,1,2020
7004,12,Fortaleza,12,3,45%,369,85%,20,1,0,1,5,2020-09-27,20:30,Santos,Fortaleza,4-1-4-1,4-2-3-1,-,1,1,SP,CE,1,2020
7004,12,Santos,15,6,55%,416,86%,12,1,0,1,9,2020-09-27,20:30,Santos,Fortaleza,4-1-4-1,4-2-3-1,-,1,1,SP,CE,1,2020
7005,12,Fluminense,15,7,43%,409,84%,16,1,0,0,5,2020-09-28,20:00,Fluminense,Coritiba,4-2-3-1,4-2-3-1,Fluminense,4,0,RJ,PR,3,2020
7005,12,Coritiba,10,1,57%,532,86%,19,1,1,3,4,2020-09-28,20:00,Fluminense,Coritiba,4-2-3-1,4-2-3-1,Fluminense,4,0,RJ,PR,0,2020
6892,1,Corinthians,12,4,54%,461,83%,18,2,0,4,4,2020-09-30,21:30,Corinthians,Atletico-GO,4-4-2,4-2-3-1,-,0,0,SP,GO,1,2020
6892,1,Atletico-GO,18,6,46%,397,81%,12,0,0,2,7,2020-09-30,21:30,Corinthians,Atletico-GO,4-4-2,4-2-3-1,-,0,0,SP,GO,1,2020
6893,1,Bahia,12,4,38%,322,74%,14,3,0,1,5,2020-09-30,21:30,Botafogo-RJ,Bahia,3-4-1-2,4-4-2,Bahia,1,2,RJ,BA,3,2020
6893,1,Botafogo-RJ,15,2,62%,502,86%,18,2,1,0,8,2020-09-30,21:30,Botafogo-RJ,Bahia,3-4-1-2,4-4-2,Bahia,1,2,RJ,BA,0,2020
7006,13,Internacional,8,2,54%,453,79%,16,1,1,1,5,2020-10-03,17:00,Gremio,Internacional,4-1-4-1,4-1-3-2,-,1,1,RS,RS,1,2020
7006,13,Gremio,14,5,46%,388,77%,15,0,1,1,5,2020-10-03,17:00,Gremio,Internacional,4-1-4-1,4-1-3-2,-,1,1,RS,RS,1,2020
7007,13,Ceara,10,5,36%,319,74%,20,4,0,0,4,2020-10-03,19:00,Palmeiras,Ceara,4-2-3-1,4-2-3-1,Palmeiras,2,1,SP,CE,0,2020
7007,13,Palmeiras,28,11,64%,560,85%,10,1,0,1,9,2020-10-03,19:00,Palmeiras,Ceara,4-2-3-1,4-2-3-1,Palmeiras,2,1,SP,CE,3,2020
7008,13,Bragantino,10,2,40%,377,80%,18,1,0,1,3,2020-10-03,21:01,Bragantino,Corinthians,4-1-4-1,4-2-3-1,-,0,0,SP,SP,1,2020
7008,13,Corinthians,12,4,60%,555,86%,13,2,0,1,8,2020-10-03,21:01,Bragantino,Corinthians,4-1-4-1,4-2-3-1,-,0,0,SP,SP,1,2020
7015,13,Atletico-MG,0,0,,0,,0,0,0,0,0,2020-10-04,09:02,Atletico-MG,Vasco,4-1-4-1,4-2-3-1,Atletico-MG,4,1,MG,RJ,3,2020
7015,13,Vasco,0,0,,0,,0,0,0,0,0,2020-10-04,09:02,Atletico-MG,Vasco,4-1-4-1,4-2-3-1,Atletico-MG,4,1,MG,RJ,0,2020
7009,13,Botafogo-RJ,17,7,52%,385,80%,20,0,0,0,7,2020-10-04,11:00,Botafogo-RJ,Fluminense,4-3-3,4-2-3-1,-,1,1,RJ,RJ,1,2020
7009,13,Fluminense,8,5,48%,365,78%,21,1,0,2,4,2020-10-04,11:00,Botafogo-RJ,Fluminense,4-3-3,4-2-3-1,-,1,1,RJ,RJ,1,2020
7010,13,Coritiba,3,1,25%,234,64%,13,2,0,0,2,2020-10-04,16:00,Coritiba,Sao Paulo,4-2-3-1,4-4-2,-,1,1,PR,SP,1,2020
7010,13,Sao Paulo,19,5,75%,671,88%,12,3,0,2,11,2020-10-04,16:00,Coritiba,Sao Paulo,4-2-3-1,4-4-2,-,1,1,PR,SP,1,2020
7011,13,Athletico-PR,10,3,45%,376,80%,22,4,0,2,5,2020-10-04,16:00,Flamengo,Athletico-PR,4-2-3-1,4-3-3,Flamengo,3,1,RJ,PR,0,2020
7011,13,Flamengo,13,7,55%,446,84%,18,3,0,2,4,2020-10-04,16:00,Flamengo,Athletico-PR,4-2-3-1,4-3-3,Flamengo,3,1,RJ,PR,3,2020
7013,13,Santos,10,4,45%,317,77%,15,3,1,0,4,2020-10-04,18:14,Goias,Santos,4-1-4-1,4-1-4-1,Santos,2,3,GO,SP,3,2020
7013,13,Goias,14,4,55%,384,83%,16,3,1,4,2,2020-10-04,18:14,Goias,Santos,4-1-4-1,4-1-4-1,Santos,2,3,GO,SP,0,2020
7014,13,Sport,5,2,40%,361,72%,13,3,0,0,0,2020-10-04,18:15,Bahia,Sport,4-4-2,4-2-3-1,Sport,1,2,BA,PE,3,2020
7014,13,Bahia,24,11,60%,488,82%,15,2,0,2,11,2020-10-04,18:15,Bahia,Sport,4-4-2,4-2-3-1,Sport,1,2,BA,PE,0,2020
7012,13,Atletico-GO,7,2,40%,350,78%,14,5,0,0,1,2020-10-04,18:16,Fortaleza,Atletico-GO,4-2-3-1,4-2-3-1,-,0,0,CE,GO,1,2020
7012,13,Fortaleza,16,5,60%,517,85%,8,5,0,1,8,2020-10-04,18:16,Fortaleza,Atletico-GO,4-2-3-1,4-2-3-1,-,0,0,CE,GO,1,2020
7016,14,Corinthians,13,4,62%,558,85%,19,2,0,0,6,2020-10-07,18:59,Corinthians,Santos,4-4-2,4-4-2,-,1,1,SP,SP,1,2020
7016,14,Santos,6,2,38%,337,76%,16,2,0,0,3,2020-10-07,18:59,Corinthians,Santos,4-4-2,4-4-2,-,1,1,SP,SP,1,2020
7018,14,Vasco,10,1,53%,496,88%,15,2,1,1,6,2020-10-07,19:14,Bahia,Vasco,4-2-3-1,4-2-3-1,Bahia,3,0,BA,RJ,0,2020
7018,14,Bahia,13,6,47%,454,85%,18,4,0,0,4,2020-10-07,19:14,Bahia,Vasco,4-2-3-1,4-2-3-1,Bahia,3,0,BA,RJ,3,2020
7017,14,Flamengo,16,7,63%,572,89%,14,0,0,1,8,2020-10-07,19:15,Flamengo,Sport,4-2-3-1,4-2-3-1,Flamengo,3,0,RJ,PE,3,2020
7017,14,Sport,14,1,37%,335,78%,16,3,0,1,6,2020-10-07,19:15,Flamengo,Sport,4-2-3-1,4-2-3-1,Flamengo,3,0,RJ,PE,0,2020
7019,14,Gremio,11,5,49%,466,83%,18,2,0,1,6,2020-10-07,19:15,Gremio,Coritiba,4-2-3-1,4-2-3-1,Gremio,2,1,RS,PR,3,2020
7019,14,Coritiba,13,3,51%,475,84%,21,2,0,4,6,2020-10-07,19:15,Gremio,Coritiba,4-2-3-1,4-2-3-1,Gremio,2,1,RS,PR,0,2020
7020,14,Sao Paulo,25,8,52%,431,84%,17,3,0,1,5,2020-10-07,20:31,Sao Paulo,Atletico-GO,4-1-4-1,4-2-3-1,Sao Paulo,3,0,SP,GO,3,2020
7020,14,Atletico-GO,15,5,48%,415,81%,12,2,0,2,3,2020-10-07,20:31,Sao Paulo,Atletico-GO,4-1-4-1,4-2-3-1,Sao Paulo,3,0,SP,GO,0,2020
7021,14,Fluminense,10,5,57%,472,85%,15,2,0,4,4,2020-10-07,20:31,Goias,Fluminense,4-4-2,4-2-3-1,Fluminense,2,4,GO,RJ,3,2020
7021,14,Goias,12,3,43%,347,76%,19,3,0,0,5,2020-10-07,20:31,Goias,Fluminense,4-4-2,4-2-3-1,Fluminense,2,4,GO,RJ,0,2020
7022,14,Palmeiras,19,4,65%,534,86%,15,4,0,2,5,2020-10-07,21:30,Botafogo-RJ,Palmeiras,4-3-3,4-2-3-1,Botafogo-RJ,2,1,RJ,SP,0,2020
7022,14,Botafogo-RJ,11,4,35%,298,75%,16,4,0,0,2,2020-10-07,21:30,Botafogo-RJ,Palmeiras,4-3-3,4-2-3-1,Botafogo-RJ,2,1,RJ,SP,3,2020
7023,14,Fortaleza,7,3,31%,263,75%,9,2,1,1,1,2020-10-07,21:30,Fortaleza,Atletico-MG,4-2-3-1,4-1-4-1,Fortaleza,2,1,CE,MG,3,2020
7023,14,Atletico-MG,15,4,69%,577,88%,19,3,0,2,8,2020-10-07,21:30,Fortaleza,Atletico-MG,4-2-3-1,4-1-4-1,Fortaleza,2,1,CE,MG,0,2020
7024,14,Ceara,13,4,37%,350,79%,12,2,0,2,3,2020-10-08,19:01,Athletico-PR,Ceara,4-3-3,4-2-3-1,-,0,0,PR,CE,1,2020
7024,14,Athletico-PR,15,1,63%,579,89%,11,3,0,2,3,2020-10-08,19:01,Athletico-PR,Ceara,4-3-3,4-2-3-1,-,0,0,PR,CE,1,2020
7025,14,Bragantino,13,2,47%,404,78%,18,3,1,2,7,2020-10-08,21:00,Bragantino,Internacional,4-2-3-1,4-1-2-1-2,Internacional,0,2,SP,RS,0,2020
7025,14,Internacional,8,5,53%,460,83%,22,3,0,1,2,2020-10-08,21:00,Bragantino,Internacional,4-2-3-1,4-1-2-1-2,Internacional,0,2,SP,RS,3,2020
7026,15,Flamengo,8,3,63%,571,86%,25,5,0,2,5,2020-10-10,17:00,Vasco,Flamengo,4-2-3-1,4-2-3-1,Flamengo,1,2,RJ,RJ,3,2020
7026,15,Vasco,13,4,37%,344,77%,14,2,0,3,5,2020-10-10,17:00,Vasco,Flamengo,4-2-3-1,4-2-3-1,Flamengo,1,2,RJ,RJ,0,2020
7027,15,Fortaleza,12,2,55%,498,86%,12,0,0,0,4,2020-10-10,18:59,Coritiba,Fortaleza,4-2-3-1,4-2-3-1,-,0,0,PR,CE,1,2020
7027,15,Coritiba,10,2,45%,408,88%,20,1,0,0,2,2020-10-10,18:59,Coritiba,Fortaleza,4-2-3-1,4-2-3-1,-,0,0,PR,CE,1,2020
7028,15,Palmeiras,9,3,47%,424,84%,15,2,0,2,8,2020-10-10,19:00,Palmeiras,Sao Paulo,4-2-3-1,4-2-3-1,Sao Paulo,0,2,SP,SP,0,2020
7028,15,Sao Paulo,13,4,53%,483,83%,17,1,0,0,4,2020-10-10,19:00,Palmeiras,Sao Paulo,4-2-3-1,4-2-3-1,Sao Paulo,0,2,SP,SP,3,2020
7029,15,Atletico-MG,23,11,67%,614,85%,14,0,0,4,8,2020-10-10,21:00,Atletico-MG,Goias,4-1-4-1,4-2-3-1,Atletico-MG,3,0,MG,GO,3,2020
7029,15,Goias,4,3,33%,315,67%,11,1,0,1,1,2020-10-10,21:00,Atletico-MG,Goias,4-1-4-1,4-2-3-1,Atletico-MG,3,0,MG,GO,0,2020
7030,15,Bahia,12,1,52%,429,83%,18,3,0,0,4,2020-10-11,16:00,Fluminense,Bahia,4-2-3-1,4-2-3-1,Fluminense,1,0,RJ,BA,0,2020
7030,15,Fluminense,8,2,48%,401,77%,26,2,0,0,3,2020-10-11,16:00,Fluminense,Bahia,4-2-3-1,4-2-3-1,Fluminense,1,0,RJ,BA,3,2020
7031,15,Santos,11,6,56%,402,75%,17,2,0,3,4,2020-10-11,16:00,Santos,Gremio,4-2-3-1,4-1-4-1,Santos,2,1,SP,RS,3,2020
7031,15,Gremio,11,4,44%,314,72%,14,2,1,2,7,2020-10-11,16:00,Santos,Gremio,4-2-3-1,4-1-4-1,Santos,2,1,SP,RS,0,2020
7033,15,Bragantino,19,5,47%,336,77%,18,1,0,2,11,2020-10-11,18:14,Atletico-GO,Bragantino,4-2-3-1,4-2-3-1,Atletico-GO,2,1,GO,SP,0,2020
7033,15,Atletico-GO,24,8,53%,368,76%,17,1,0,0,7,2020-10-11,18:14,Atletico-GO,Bragantino,4-2-3-1,4-2-3-1,Atletico-GO,2,1,GO,SP,3,2020
7032,15,Botafogo-RJ,11,4,37%,314,78%,15,1,1,0,8,2020-10-11,18:16,Sport,Botafogo-RJ,4-2-3-1,4-3-3,Botafogo-RJ,1,2,PE,RJ,3,2020
7032,15,Sport,17,3,63%,528,85%,11,3,0,0,6,2020-10-11,18:16,Sport,Botafogo-RJ,4-2-3-1,4-3-3,Botafogo-RJ,1,2,PE,RJ,0,2020
7034,15,Corinthians,10,3,61%,475,80%,10,1,1,1,6,2020-10-11,20:29,Ceara,Corinthians,4-2-3-1,4-4-2,Ceara,2,1,CE,SP,0,2020
7034,15,Ceara,15,4,39%,304,77%,9,4,1,2,6,2020-10-11,20:29,Ceara,Corinthians,4-2-3-1,4-4-2,Ceara,2,1,CE,SP,3,2020
7035,15,Internacional,13,6,45%,404,75%,19,2,0,3,6,2020-10-11,20:30,Internacional,Athletico-PR,4-1-3-2,4-2-3-1,Internacional,2,1,RS,PR,3,2020
7035,15,Athletico-PR,14,4,55%,483,80%,14,0,0,2,1,2020-10-11,20:30,Internacional,Athletico-PR,4-1-3-2,4-2-3-1,Internacional,2,1,RS,PR,0,2020
6945,11,Goias,7,4,34%,299,67%,12,4,0,4,4,2020-10-13,17:59,Flamengo,Goias,4-2-3-1,4-3-3,Flamengo,2,1,RJ,GO,0,2020
6945,11,Flamengo,31,12,66%,562,85%,12,1,0,1,9,2020-10-13,17:59,Flamengo,Goias,4-2-3-1,4-3-3,Flamengo,2,1,RJ,GO,3,2020
7036,16,Palmeiras,16,5,55%,431,82%,13,3,0,1,6,2020-10-14,18:01,Palmeiras,Coritiba,4-1-4-1,4-2-3-1,Coritiba,1,3,SP,PR,0,2020
7036,16,Coritiba,12,9,45%,382,77%,20,2,0,2,2,2020-10-14,18:01,Palmeiras,Coritiba,4-1-4-1,4-2-3-1,Coritiba,1,3,SP,PR,3,2020
7037,16,Gremio,10,4,51%,479,83%,11,3,1,1,1,2020-10-14,19:15,Gremio,Botafogo-RJ,4-2-3-1,4-3-3,Gremio,3,1,RS,RJ,3,2020
7037,16,Botafogo-RJ,16,3,49%,458,81%,13,2,0,0,4,2020-10-14,19:15,Gremio,Botafogo-RJ,4-2-3-1,4-3-3,Gremio,3,1,RS,RJ,0,2020
7038,16,Santos,12,3,59%,400,79%,18,3,0,1,7,2020-10-14,20:30,Santos,Atletico-GO,4-1-4-1,4-2-3-1,Atletico-GO,0,1,SP,GO,0,2020
7038,16,Atletico-GO,8,1,41%,288,65%,21,3,0,2,2,2020-10-14,20:30,Santos,Atletico-GO,4-1-4-1,4-2-3-1,Atletico-GO,0,1,SP,GO,3,2020
7039,16,Athletico-PR,16,9,62%,545,84%,18,3,0,2,8,2020-10-14,21:30,Athletico-PR,Corinthians,4-2-3-1,4-3-3,Corinthians,0,1,PR,SP,0,2020
7039,16,Corinthians,13,6,38%,332,77%,14,3,1,1,2,2020-10-14,21:30,Athletico-PR,Corinthians,4-2-3-1,4-3-3,Corinthians,0,1,PR,SP,3,2020
7040,16,Fluminense,11,3,34%,295,70%,9,1,0,3,4,2020-10-14,21:30,Atletico-MG,Fluminense,4-1-4-1,4-3-3,-,1,1,MG,RJ,1,2020
7040,16,Atletico-MG,14,8,66%,571,85%,11,3,0,0,9,2020-10-14,21:30,Atletico-MG,Fluminense,4-1-4-1,4-3-3,-,1,1,MG,RJ,1,2020
7041,16,Sport,13,5,48%,438,81%,6,3,0,1,2,2020-10-14,21:30,Sport,Internacional,4-4-1-1,4-2-3-1,Internacional,3,5,PE,RS,0,2020
7041,16,Internacional,14,8,52%,450,84%,19,2,0,3,7,2020-10-14,21:30,Sport,Internacional,4-4-1-1,4-2-3-1,Internacional,3,5,PE,RS,3,2020
7042,16,Flamengo,19,10,66%,606,84%,16,2,0,1,5,2020-10-15,20:00,Flamengo,Bragantino,4-2-3-1,4-2-3-1,-,1,1,RJ,SP,1,2020
7042,16,Bragantino,12,3,34%,314,70%,14,1,0,2,1,2020-10-15,20:00,Flamengo,Bragantino,4-2-3-1,4-2-3-1,-,1,1,RJ,SP,1,2020
7043,16,Goias,10,4,49%,402,79%,16,5,0,1,5,2020-10-16,20:00,Goias,Bahia,4-2-3-1,4-2-3-1,-,1,1,GO,BA,1,2020
7043,16,Bahia,13,3,51%,403,77%,18,3,2,3,2,2020-10-16,20:00,Goias,Bahia,4-2-3-1,4-2-3-1,-,1,1,GO,BA,1,2020
7046,17,Atletico-GO,11,1,36%,271,75%,10,3,2,1,2,2020-10-17,19:00,Atletico-GO,Athletico-PR,4-2-3-1,4-3-3,-,1,1,GO,PR,1,2020
7046,17,Athletico-PR,17,6,64%,454,87%,20,5,0,2,11,2020-10-17,19:00,Atletico-GO,Athletico-PR,4-2-3-1,4-3-3,-,1,1,GO,PR,1,2020
7047,17,Santos,6,2,43%,341,77%,25,2,0,0,1,2020-10-17,19:00,Coritiba,Santos,4-2-3-1,4-1-4-1,Santos,1,2,PR,SP,3,2020
7047,17,Coritiba,18,4,57%,442,84%,18,5,0,1,9,2020-10-17,19:00,Coritiba,Santos,4-2-3-1,4-1-4-1,Santos,1,2,PR,SP,0,2020
7048,17,Fluminense,6,3,59%,539,84%,17,3,0,2,4,2020-10-17,19:00,Fluminense,Ceara,4-2-3-1,4-2-3-1,-,2,2,RJ,CE,1,2020
7048,17,Ceara,17,4,41%,389,75%,16,3,0,2,3,2020-10-17,19:00,Fluminense,Ceara,4-2-3-1,4-2-3-1,-,2,2,RJ,CE,1,2020
7049,17,Sao Paulo,8,1,63%,534,88%,24,4,0,1,2,2020-10-17,21:00,Sao Paulo,Gremio,4-2-3-1,4-2-3-1,-,0,0,SP,RS,1,2020
7049,17,Gremio,11,2,37%,316,79%,15,2,0,2,7,2020-10-17,21:00,Sao Paulo,Gremio,4-2-3-1,4-2-3-1,-,0,0,SP,RS,1,2020
7050,17,Corinthians,19,7,38%,314,76%,14,4,0,1,10,2020-10-18,16:01,Corinthians,Flamengo,4-2-3-1,4-2-3-1,Flamengo,1,5,SP,RJ,0,2020
7050,17,Flamengo,9,6,62%,530,83%,13,5,0,2,3,2020-10-18,16:01,Corinthians,Flamengo,4-2-3-1,4-2-3-1,Flamengo,1,5,SP,RJ,3,2020
7051,17,Internacional,13,7,53%,524,87%,17,1,0,1,6,2020-10-18,18:15,Internacional,Vasco,4-2-3-1,4-2-3-1,Internacional,2,0,RS,RJ,3,2020
7051,17,Vasco,8,3,47%,482,82%,11,1,0,0,3,2020-10-18,18:15,Internacional,Vasco,4-2-3-1,4-2-3-1,Internacional,2,0,RS,RJ,0,2020
7053,17,Palmeiras,14,3,48%,422,86%,19,3,1,2,7,2020-10-18,20:29,Fortaleza,Palmeiras,4-4-2,4-4-2,Fortaleza,2,0,CE,SP,0,2020
7053,17,Fortaleza,10,4,52%,464,82%,14,2,0,0,1,2020-10-18,20:29,Fortaleza,Palmeiras,4-4-2,4-4-2,Fortaleza,2,0,CE,SP,3,2020
7052,17,Bragantino,18,4,50%,449,82%,13,2,0,1,8,2020-10-18,20:31,Bragantino,Sport,4-2-3-1,4-2-3-1,Bragantino,2,0,SP,PE,3,2020
7052,17,Sport,3,1,50%,464,78%,13,2,0,0,6,2020-10-18,20:31,Bragantino,Sport,4-2-3-1,4-2-3-1,Bragantino,2,0,SP,PE,0,2020
7054,17,Bahia,13,6,33%,294,75%,14,4,0,1,2,2020-10-19,20:00,Bahia,Atletico-MG,4-4-2,4-1-4-1,Bahia,3,1,BA,MG,3,2020
7054,17,Atletico-MG,20,4,67%,555,86%,14,1,0,1,8,2020-10-19,20:00,Bahia,Atletico-MG,4-4-2,4-1-4-1,Bahia,3,1,BA,MG,0,2020
7055,17,Goias,12,4,37%,326,72%,11,1,0,0,5,2020-10-19,20:00,Botafogo-RJ,Goias,4-3-3,4-2-3-1,-,0,0,RJ,GO,1,2020
7055,17,Botafogo-RJ,23,6,63%,533,84%,18,2,0,3,11,2020-10-19,20:00,Botafogo-RJ,Goias,4-3-3,4-2-3-1,-,0,0,RJ,GO,1,2020
7056,18,Vasco,17,8,64%,547,82%,12,1,0,1,9,2020-10-21,21:30,Vasco,Corinthians,4-2-3-1,4-1-4-1,Corinthians,1,2,RJ,SP,0,2020
7056,18,Corinthians,12,4,36%,313,69%,18,2,0,2,6,2020-10-21,21:30,Vasco,Corinthians,4-2-3-1,4-1-4-1,Corinthians,1,2,RJ,SP,3,2020
7059,18,Sport,3,0,23%,224,56%,11,0,0,1,4,2020-10-24,16:00,Atletico-MG,Sport,4-1-4-1,5-4-1,-,0,0,MG,PE,1,2020
7059,18,Atletico-MG,26,9,77%,699,88%,10,1,0,2,13,2020-10-24,16:00,Atletico-MG,Sport,4-1-4-1,5-4-1,-,0,0,MG,PE,1,2020
7057,18,Goias,7,1,46%,361,73%,15,3,0,3,4,2020-10-24,17:01,Bragantino,Goias,4-3-3,4-2-3-1,Bragantino,2,0,SP,GO,0,2020
7057,18,Bragantino,14,5,54%,408,79%,17,0,0,1,6,2020-10-24,17:01,Bragantino,Goias,4-3-3,4-2-3-1,Bragantino,2,0,SP,GO,3,2020
7058,18,Ceara,15,4,36%,270,67%,22,3,0,1,5,2020-10-24,19:00,Ceara,Coritiba,4-2-3-1,4-2-3-1,Ceara,2,1,CE,PR,3,2020
7058,18,Coritiba,15,6,64%,493,82%,12,1,0,1,8,2020-10-24,19:00,Ceara,Coritiba,4-2-3-1,4-2-3-1,Ceara,2,1,CE,PR,0,2020
7060,18,Palmeiras,12,4,43%,360,79%,17,4,0,2,3,2020-10-25,16:00,Atletico-GO,Palmeiras,4-2-3-1,4-2-3-1,Palmeiras,0,3,GO,SP,3,2020
7060,18,Atletico-GO,21,5,57%,474,86%,15,1,0,0,6,2020-10-25,16:00,Atletico-GO,Palmeiras,4-2-3-1,4-2-3-1,Palmeiras,0,3,GO,SP,0,2020
7061,18,Fluminense,19,8,47%,275,77%,13,5,0,2,10,2020-10-25,16:00,Fluminense,Santos,4-3-3,4-4-1-1,Fluminense,3,1,RJ,SP,3,2020
7061,18,Santos,9,2,53%,301,80%,18,4,0,3,8,2020-10-25,16:00,Fluminense,Santos,4-3-3,4-4-1-1,Fluminense,3,1,RJ,SP,0,2020
7062,18,Athletico-PR,5,1,66%,557,90%,15,3,0,1,4,2020-10-25,18:15,Athletico-PR,Gremio,4-2-3-1,4-2-3-1,Gremio,1,2,PR,RS,0,2020
7062,18,Gremio,8,2,34%,291,78%,11,1,0,1,2,2020-10-25,18:15,Athletico-PR,Gremio,4-2-3-1,4-2-3-1,Gremio,1,2,PR,RS,3,2020
7063,18,Flamengo,16,6,72%,616,87%,16,5,0,1,7,2020-10-25,18:15,Internacional,Flamengo,4-2-2-2,4-2-3-1,-,2,2,RS,RJ,1,2020
7063,18,Internacional,10,5,28%,244,68%,16,6,0,1,1,2020-10-25,18:15,Internacional,Flamengo,4-2-2-2,4-2-3-1,-,2,2,RS,RJ,1,2020
7066,19,Botafogo-RJ,12,7,61%,493,85%,17,3,1,1,4,2020-10-31,16:59,Botafogo-RJ,Ceara,4-3-3,4-2-3-1,-,2,2,RJ,CE,1,2020
7066,19,Ceara,10,4,39%,314,73%,19,4,1,0,2,2020-10-31,16:59,Botafogo-RJ,Ceara,4-3-3,4-2-3-1,-,2,2,RJ,CE,1,2020
7067,19,Atletico-GO,14,5,70%,557,86%,18,5,0,0,12,2020-10-31,19:00,Coritiba,Atletico-GO,4-3-3,4-2-3-1,Coritiba,1,0,PR,GO,0,2020
7067,19,Coritiba,5,1,30%,248,69%,22,2,0,0,0,2020-10-31,19:00,Coritiba,Atletico-GO,4-3-3,4-2-3-1,Coritiba,1,0,PR,GO,3,2020
7068,19,Corinthians,8,3,34%,314,64%,16,4,0,2,2,2020-10-31,19:00,Corinthians,Internacional,4-2-3-1,4-4-2,Corinthians,1,0,SP,RS,3,2020
7068,19,Internacional,7,0,66%,580,78%,13,3,1,2,4,2020-10-31,19:00,Corinthians,Internacional,4-2-3-1,4-4-2,Corinthians,1,0,SP,RS,0,2020
7069,19,Fortaleza,4,1,43%,387,82%,14,2,1,0,3,2020-10-31,20:59,Fortaleza,Fluminense,4-5-1,4-4-2,Fluminense,0,1,CE,RJ,0,2020
7069,19,Fluminense,11,4,57%,481,88%,18,1,0,1,7,2020-10-31,20:59,Fortaleza,Fluminense,4-5-1,4-4-2,Fluminense,0,1,CE,RJ,3,2020
7070,19,Sao Paulo,13,7,46%,396,85%,18,3,0,0,4,2020-11-01,16:00,Flamengo,Sao Paulo,4-2-3-1,4-4-2,Sao Paulo,1,4,RJ,SP,3,2020
7070,19,Flamengo,17,7,54%,446,86%,18,4,0,2,6,2020-11-01,16:00,Flamengo,Sao Paulo,4-2-3-1,4-4-2,Sao Paulo,1,4,RJ,SP,0,2020
7071,19,Athletico-PR,12,2,59%,474,81%,15,1,0,3,5,2020-11-01,16:01,Sport,Athletico-PR,4-4-2,4-2-3-1,Sport,1,0,PE,PR,0,2020
7071,19,Sport,11,3,41%,340,73%,17,2,1,3,2,2020-11-01,16:01,Sport,Athletico-PR,4-4-2,4-2-3-1,Sport,1,0,PE,PR,3,2020
7072,19,Bahia,21,6,43%,345,80%,13,2,0,3,9,2020-11-01,18:14,Santos,Bahia,4-3-3,4-2-3-1,Santos,3,1,SP,BA,0,2020
7072,19,Santos,9,6,57%,463,83%,19,4,0,2,6,2020-11-01,18:14,Santos,Bahia,4-3-3,4-2-3-1,Santos,3,1,SP,BA,3,2020
7073,19,Goias,19,10,46%,354,77%,16,5,0,2,2,2020-11-01,20:31,Goias,Vasco,4-2-3-1,4-2-3-1,-,1,1,GO,RJ,1,2020
7073,19,Vasco,7,1,54%,401,81%,20,7,0,5,6,2020-11-01,20:31,Goias,Vasco,4-2-3-1,4-2-3-1,-,1,1,GO,RJ,1,2020
7074,19,Palmeiras,19,8,35%,300,76%,10,2,0,2,3,2020-11-02,17:00,Palmeiras,Atletico-MG,4-2-3-1,4-1-4-1,Palmeiras,3,0,SP,MG,3,2020
7074,19,Atletico-MG,16,2,65%,546,85%,12,1,0,0,9,2020-11-02,17:00,Palmeiras,Atletico-MG,4-2-3-1,4-1-4-1,Palmeiras,3,0,SP,MG,0,2020
7075,19,Bragantino,13,7,44%,466,84%,12,1,0,0,4,2020-11-02,20:00,Gremio,Bragantino,4-2-3-1,4-3-3,Gremio,2,1,RS,SP,0,2020
7075,19,Gremio,11,3,56%,579,86%,13,1,0,1,3,2020-11-02,20:00,Gremio,Bragantino,4-2-3-1,4-3-3,Gremio,2,1,RS,SP,3,2020
7076,20,Athletico-PR,21,6,63%,482,85%,20,3,0,3,10,2020-11-07,18:00,Athletico-PR,Fortaleza,4-2-3-1,4-4-2,Athletico-PR,2,1,PR,CE,3,2020
7076,20,Fortaleza,11,5,37%,297,77%,14,2,0,4,3,2020-11-07,18:00,Athletico-PR,Fortaleza,4-2-3-1,4-4-2,Athletico-PR,2,1,PR,CE,0,2020
7077,20,Sao Paulo,20,9,65%,503,85%,9,2,0,1,10,2020-11-07,19:01,Sao Paulo,Goias,4-1-2-1-2,4-2-3-1,Sao Paulo,2,1,SP,GO,3,2020
7077,20,Goias,8,3,35%,272,69%,19,0,1,1,2,2020-11-07,19:01,Sao Paulo,Goias,4-1-2-1-2,4-2-3-1,Sao Paulo,2,1,SP,GO,0,2020
7078,20,Corinthians,6,2,55%,421,75%,25,4,0,2,3,2020-11-07,21:00,Atletico-GO,Corinthians,4-2-3-1,4-2-3-1,-,1,1,GO,SP,1,2020
7078,20,Atletico-GO,16,5,45%,339,73%,22,3,0,2,7,2020-11-07,21:00,Atletico-GO,Corinthians,4-2-3-1,4-2-3-1,-,1,1,GO,SP,1,2020
7080,20,Internacional,12,4,60%,526,88%,9,2,1,0,9,2020-11-08,16:00,Internacional,Coritiba,4-1-3-2,4-3-3,-,2,2,RS,PR,1,2020
7080,20,Coritiba,10,3,40%,369,82%,13,3,0,2,3,2020-11-08,16:00,Internacional,Coritiba,4-1-3-2,4-3-3,-,2,2,RS,PR,1,2020
7079,20,Vasco,9,3,44%,376,78%,17,1,0,0,0,2020-11-08,16:01,Vasco,Palmeiras,3-4-2-1,4-2-3-1,Palmeiras,0,1,RJ,SP,0,2020
7079,20,Palmeiras,8,3,56%,468,81%,19,3,0,1,4,2020-11-08,16:01,Vasco,Palmeiras,3-4-2-1,4-2-3-1,Palmeiras,0,1,RJ,SP,3,2020
7082,20,Flamengo,13,5,70%,635,87%,13,4,0,1,7,2020-11-08,18:15,Atletico-MG,Flamengo,3-4-3,4-1-4-1,Atletico-MG,4,0,MG,RJ,0,2020
7082,20,Atletico-MG,9,4,30%,283,71%,21,5,0,1,2,2020-11-08,18:15,Atletico-MG,Flamengo,3-4-3,4-1-4-1,Atletico-MG,4,0,MG,RJ,3,2020
7083,20,Bahia,20,5,59%,499,85%,19,2,0,1,4,2020-11-08,18:15,Bahia,Botafogo-RJ,4-2-3-1,4-3-3,Bahia,1,0,BA,RJ,3,2020
7083,20,Botafogo-RJ,10,3,41%,361,80%,17,3,0,1,4,2020-11-08,18:15,Bahia,Botafogo-RJ,4-2-3-1,4-3-3,Bahia,1,0,BA,RJ,0,2020
7081,20,Bragantino,12,2,48%,413,74%,15,1,0,1,5,2020-11-08,18:16,Bragantino,Santos,4-2-3-1,4-1-4-1,-,1,1,SP,SP,1,2020
7081,20,Santos,4,0,52%,448,75%,20,4,0,1,3,2020-11-08,18:16,Bragantino,Santos,4-2-3-1,4-1-4-1,-,1,1,SP,SP,1,2020
7084,20,Gremio,13,4,41%,396,82%,13,1,0,2,5,2020-11-08,20:30,Fluminense,Gremio,4-2-3-1,4-2-3-1,Gremio,0,1,RJ,RS,3,2020
7084,20,Fluminense,12,4,59%,569,86%,12,0,0,1,4,2020-11-08,20:30,Fluminense,Gremio,4-2-3-1,4-2-3-1,Gremio,0,1,RJ,RS,0,2020
7085,20,Ceara,25,6,54%,441,84%,17,0,0,4,9,2020-11-08,20:30,Ceara,Sport,4-2-3-1,5-4-1,-,0,0,CE,PE,1,2020
7085,20,Sport,3,0,46%,392,76%,13,3,0,0,1,2020-11-08,20:30,Ceara,Sport,4-2-3-1,5-4-1,-,0,0,CE,PE,1,2020
7064,18,Fortaleza,8,1,67%,523,89%,11,3,0,2,7,2020-11-11,18:45,Bahia,Fortaleza,4-2-3-1,4-4-2,Bahia,2,1,BA,CE,0,2020
7064,18,Bahia,13,6,33%,256,78%,14,3,0,1,4,2020-11-11,18:45,Bahia,Fortaleza,4-2-3-1,4-4-2,Bahia,2,1,BA,CE,3,2020
7086,21,Vasco,14,4,36%,328,78%,21,2,0,1,2,2020-11-14,16:30,Sport,Vasco,4-2-3-1,3-4-2-1,Vasco,0,2,PE,RJ,3,2020
7086,21,Sport,13,3,64%,573,82%,14,0,0,2,4,2020-11-14,16:30,Sport,Vasco,4-2-3-1,3-4-2-1,Vasco,0,2,PE,RJ,0,2020
7087,21,Santos,10,7,39%,302,71%,24,1,0,1,2,2020-11-14,16:30,Santos,Internacional,4-2-3-1,4-4-2,Santos,2,0,SP,RS,3,2020
7087,21,Internacional,12,6,61%,479,81%,18,2,0,2,7,2020-11-14,16:30,Santos,Internacional,4-2-3-1,4-4-2,Santos,2,0,SP,RS,0,2020
7088,21,Goias,11,1,48%,347,80%,14,5,0,3,8,2020-11-14,16:59,Goias,Athletico-PR,4-2-3-1,4-3-3,Athletico-PR,0,1,GO,PR,0,2020
7088,21,Athletico-PR,16,8,52%,376,82%,12,1,0,0,10,2020-11-14,16:59,Goias,Athletico-PR,4-2-3-1,4-3-3,Athletico-PR,0,1,GO,PR,3,2020
7090,21,Sao Paulo,7,4,51%,404,83%,18,4,0,2,3,2020-11-14,18:59,Fortaleza,Sao Paulo,4-4-2,4-3-3,Sao Paulo,2,3,CE,SP,3,2020
7090,21,Fortaleza,12,5,49%,395,83%,15,2,0,1,2,2020-11-14,18:59,Fortaleza,Sao Paulo,4-4-2,4-3-3,Sao Paulo,2,3,CE,SP,0,2020
7091,21,Gremio,16,7,61%,749,90%,8,1,0,1,3,2020-11-14,19:00,Gremio,Ceara,4-2-3-1,4-4-2,Gremio,4,2,RS,CE,3,2020
7091,21,Ceara,11,3,39%,473,84%,14,2,0,0,4,2020-11-14,19:00,Gremio,Ceara,4-2-3-1,4-4-2,Gremio,4,2,RS,CE,0,2020
7089,21,Corinthians,8,1,33%,269,62%,29,3,0,2,6,2020-11-14,19:01,Corinthians,Atletico-MG,4-4-2,4-2-3-1,Atletico-MG,1,2,SP,MG,0,2020
7089,21,Atletico-MG,13,4,67%,544,83%,11,5,0,1,6,2020-11-14,19:01,Corinthians,Atletico-MG,4-4-2,4-2-3-1,Atletico-MG,1,2,SP,MG,3,2020
7092,21,Palmeiras,9,5,51%,455,84%,15,2,0,3,3,2020-11-14,21:30,Palmeiras,Fluminense,4-2-3-1,4-3-3,Palmeiras,2,0,SP,RJ,3,2020
7092,21,Fluminense,15,5,49%,440,85%,8,2,0,3,5,2020-11-14,21:30,Palmeiras,Fluminense,4-2-3-1,4-3-3,Palmeiras,2,0,SP,RJ,0,2020
7093,21,Atletico-GO,10,5,34%,293,77%,16,1,0,2,4,2020-11-14,21:30,Flamengo,Atletico-GO,4-4-2,4-2-3-1,-,1,1,RJ,GO,1,2020
7093,21,Flamengo,20,7,66%,559,88%,15,2,0,1,11,2020-11-14,21:30,Flamengo,Atletico-GO,4-4-2,4-2-3-1,-,1,1,RJ,GO,1,2020
7094,21,Bahia,15,5,46%,401,86%,12,4,0,1,5,2020-11-16,18:00,Coritiba,Bahia,4-3-3,4-2-3-1,Bahia,1,2,PR,BA,3,2020
7094,21,Coritiba,16,2,54%,451,88%,12,3,0,1,7,2020-11-16,18:00,Coritiba,Bahia,4-3-3,4-2-3-1,Bahia,1,2,PR,BA,0,2020
7095,21,Botafogo-RJ,12,3,61%,439,81%,16,0,0,2,7,2020-11-16,20:00,Botafogo-RJ,Bragantino,4-3-3,4-4-2,Bragantino,1,2,RJ,SP,0,2020
7095,21,Bragantino,11,5,39%,273,70%,18,3,0,0,3,2020-11-16,20:00,Botafogo-RJ,Bragantino,4-3-3,4-4-2,Bragantino,1,2,RJ,SP,3,2020
6954,6,Athletico-PR,10,6,35%,317,76%,24,2,0,1,1,2020-11-18,19:00,Atletico-MG,Athletico-PR,4-1-4-1,4-4-2,Athletico-PR,0,2,MG,PR,3,2020
6954,6,Atletico-MG,21,6,65%,550,87%,8,1,0,1,9,2020-11-18,19:00,Atletico-MG,Athletico-PR,4-1-4-1,4-4-2,Athletico-PR,0,2,MG,PR,0,2020
7044,16,Vasco,12,5,47%,358,82%,11,2,0,1,4,2020-11-19,19:00,Vasco,Fortaleza,3-4-3,4-4-2,-,0,0,RJ,CE,1,2020
7044,16,Fortaleza,18,5,53%,394,82%,20,0,0,1,11,2020-11-19,19:00,Vasco,Fortaleza,3-4-3,4-4-2,-,0,0,RJ,CE,1,2020
7096,22,Bahia,8,1,47%,383,82%,13,4,0,0,9,2020-11-20,20:01,Bragantino,Bahia,4-4-2,4-2-3-1,Bragantino,4,0,SP,BA,0,2020
7096,22,Bragantino,12,7,53%,444,88%,16,2,0,0,5,2020-11-20,20:01,Bragantino,Bahia,4-4-2,4-2-3-1,Bragantino,4,0,SP,BA,3,2020
7097,22,Athletico-PR,13,4,61%,525,84%,22,0,0,2,9,2020-11-21,19:00,Athletico-PR,Santos,4-4-2,4-2-3-1,Athletico-PR,1,0,PR,SP,3,2020
7097,22,Santos,5,4,39%,344,81%,13,2,0,1,2,2020-11-21,19:00,Athletico-PR,Santos,4-4-2,4-2-3-1,Athletico-PR,1,0,PR,SP,0,2020
7098,22,Coritiba,6,1,38%,402,81%,18,3,0,1,4,2020-11-21,19:00,Flamengo,Coritiba,4-4-2,3-4-3,Flamengo,3,1,RJ,PR,0,2020
7098,22,Flamengo,23,9,62%,656,88%,16,1,0,0,4,2020-11-21,19:00,Flamengo,Coritiba,4-4-2,3-4-3,Flamengo,3,1,RJ,PR,3,2020
7099,22,Goias,8,2,60%,487,85%,20,2,0,1,1,2020-11-21,21:01,Goias,Palmeiras,4-2-3-1,3-4-1-2,Goias,1,0,GO,SP,3,2020
7099,22,Palmeiras,14,3,40%,334,73%,15,2,1,1,4,2020-11-21,21:01,Goias,Palmeiras,4-2-3-1,3-4-1-2,Goias,1,0,GO,SP,0,2020
7101,22,Ceara,11,5,46%,400,78%,11,4,0,2,2,2020-11-22,16:00,Ceara,Atletico-MG,4-4-2,4-1-4-1,-,2,2,CE,MG,1,2020
7101,22,Atletico-MG,18,4,54%,455,82%,12,1,1,1,7,2020-11-22,16:00,Ceara,Atletico-MG,4-4-2,4-1-4-1,-,2,2,CE,MG,1,2020
7100,22,Vasco,6,3,30%,298,71%,19,4,0,2,4,2020-11-22,16:03,Sao Paulo,Vasco,4-4-2,3-4-2-1,-,1,1,SP,RJ,1,2020
7100,22,Sao Paulo,17,5,70%,685,87%,7,2,0,2,7,2020-11-22,16:03,Sao Paulo,Vasco,4-4-2,3-4-2-1,-,1,1,SP,RJ,1,2020
7102,22,Internacional,13,4,51%,454,80%,20,2,0,1,4,2020-11-22,18:15,Internacional,Fluminense,4-2-3-1,4-2-3-1,Fluminense,1,2,RS,RJ,0,2020
7102,22,Fluminense,7,2,49%,455,80%,20,4,0,0,4,2020-11-22,18:15,Internacional,Fluminense,4-2-3-1,4-2-3-1,Fluminense,1,2,RS,RJ,3,2020
7103,22,Fortaleza,11,6,41%,355,78%,15,1,0,2,5,2020-11-22,18:15,Botafogo-RJ,Fortaleza,4-3-3,4-4-2,Fortaleza,1,2,RJ,CE,3,2020
7103,22,Botafogo-RJ,19,6,59%,481,87%,18,1,0,3,7,2020-11-22,18:15,Botafogo-RJ,Fortaleza,4-3-3,4-4-2,Fortaleza,1,2,RJ,CE,0,2020
7104,22,Gremio,15,3,68%,618,91%,14,1,0,1,12,2020-11-22,20:30,Corinthians,Gremio,4-2-3-1,4-2-3-1,-,0,0,SP,RS,1,2020
7104,22,Corinthians,7,1,32%,300,74%,12,1,2,3,4,2020-11-22,20:30,Corinthians,Gremio,4-2-3-1,4-2-3-1,-,0,0,SP,RS,1,2020
7105,22,Sport,11,1,63%,431,84%,17,1,0,1,10,2020-11-23,20:01,Sport,Atletico-GO,4-4-2,4-2-3-1,Atletico-GO,0,1,PE,GO,0,2020
7105,22,Atletico-GO,12,4,37%,260,77%,16,3,0,2,5,2020-11-23,20:01,Sport,Atletico-GO,4-4-2,4-2-3-1,Atletico-GO,0,1,PE,GO,3,2020
7045,16,Ceara,11,6,31%,303,76%,20,5,0,2,5,2020-11-25,19:15,Ceara,Sao Paulo,4-2-3-1,4-4-2,-,1,1,CE,SP,1,2020
7045,16,Sao Paulo,18,4,69%,659,89%,13,3,0,1,5,2020-11-25,19:15,Ceara,Sao Paulo,4-2-3-1,4-4-2,-,1,1,CE,SP,1,2020
7106,23,Botafogo-RJ,4,3,45%,397,81%,19,4,0,4,2,2020-11-25,21:30,Atletico-MG,Botafogo-RJ,3-2-4-1,4-2-3-1,Atletico-MG,2,1,MG,RJ,0,2020
7106,23,Atletico-MG,11,6,55%,463,87%,25,2,0,2,10,2020-11-25,21:30,Atletico-MG,Botafogo-RJ,3-2-4-1,4-2-3-1,Atletico-MG,2,1,MG,RJ,3,2020
7107,23,Corinthians,11,2,47%,418,78%,25,2,0,2,3,2020-11-25,21:31,Coritiba,Corinthians,4-3-3,4-2-3-1,Corinthians,0,1,PR,SP,3,2020
7107,23,Coritiba,11,3,53%,462,81%,13,2,0,1,4,2020-11-25,21:31,Coritiba,Corinthians,4-3-3,4-2-3-1,Corinthians,0,1,PR,SP,0,2020
7108,23,Goias,6,1,30%,266,68%,19,0,0,0,0,2020-11-26,19:59,Fortaleza,Goias,4-4-2,4-3-3,-,1,1,CE,GO,1,2020
7108,23,Fortaleza,15,8,70%,619,88%,17,2,0,3,2,2020-11-26,19:59,Fortaleza,Goias,4-4-2,4-3-3,-,1,1,CE,GO,1,2020
7110,23,Sport,9,3,41%,293,77%,24,3,0,0,4,2020-11-28,16:59,Santos,Sport,4-3-3,5-4-1,Santos,4,2,SP,PE,0,2020
7110,23,Santos,11,5,59%,421,86%,17,3,0,3,5,2020-11-28,16:59,Santos,Sport,4-3-3,5-4-1,Santos,4,2,SP,PE,3,2020
7109,23,Palmeiras,22,8,59%,470,87%,16,2,0,4,10,2020-11-28,17:00,Palmeiras,Athletico-PR,4-2-3-1,4-3-3,Palmeiras,3,0,SP,PR,3,2020
7109,23,Athletico-PR,4,1,41%,354,77%,15,1,0,2,1,2020-11-28,17:00,Palmeiras,Athletico-PR,4-2-3-1,4-3-3,Palmeiras,3,0,SP,PR,0,2020
7111,23,Sao Paulo,17,8,63%,597,90%,15,2,0,1,9,2020-11-28,18:59,Bahia,Sao Paulo,4-3-3,4-4-2,Sao Paulo,1,3,BA,SP,3,2020
7111,23,Bahia,17,6,37%,351,81%,12,0,0,1,5,2020-11-28,18:59,Bahia,Sao Paulo,4-3-3,4-4-2,Sao Paulo,1,3,BA,SP,0,2020
7112,23,Atletico-GO,9,0,41%,283,74%,19,1,0,5,8,2020-11-28,21:00,Atletico-GO,Internacional,4-2-3-1,4-1-3-2,-,0,0,GO,RS,1,2020
7112,23,Internacional,16,6,59%,400,83%,18,2,1,4,9,2020-11-28,21:00,Atletico-GO,Internacional,4-2-3-1,4-1-3-2,-,0,0,GO,RS,1,2020
6955,6,Gremio,26,10,66%,680,90%,15,2,0,2,8,2020-11-30,18:00,Gremio,Goias,4-2-3-1,4-3-3,Gremio,2,1,RS,GO,3,2020
6955,6,Goias,5,2,34%,353,81%,17,2,0,1,1,2020-11-30,18:00,Gremio,Goias,4-2-3-1,4-3-3,Gremio,2,1,RS,GO,0,2020
7113,23,Ceara,11,6,31%,230,65%,18,2,0,3,3,2020-11-30,18:00,Vasco,Ceara,3-4-2-1,4-2-3-1,Ceara,1,4,RJ,CE,3,2020
7113,23,Vasco,12,4,69%,486,85%,15,3,0,1,9,2020-11-30,18:00,Vasco,Ceara,3-4-2-1,4-2-3-1,Ceara,1,4,RJ,CE,0,2020
7114,23,Fluminense,7,1,45%,361,79%,15,2,0,4,5,2020-11-30,20:00,Fluminense,Bragantino,4-2-2-2,4-3-3,-,0,0,RJ,SP,1,2020
7114,23,Bragantino,11,4,55%,434,79%,21,3,0,0,5,2020-11-30,20:00,Fluminense,Bragantino,4-2-2-2,4-3-3,-,0,0,RJ,SP,1,2020
7116,24,Fortaleza,13,5,45%,343,77%,12,2,1,2,3,2020-12-02,21:30,Fortaleza,Corinthians,4-4-2,4-2-3-1,-,0,0,CE,SP,1,2020
7116,24,Corinthians,9,4,55%,412,81%,15,2,1,0,4,2020-12-02,21:30,Fortaleza,Corinthians,4-4-2,4-2-3-1,-,0,0,CE,SP,1,2020
6894,1,Sao Paulo,15,6,59%,466,84%,19,0,0,1,9,2020-12-03,19:00,Goias,Sao Paulo,3-4-3,4-2-2-2,Sao Paulo,0,3,GO,SP,3,2020
6894,1,Goias,9,3,41%,324,75%,16,3,0,0,2,2020-12-03,19:00,Goias,Sao Paulo,3-4-3,4-2-2-2,Sao Paulo,0,3,GO,SP,0,2020
7118,24,Flamengo,14,3,66%,569,89%,26,1,1,0,7,2020-12-05,16:59,Botafogo-RJ,Flamengo,4-3-3,4-4-2,Flamengo,0,1,RJ,RJ,3,2020
7118,24,Botafogo-RJ,13,3,34%,293,73%,16,1,1,0,5,2020-12-05,16:59,Botafogo-RJ,Flamengo,4-3-3,4-4-2,Flamengo,0,1,RJ,RJ,0,2020
7117,24,Palmeiras,11,5,40%,263,69%,16,3,1,0,7,2020-12-05,17:01,Santos,Palmeiras,4-2-3-1,4-2-3-1,-,2,2,SP,SP,1,2020
7117,24,Santos,15,5,60%,386,80%,14,3,0,2,8,2020-12-05,17:01,Santos,Palmeiras,4-2-3-1,4-2-3-1,-,2,2,SP,SP,1,2020
7119,24,Athletico-PR,5,1,30%,254,73%,18,2,1,0,2,2020-12-05,19:00,Fluminense,Athletico-PR,4-2-2-2,4-4-2,Fluminense,3,1,RJ,PR,0,2020
7119,24,Fluminense,27,13,70%,578,88%,16,4,0,2,15,2020-12-05,19:00,Fluminense,Athletico-PR,4-2-2-2,4-4-2,Fluminense,3,1,RJ,PR,3,2020
7120,24,Ceara,11,5,47%,412,86%,17,2,0,1,4,2020-12-05,19:00,Bahia,Ceara,4-2-3-1,4-2-3-1,Ceara,0,2,BA,CE,3,2020
7120,24,Bahia,9,2,53%,450,83%,12,2,0,1,6,2020-12-05,19:00,Bahia,Ceara,4-2-3-1,4-2-3-1,Ceara,0,2,BA,CE,0,2020
7121,24,Coritiba,9,3,43%,334,70%,17,4,0,2,3,2020-12-05,21:01,Coritiba,Bragantino,4-3-3,4-2-3-1,-,0,0,PR,SP,1,2020
7121,24,Bragantino,23,5,57%,423,79%,26,3,0,0,12,2020-12-05,21:01,Coritiba,Bragantino,4-3-3,4-2-3-1,-,0,0,PR,SP,1,2020
7122,24,Sport,4,0,36%,381,79%,17,4,0,3,1,2020-12-06,16:01,Sao Paulo,Sport,4-4-2,5-4-1,Sao Paulo,1,0,SP,PE,0,2020
7122,24,Sao Paulo,13,7,64%,647,89%,17,4,0,0,11,2020-12-06,16:01,Sao Paulo,Sport,4-4-2,5-4-1,Sao Paulo,1,0,SP,PE,3,2020
7123,24,Gremio,22,10,60%,604,89%,9,2,0,1,5,2020-12-06,16:01,Gremio,Vasco,4-2-3-1,3-4-2-1,Gremio,4,0,RS,RJ,3,2020
7123,24,Vasco,6,3,40%,408,85%,8,1,0,1,3,2020-12-06,16:01,Gremio,Vasco,4-2-3-1,3-4-2-1,Gremio,4,0,RS,RJ,0,2020
7124,24,Internacional,10,3,36%,315,76%,14,6,0,5,4,2020-12-06,18:15,Atletico-MG,Internacional,3-1-4-2,4-1-4-1,-,2,2,MG,RS,1,2020
7124,24,Atletico-MG,9,2,64%,584,85%,18,2,0,4,3,2020-12-06,18:15,Atletico-MG,Internacional,3-1-4-2,4-1-4-1,-,2,2,MG,RS,1,2020
7125,24,Atletico-GO,12,3,68%,421,85%,17,3,0,4,15,2020-12-07,20:00,Atletico-GO,Goias,4-2-3-1,5-3-2,Goias,0,1,GO,GO,0,2020
7125,24,Goias,10,2,32%,207,63%,21,3,0,2,1,2020-12-07,20:00,Atletico-GO,Goias,4-2-3-1,5-3-2,Goias,0,1,GO,GO,3,2020
7065,18,Sao Paulo,31,14,66%,646,90%,12,0,0,1,12,2020-12-09,21:30,Sao Paulo,Botafogo-RJ,4-4-2,4-2-3-1,Sao Paulo,4,0,SP,RJ,3,2020
7065,18,Botafogo-RJ,8,1,34%,353,80%,8,2,1,0,0,2020-12-09,21:30,Sao Paulo,Botafogo-RJ,4-4-2,4-2-3-1,Sao Paulo,4,0,SP,RJ,0,2020
7126,25,Atletico-MG,10,3,58%,488,86%,13,2,0,4,3,2020-12-12,17:00,Athletico-PR,Atletico-MG,4-4-2,4-2-3-1,Atletico-MG,0,1,PR,MG,3,2020
7126,25,Athletico-PR,16,5,42%,353,79%,20,2,0,4,5,2020-12-12,17:00,Athletico-PR,Atletico-MG,4-4-2,4-2-3-1,Atletico-MG,0,1,PR,MG,0,2020
7127,25,Fortaleza,13,5,47%,388,74%,18,2,0,2,5,2020-12-12,17:01,Bragantino,Fortaleza,4-4-2,4-4-2,Bragantino,2,1,SP,CE,0,2020
7127,25,Bragantino,14,7,53%,420,82%,17,3,0,0,2,2020-12-12,17:01,Bragantino,Fortaleza,4-4-2,4-4-2,Bragantino,2,1,SP,CE,3,2020
7128,25,Botafogo-RJ,12,2,52%,445,84%,19,5,0,0,6,2020-12-12,19:00,Internacional,Botafogo-RJ,4-4-2,4-2-3-1,Internacional,2,1,RS,RJ,0,2020
7128,25,Internacional,12,3,48%,416,82%,23,4,0,0,4,2020-12-12,19:00,Internacional,Botafogo-RJ,4-4-2,4-2-3-1,Internacional,2,1,RS,RJ,3,2020
7129,25,Palmeiras,15,7,60%,511,88%,11,2,0,4,8,2020-12-12,19:00,Palmeiras,Bahia,4-2-3-1,4-4-2,Palmeiras,3,0,SP,BA,3,2020
7129,25,Bahia,18,7,40%,343,84%,20,3,0,1,7,2020-12-12,19:00,Palmeiras,Bahia,4-2-3-1,4-4-2,Palmeiras,3,0,SP,BA,0,2020
7130,25,Gremio,17,5,61%,446,80%,10,1,0,2,9,2020-12-12,21:00,Goias,Gremio,5-3-2,4-2-3-1,-,0,0,GO,RS,1,2020
7130,25,Goias,12,2,39%,298,73%,12,4,0,0,4,2020-12-12,21:00,Goias,Gremio,5-3-2,4-2-3-1,-,0,0,GO,RS,1,2020
7131,25,Ceara,8,3,40%,344,76%,13,0,0,3,2,2020-12-12,21:01,Ceara,Atletico-GO,4-4-2,4-2-3-1,Atletico-GO,1,2,CE,GO,0,2020
7131,25,Atletico-GO,12,6,60%,500,83%,15,3,0,2,8,2020-12-12,21:01,Ceara,Atletico-GO,4-4-2,4-2-3-1,Atletico-GO,1,2,CE,GO,3,2020
7132,25,Flamengo,12,4,56%,457,86%,12,2,0,3,6,2020-12-13,16:00,Flamengo,Santos,4-4-2,4-2-3-1,Flamengo,4,1,RJ,SP,3,2020
7132,25,Santos,6,3,44%,366,82%,11,1,0,2,4,2020-12-13,16:00,Flamengo,Santos,4-4-2,4-2-3-1,Flamengo,4,1,RJ,SP,0,2020
7133,25,Sao Paulo,17,6,62%,501,83%,8,1,0,1,5,2020-12-13,18:15,Corinthians,Sao Paulo,4-2-3-1,4-4-2,Corinthians,1,0,SP,SP,0,2020
7133,25,Corinthians,14,5,38%,313,70%,12,0,0,0,4,2020-12-13,18:15,Corinthians,Sao Paulo,4-2-3-1,4-4-2,Corinthians,1,0,SP,SP,3,2020
7134,25,Sport,20,6,55%,447,85%,20,0,0,0,7,2020-12-13,18:16,Sport,Coritiba,4-2-3-1,4-2-3-1,Sport,1,0,PE,PR,3,2020
7134,25,Coritiba,14,3,45%,373,81%,14,1,0,0,6,2020-12-13,18:16,Sport,Coritiba,4-2-3-1,4-2-3-1,Sport,1,0,PE,PR,0,2020
7135,25,Fluminense,10,4,56%,516,86%,14,2,0,0,2,2020-12-13,20:30,Vasco,Fluminense,4-2-3-1,4-4-2,-,1,1,RJ,RJ,1,2020
7135,25,Vasco,20,4,44%,404,84%,21,6,0,1,4,2020-12-13,20:30,Vasco,Fluminense,4-2-3-1,4-4-2,-,1,1,RJ,RJ,1,2020
7136,26,Atletico-MG,14,6,53%,533,85%,10,2,1,3,3,2020-12-16,21:31,Sao Paulo,Atletico-MG,4-2-3-1,3-5-2,Sao Paulo,3,0,SP,MG,0,2020
7136,26,Sao Paulo,17,7,47%,485,82%,9,2,0,3,5,2020-12-16,21:31,Sao Paulo,Atletico-MG,4-2-3-1,3-5-2,Sao Paulo,3,0,SP,MG,3,2020
7137,26,Atletico-GO,11,5,39%,278,78%,17,3,0,0,11,2020-12-16,21:31,Atletico-GO,Fluminense,4-2-3-1,4-1-4-1,Atletico-GO,2,1,GO,RJ,3,2020
7137,26,Fluminense,5,2,61%,453,85%,18,4,0,0,6,2020-12-16,21:31,Atletico-GO,Fluminense,4-2-3-1,4-1-4-1,Atletico-GO,2,1,GO,RJ,0,2020
7138,26,Gremio,13,1,57%,518,87%,9,1,1,2,7,2020-12-19,19:00,Sport,Gremio,4-2-3-1,4-2-3-1,-,1,1,PE,RS,1,2020
7138,26,Sport,9,2,43%,402,85%,21,2,0,2,3,2020-12-19,19:00,Sport,Gremio,4-2-3-1,4-2-3-1,-,1,1,PE,RS,1,2020
7139,26,Internacional,12,4,41%,327,75%,13,4,0,1,4,2020-12-19,21:00,Internacional,Palmeiras,4-2-3-1,4-2-3-1,Internacional,2,0,RS,SP,3,2020
7139,26,Palmeiras,13,0,59%,440,80%,23,2,0,1,8,2020-12-19,21:00,Internacional,Palmeiras,4-2-3-1,4-2-3-1,Internacional,2,0,RS,SP,0,2020
7140,26,Coritiba,10,4,45%,344,79%,14,3,0,2,4,2020-12-19,21:00,Coritiba,Botafogo-RJ,4-2-3-1,4-1-4-1,Botafogo-RJ,1,2,PR,RJ,0,2020
7140,26,Botafogo-RJ,18,3,55%,409,88%,18,1,0,2,11,2020-12-19,21:00,Coritiba,Botafogo-RJ,4-2-3-1,4-1-4-1,Botafogo-RJ,1,2,PR,RJ,3,2020
7142,26,Vasco,4,2,35%,255,73%,26,2,0,0,1,2020-12-20,15:59,Vasco,Santos,4-2-3-1,4-2-3-1,Vasco,1,0,RJ,SP,3,2020
7142,26,Santos,18,5,65%,453,85%,15,0,0,1,2,2020-12-20,15:59,Vasco,Santos,4-2-3-1,4-2-3-1,Vasco,1,0,RJ,SP,0,2020
7141,26,Athletico-PR,4,1,29%,223,65%,17,5,0,6,4,2020-12-20,16:00,Bragantino,Athletico-PR,4-4-2,4-4-2,Athletico-PR,0,1,SP,PR,3,2020
7141,26,Bragantino,21,6,71%,506,84%,8,2,0,6,17,2020-12-20,16:00,Bragantino,Athletico-PR,4-4-2,4-4-2,Athletico-PR,0,1,SP,PR,0,2020
7143,26,Flamengo,16,5,48%,379,85%,17,1,1,2,7,2020-12-20,18:14,Flamengo,Bahia,4-4-2,4-1-4-1,Flamengo,4,3,RJ,BA,3,2020
7143,26,Bahia,17,6,52%,396,89%,22,3,1,1,8,2020-12-20,18:14,Flamengo,Bahia,4-4-2,4-1-4-1,Flamengo,4,3,RJ,BA,0,2020
7144,26,Ceara,6,5,39%,266,76%,17,1,0,0,1,2020-12-20,20:30,Fortaleza,Ceara,4-4-2,4-2-3-1,Ceara,0,2,CE,CE,3,2020
7144,26,Fortaleza,10,0,61%,402,82%,18,1,1,0,5,2020-12-20,20:30,Fortaleza,Ceara,4-4-2,4-2-3-1,Ceara,0,2,CE,CE,0,2020
7145,26,Goias,17,7,36%,304,75%,15,0,0,2,4,2020-12-21,20:02,Corinthians,Goias,4-2-3-1,5-3-2,Corinthians,2,1,SP,GO,0,2020
7145,26,Corinthians,19,6,64%,537,84%,11,1,0,5,12,2020-12-21,20:02,Corinthians,Goias,4-2-3-1,5-3-2,Corinthians,2,1,SP,GO,3,2020
7146,27,Atletico-MG,25,9,71%,664,93%,15,0,0,0,13,2020-12-26,17:00,Atletico-MG,Coritiba,4-1-4-1,4-2-3-1,Atletico-MG,2,0,MG,PR,3,2020
7146,27,Coritiba,7,3,29%,277,82%,13,0,0,2,3,2020-12-26,17:00,Atletico-MG,Coritiba,4-1-4-1,4-2-3-1,Atletico-MG,2,0,MG,PR,0,2020
7147,27,Sport,16,4,62%,500,78%,18,1,0,4,5,2020-12-26,19:00,Goias,Sport,5-3-2,4-2-3-1,Goias,1,0,GO,PE,0,2020
7147,27,Goias,10,3,38%,315,69%,22,4,0,0,4,2020-12-26,19:00,Goias,Sport,5-3-2,4-2-3-1,Goias,1,0,GO,PE,3,2020
7148,27,Flamengo,13,2,64%,519,86%,14,3,0,0,4,2020-12-26,19:00,Fortaleza,Flamengo,4-2-3-1,4-4-2,-,0,0,CE,RJ,1,2020
7148,27,Fortaleza,11,4,36%,293,79%,22,3,0,1,4,2020-12-26,19:00,Fortaleza,Flamengo,4-2-3-1,4-4-2,-,0,0,CE,RJ,1,2020
7149,27,Fluminense,8,1,41%,401,81%,17,3,0,0,0,2020-12-26,20:59,Fluminense,Sao Paulo,4-2-3-1,4-4-2,Sao Paulo,1,2,RJ,SP,0,2020
7149,27,Sao Paulo,12,5,59%,579,87%,22,1,0,0,2,2020-12-26,20:59,Fluminense,Sao Paulo,4-2-3-1,4-4-2,Sao Paulo,1,2,RJ,SP,3,2020
7150,27,Corinthians,13,6,54%,508,81%,20,1,0,2,7,2020-12-27,16:00,Botafogo-RJ,Corinthians,4-2-3-1,4-2-3-1,Corinthians,0,2,RJ,SP,3,2020
7150,27,Botafogo-RJ,11,1,46%,451,78%,19,1,0,2,2,2020-12-27,16:00,Botafogo-RJ,Corinthians,4-2-3-1,4-2-3-1,Corinthians,0,2,RJ,SP,0,2020
7151,27,Bahia,14,3,52%,377,77%,18,3,0,0,6,2020-12-27,16:01,Bahia,Internacional,4-2-3-1,4-1-4-1,Internacional,1,2,BA,RS,0,2020
7151,27,Internacional,15,10,48%,357,79%,12,1,0,2,7,2020-12-27,16:01,Bahia,Internacional,4-2-3-1,4-1-4-1,Internacional,1,2,BA,RS,3,2020
7152,27,Vasco,12,4,44%,373,84%,11,1,0,3,5,2020-12-27,18:15,Athletico-PR,Vasco,4-4-2,4-2-3-1,Athletico-PR,3,0,PR,RJ,0,2020
7152,27,Athletico-PR,16,8,56%,480,88%,14,0,0,1,6,2020-12-27,18:15,Athletico-PR,Vasco,4-4-2,4-2-3-1,Athletico-PR,3,0,PR,RJ,3,2020
7153,27,Palmeiras,6,1,41%,343,80%,10,3,0,1,5,2020-12-27,18:15,Palmeiras,Bragantino,4-2-3-1,4-2-3-1,Palmeiras,1,0,SP,SP,3,2020
7153,27,Bragantino,20,2,59%,486,84%,6,0,0,1,8,2020-12-27,18:15,Palmeiras,Bragantino,4-2-3-1,4-2-3-1,Palmeiras,1,0,SP,SP,0,2020
7154,27,Ceara,11,4,35%,263,72%,24,3,0,1,2,2020-12-27,18:16,Santos,Ceara,4-3-3,4-2-3-1,-,1,1,SP,CE,1,2020
7154,27,Santos,11,5,65%,473,86%,15,2,0,2,11,2020-12-27,18:16,Santos,Ceara,4-3-3,4-2-3-1,-,1,1,SP,CE,1,2020
7155,27,Gremio,10,4,45%,404,80%,11,2,0,1,5,2020-12-27,20:30,Gremio,Atletico-GO,4-2-3-1,4-4-2,Gremio,2,1,RS,GO,3,2020
7155,27,Atletico-GO,9,2,55%,480,85%,15,3,0,1,9,2020-12-27,20:30,Gremio,Atletico-GO,4-2-3-1,4-4-2,Gremio,2,1,RS,GO,0,2020
7156,28,Gremio,11,2,49%,407,83%,11,2,0,0,3,2021-01-06,19:15,Gremio,Bahia,4-2-3-1,4-1-4-1,Gremio,2,1,RS,BA,3,2020
7156,28,Bahia,17,5,51%,419,82%,17,4,0,1,10,2021-01-06,19:15,Gremio,Bahia,4-2-3-1,4-1-4-1,Gremio,2,1,RS,BA,0,2020
7157,28,Athletico-PR,8,4,38%,329,78%,21,2,0,1,3,2021-01-06,19:15,Botafogo-RJ,Athletico-PR,4-3-3,4-4-2,Athletico-PR,0,2,RJ,PR,3,2020
7157,28,Botafogo-RJ,24,8,62%,506,88%,14,3,0,4,3,2021-01-06,19:15,Botafogo-RJ,Athletico-PR,4-3-3,4-4-2,Athletico-PR,0,2,RJ,PR,0,2020
7159,28,Sport,6,1,35%,269,73%,14,3,0,0,4,2021-01-06,20:30,Sport,Fortaleza,4-2-3-1,4-2-3-1,Sport,1,0,PE,CE,3,2020
7159,28,Fortaleza,17,1,65%,491,85%,12,1,0,1,8,2021-01-06,20:30,Sport,Fortaleza,4-2-3-1,4-2-3-1,Sport,1,0,PE,CE,0,2020
7158,28,Coritiba,16,2,57%,467,82%,13,4,0,2,6,2021-01-06,20:31,Coritiba,Goias,4-3-3,5-3-2,Goias,1,2,PR,GO,0,2020
7158,28,Goias,11,5,43%,359,71%,17,3,0,2,4,2021-01-06,20:31,Coritiba,Goias,4-3-3,5-3-2,Goias,1,2,PR,GO,3,2020
7160,28,Fluminense,11,5,28%,258,69%,22,4,0,2,4,2021-01-06,21:30,Flamengo,Fluminense,4-4-2,4-2-3-1,Fluminense,1,2,RJ,RJ,3,2020
7160,28,Flamengo,19,8,72%,672,86%,12,1,0,0,11,2021-01-06,21:30,Flamengo,Fluminense,4-4-2,4-2-3-1,Fluminense,1,2,RJ,RJ,0,2020
7161,28,Bragantino,23,10,47%,458,86%,17,2,0,0,4,2021-01-06,21:30,Bragantino,Sao Paulo,4-1-4-1,4-4-2,Bragantino,4,2,SP,SP,3,2020
7161,28,Sao Paulo,8,4,53%,493,86%,4,2,1,3,5,2021-01-06,21:30,Bragantino,Sao Paulo,4-1-4-1,4-4-2,Bragantino,4,2,SP,SP,0,2020
7162,28,Internacional,8,3,39%,328,79%,16,4,0,0,4,2021-01-07,19:00,Ceara,Internacional,4-2-3-1,4-2-3-1,Internacional,0,2,CE,RS,3,2020
7162,28,Ceara,19,6,61%,495,86%,18,6,0,0,7,2021-01-07,19:00,Ceara,Internacional,4-2-3-1,4-2-3-1,Internacional,0,2,CE,RS,0,2020
7163,28,Atletico-GO,8,3,44%,339,74%,19,3,0,2,3,2021-01-07,21:00,Atletico-GO,Vasco,4-2-3-1,4-1-4-1,-,0,0,GO,RJ,1,2020
7163,28,Vasco,15,6,56%,423,82%,17,2,0,2,4,2021-01-07,21:00,Atletico-GO,Vasco,4-2-3-1,4-1-4-1,-,0,0,GO,RJ,1,2020
7167,29,Coritiba,13,2,40%,389,82%,11,2,0,0,3,2021-01-09,19:00,Coritiba,Athletico-PR,4-3-3,4-2-3-1,-,0,0,PR,PR,1,2020
7167,29,Athletico-PR,3,1,60%,584,86%,10,1,0,0,2,2021-01-09,19:00,Coritiba,Athletico-PR,4-3-3,4-2-3-1,-,0,0,PR,PR,1,2020
7166,29,Sport,11,5,59%,518,85%,15,5,0,2,7,2021-01-09,19:01,Sport,Palmeiras,4-2-3-1,3-4-2-1,Palmeiras,0,1,PE,SP,0,2020
7166,29,Palmeiras,12,4,41%,366,76%,21,3,0,2,6,2021-01-09,19:01,Sport,Palmeiras,4-2-3-1,3-4-2-1,Palmeiras,0,1,PE,SP,3,2020
7168,29,Gremio,11,3,45%,366,82%,12,2,0,1,5,2021-01-09,21:00,Fortaleza,Gremio,4-2-3-1,4-2-3-1,-,0,0,CE,RS,1,2020
7168,29,Fortaleza,14,5,55%,447,84%,17,4,0,3,4,2021-01-09,21:00,Fortaleza,Gremio,4-2-3-1,4-2-3-1,-,0,0,CE,RS,1,2020
7169,29,Sao Paulo,26,5,69%,531,89%,19,2,0,0,8,2021-01-10,16:00,Sao Paulo,Santos,4-4-2,4-1-4-1,Santos,0,1,SP,SP,0,2020
7169,29,Santos,7,2,31%,249,67%,21,4,0,0,3,2021-01-10,16:00,Sao Paulo,Santos,4-4-2,4-1-4-1,Santos,0,1,SP,SP,3,2020
7170,29,Flamengo,21,5,75%,675,90%,10,3,0,3,6,2021-01-10,16:00,Flamengo,Ceara,4-4-2,4-2-3-1,Ceara,0,2,RJ,CE,0,2020
7170,29,Ceara,8,4,25%,233,72%,12,1,0,0,1,2021-01-10,16:00,Flamengo,Ceara,4-4-2,4-2-3-1,Ceara,0,2,RJ,CE,3,2020
7171,29,Bahia,16,4,58%,424,84%,18,0,0,1,6,2021-01-10,18:14,Atletico-GO,Bahia,4-2-3-1,4-1-4-1,-,1,1,GO,BA,1,2020
7171,29,Atletico-GO,13,6,42%,301,75%,20,2,0,3,6,2021-01-10,18:14,Atletico-GO,Bahia,4-2-3-1,4-1-4-1,-,1,1,GO,BA,1,2020
7172,29,Goias,14,4,59%,479,80%,14,2,0,1,2,2021-01-10,18:15,Internacional,Goias,4-2-3-1,5-3-2,Internacional,1,0,RS,GO,0,2020
7172,29,Internacional,10,3,41%,332,78%,14,0,0,2,6,2021-01-10,18:15,Internacional,Goias,4-2-3-1,5-3-2,Internacional,1,0,RS,GO,3,2020
7173,29,Vasco,18,7,51%,465,82%,11,1,0,0,6,2021-01-10,20:30,Vasco,Botafogo-RJ,4-1-4-1,4-2-3-1,Vasco,3,0,RJ,RJ,3,2020
7173,29,Botafogo-RJ,12,5,49%,458,84%,13,0,0,4,3,2021-01-10,20:30,Vasco,Botafogo-RJ,4-1-4-1,4-2-3-1,Vasco,3,0,RJ,RJ,0,2020
7174,29,Bragantino,11,4,44%,390,79%,15,4,0,0,6,2021-01-11,20:01,Bragantino,Atletico-MG,4-3-3,4-3-3,-,2,2,SP,MG,1,2020
7174,29,Atletico-MG,19,6,56%,490,83%,11,0,0,1,6,2021-01-11,20:01,Bragantino,Atletico-MG,4-3-3,4-3-3,-,2,2,SP,MG,1,2020
7175,29,Fluminense,14,2,42%,387,82%,15,2,0,3,3,2021-01-13,21:30,Corinthians,Fluminense,4-2-3-1,4-3-3,Corinthians,5,0,SP,RJ,0,2020
7175,29,Corinthians,19,8,58%,522,85%,17,1,0,1,3,2021-01-13,21:30,Corinthians,Fluminense,4-2-3-1,4-3-3,Corinthians,5,0,SP,RJ,3,2020
7176,30,Gremio,12,7,55%,530,87%,10,1,0,0,7,2021-01-15,21:30,Palmeiras,Gremio,4-2-3-1,4-2-3-1,-,1,1,SP,RS,1,2020
7176,30,Palmeiras,16,6,45%,431,89%,22,3,0,2,3,2021-01-15,21:30,Palmeiras,Gremio,4-2-3-1,4-2-3-1,-,1,1,SP,RS,1,2020
7177,30,Fluminense,11,1,66%,540,85%,23,1,0,2,5,2021-01-16,19:00,Fluminense,Sport,4-2-3-1,4-1-4-1,Fluminense,1,0,RJ,PE,3,2020
7177,30,Sport,10,0,34%,276,72%,18,1,1,1,4,2021-01-16,19:00,Fluminense,Sport,4-2-3-1,4-1-4-1,Fluminense,1,0,RJ,PE,0,2020
7178,30,Coritiba,13,4,47%,468,88%,13,2,0,0,2,2021-01-16,20:59,Vasco,Coritiba,4-1-4-1,4-3-3,Coritiba,0,1,RJ,PR,3,2020
7178,30,Vasco,10,3,53%,507,87%,10,2,1,1,10,2021-01-16,20:59,Vasco,Coritiba,4-1-4-1,4-3-3,Coritiba,0,1,RJ,PR,0,2020
7179,30,Athletico-PR,8,3,40%,376,80%,10,2,0,0,1,2021-01-17,15:59,Athletico-PR,Sao Paulo,4-2-3-1,4-4-2,-,1,1,PR,SP,1,2020
7179,30,Sao Paulo,9,2,60%,551,89%,14,1,0,8,3,2021-01-17,15:59,Athletico-PR,Sao Paulo,4-2-3-1,4-4-2,-,1,1,PR,SP,1,2020
7180,30,Botafogo-RJ,7,3,41%,285,78%,24,1,0,3,6,2021-01-17,15:59,Santos,Botafogo-RJ,4-2-3-1,4-2-3-1,Santos,2,1,SP,RJ,0,2020
7180,30,Santos,23,5,59%,410,85%,8,2,0,2,15,2021-01-17,15:59,Santos,Botafogo-RJ,4-2-3-1,4-2-3-1,Santos,2,1,SP,RJ,3,2020
7181,30,Atletico-MG,22,6,61%,547,87%,13,2,0,0,10,2021-01-17,18:15,Atletico-MG,Atletico-GO,4-3-3,4-2-3-1,Atletico-MG,3,1,MG,GO,3,2020
7181,30,Atletico-GO,13,3,39%,356,81%,14,3,0,2,9,2021-01-17,18:15,Atletico-MG,Atletico-GO,4-3-3,4-2-3-1,Atletico-MG,3,1,MG,GO,0,2020
7182,30,Bragantino,15,7,64%,494,87%,16,2,0,0,9,2021-01-17,20:30,Ceara,Bragantino,4-2-3-1,4-3-3,Bragantino,1,2,CE,SP,3,2020
7182,30,Ceara,12,3,36%,290,73%,13,1,0,1,6,2021-01-17,20:30,Ceara,Bragantino,4-2-3-1,4-3-3,Bragantino,1,2,CE,SP,0,2020
7183,30,Internacional,11,5,45%,352,80%,24,0,0,0,6,2021-01-17,20:31,Internacional,Fortaleza,4-2-3-1,4-2-3-1,Internacional,4,2,RS,CE,3,2020
7183,30,Fortaleza,10,2,55%,443,83%,17,3,0,1,1,2021-01-17,20:31,Internacional,Fortaleza,4-2-3-1,4-2-3-1,Internacional,4,2,RS,CE,0,2020
7164,28,Palmeiras,15,9,57%,430,86%,14,2,0,3,7,2021-01-18,19:00,Palmeiras,Corinthians,4-1-4-1,4-2-3-1,Palmeiras,4,0,SP,SP,3,2020
7164,28,Corinthians,10,4,43%,327,77%,11,3,1,0,7,2021-01-18,19:00,Palmeiras,Corinthians,4-1-4-1,4-2-3-1,Palmeiras,4,0,SP,SP,0,2020
7184,30,Flamengo,12,6,60%,526,84%,13,1,0,3,5,2021-01-18,20:00,Goias,Flamengo,3-5-2,4-4-2,Flamengo,0,3,GO,RJ,3,2020
7184,30,Goias,9,3,40%,357,75%,24,5,0,1,4,2021-01-18,20:00,Goias,Flamengo,3-5-2,4-4-2,Flamengo,0,3,GO,RJ,0,2020
7186,31,Botafogo-RJ,17,5,48%,365,78%,17,2,0,2,3,2021-01-20,17:00,Botafogo-RJ,Atletico-GO,4-2-3-1,4-2-3-1,Atletico-GO,1,3,RJ,GO,0,2020
7186,31,Atletico-GO,14,5,52%,384,83%,14,3,0,1,6,2021-01-20,17:00,Botafogo-RJ,Atletico-GO,4-2-3-1,4-2-3-1,Atletico-GO,1,3,RJ,GO,3,2020
7187,31,Athletico-PR,12,1,60%,528,89%,14,0,0,2,4,2021-01-20,17:59,Bahia,Athletico-PR,4-2-3-1,4-2-3-1,Bahia,1,0,BA,PR,0,2020
7187,31,Bahia,11,4,40%,347,81%,15,2,0,3,9,2021-01-20,17:59,Bahia,Athletico-PR,4-2-3-1,4-2-3-1,Bahia,1,0,BA,PR,3,2020
7188,31,Gremio,8,3,58%,637,84%,11,1,0,1,3,2021-01-20,19:15,Gremio,Atletico-MG,4-2-3-1,4-3-3,-,1,1,RS,MG,1,2020
7188,31,Atletico-MG,10,4,42%,470,79%,7,1,0,2,1,2021-01-20,19:15,Gremio,Atletico-MG,4-2-3-1,4-3-3,-,1,1,RS,MG,1,2020
7189,31,Fluminense,20,5,59%,459,84%,10,4,1,1,12,2021-01-20,20:30,Coritiba,Fluminense,4-2-3-1,4-2-3-1,-,3,3,PR,RJ,1,2020
7189,31,Coritiba,9,4,41%,340,78%,21,1,1,1,2,2021-01-20,20:30,Coritiba,Fluminense,4-2-3-1,4-2-3-1,-,3,3,PR,RJ,1,2020
7191,31,Vasco,8,4,46%,455,79%,17,0,0,0,3,2021-01-20,21:29,Bragantino,Vasco,4-3-3,4-1-4-1,Bragantino,4,1,SP,RJ,0,2020
7191,31,Bragantino,20,9,54%,525,86%,12,0,0,1,3,2021-01-20,21:29,Bragantino,Vasco,4-3-3,4-1-4-1,Bragantino,4,1,SP,RJ,3,2020
7190,31,Sao Paulo,11,5,71%,624,86%,15,2,0,0,7,2021-01-20,21:30,Sao Paulo,Internacional,4-4-2,4-1-4-1,Internacional,1,5,SP,RS,0,2020
7190,31,Internacional,19,7,29%,257,75%,19,1,0,2,2,2021-01-20,21:30,Sao Paulo,Internacional,4-4-2,4-1-4-1,Internacional,1,5,SP,RS,3,2020
7192,31,Flamengo,15,6,51%,460,82%,26,2,0,1,4,2021-01-21,19:00,Flamengo,Palmeiras,4-4-2,4-1-4-1,Flamengo,2,0,RJ,SP,3,2020
7192,31,Palmeiras,6,0,49%,444,80%,15,2,0,2,1,2021-01-21,19:00,Flamengo,Palmeiras,4-4-2,4-1-4-1,Flamengo,2,0,RJ,SP,0,2020
7193,31,Fortaleza,10,3,47%,340,78%,20,3,0,4,7,2021-01-21,19:00,Fortaleza,Santos,4-2-3-1,4-1-4-1,Fortaleza,2,0,CE,SP,3,2020
7193,31,Santos,12,3,53%,378,82%,14,0,0,1,5,2021-01-21,19:00,Fortaleza,Santos,4-2-3-1,4-1-4-1,Fortaleza,2,0,CE,SP,0,2020
7194,31,Ceara,12,4,42%,385,78%,11,0,0,0,1,2021-01-21,19:00,Goias,Ceara,3-1-4-2,4-2-3-1,Ceara,0,4,GO,CE,3,2020
7194,31,Goias,14,2,58%,513,82%,12,1,0,1,6,2021-01-21,19:00,Goias,Ceara,3-1-4-2,4-2-3-1,Ceara,0,4,GO,CE,0,2020
7195,31,Sport,10,4,38%,348,77%,7,0,0,3,5,2021-01-21,21:00,Corinthians,Sport,4-2-3-1,4-2-3-1,Corinthians,3,0,SP,PE,0,2020
7195,31,Corinthians,20,12,62%,545,83%,9,1,0,2,6,2021-01-21,21:00,Corinthians,Sport,4-2-3-1,4-2-3-1,Corinthians,3,0,SP,PE,3,2020
7196,32,Coritiba,10,3,35%,367,76%,16,2,0,0,2,2021-01-23,19:00,Sao Paulo,Coritiba,4-4-2,4-3-3,-,1,1,SP,PR,1,2020
7196,32,Sao Paulo,18,6,65%,641,89%,19,1,0,1,7,2021-01-23,19:00,Sao Paulo,Coritiba,4-4-2,4-3-3,-,1,1,SP,PR,1,2020
7197,32,Atletico-MG,17,4,75%,684,90%,11,1,0,0,9,2021-01-23,21:00,Vasco,Atletico-MG,4-2-3-1,3-1-4-2,Vasco,3,2,RJ,MG,0,2020
7197,32,Vasco,6,3,25%,234,72%,15,4,0,0,2,2021-01-23,21:00,Vasco,Atletico-MG,4-2-3-1,3-1-4-2,Vasco,3,2,RJ,MG,3,2020
7198,32,Internacional,17,4,45%,382,81%,19,2,0,0,6,2021-01-24,16:00,Internacional,Gremio,4-1-4-1,4-1-4-1,Internacional,2,1,RS,RS,3,2020
7198,32,Gremio,9,3,55%,467,82%,15,2,0,1,1,2021-01-24,16:00,Internacional,Gremio,4-1-4-1,4-1-4-1,Internacional,2,1,RS,RS,0,2020
7200,32,Palmeiras,12,4,60%,480,85%,16,5,0,6,7,2021-01-24,16:00,Ceara,Palmeiras,4-2-3-1,4-2-3-1,Ceara,2,1,CE,SP,0,2020
7200,32,Ceara,9,3,40%,338,79%,9,2,1,3,2,2021-01-24,16:00,Ceara,Palmeiras,4-2-3-1,4-2-3-1,Ceara,2,1,CE,SP,3,2020
7199,32,Athletico-PR,11,8,41%,384,82%,20,2,0,4,3,2021-01-24,16:01,Athletico-PR,Flamengo,4-1-4-1,4-4-2,Athletico-PR,2,1,PR,RJ,3,2020
7199,32,Flamengo,12,2,59%,556,88%,11,0,0,1,3,2021-01-24,16:01,Athletico-PR,Flamengo,4-1-4-1,4-4-2,Athletico-PR,2,1,PR,RJ,0,2020
7202,32,Bahia,9,2,42%,335,77%,8,0,0,1,3,2021-01-24,18:15,Sport,Bahia,4-2-3-1,4-2-3-1,Sport,2,0,PE,BA,0,2020
7202,32,Sport,19,6,58%,456,83%,16,3,0,5,10,2021-01-24,18:15,Sport,Bahia,4-2-3-1,4-2-3-1,Sport,2,0,PE,BA,3,2020
7203,32,Santos,20,9,64%,476,87%,11,4,0,4,11,2021-01-24,18:15,Santos,Goias,4-3-3,5-3-2,Goias,3,4,SP,GO,0,2020
7203,32,Goias,17,6,36%,269,71%,19,4,0,2,3,2021-01-24,18:15,Santos,Goias,4-3-3,5-3-2,Goias,3,4,SP,GO,3,2020
7201,32,Fortaleza,11,3,55%,395,82%,13,1,1,2,5,2021-01-24,18:16,Atletico-GO,Fortaleza,4-2-3-1,4-2-3-1,Atletico-GO,2,0,GO,CE,0,2020
7201,32,Atletico-GO,7,3,45%,329,79%,12,2,0,0,5,2021-01-24,18:16,Atletico-GO,Fortaleza,4-2-3-1,4-2-3-1,Atletico-GO,2,0,GO,CE,3,2020
7204,32,Botafogo-RJ,5,0,52%,435,81%,20,1,0,1,1,2021-01-24,20:30,Fluminense,Botafogo-RJ,4-2-3-1,4-1-4-1,Fluminense,2,0,RJ,RJ,0,2020
7204,32,Fluminense,12,5,48%,394,83%,20,2,0,0,2,2021-01-24,20:30,Fluminense,Botafogo-RJ,4-2-3-1,4-1-4-1,Fluminense,2,0,RJ,RJ,3,2020
7205,32,Corinthians,13,5,60%,546,77%,16,5,0,2,8,2021-01-25,20:00,Corinthians,Bragantino,4-2-3-1,4-4-2,Bragantino,0,2,SP,SP,0,2020
7205,32,Bragantino,13,4,40%,378,72%,14,4,0,3,3,2021-01-25,20:00,Corinthians,Bragantino,4-2-3-1,4-4-2,Bragantino,0,2,SP,SP,3,2020
6895,1,Vasco,12,3,45%,390,78%,11,1,0,2,3,2021-01-26,20:00,Palmeiras,Vasco,4-1-4-1,4-2-3-1,-,1,1,SP,RJ,1,2020
6895,1,Palmeiras,14,3,55%,477,84%,19,1,0,0,6,2021-01-26,20:00,Palmeiras,Vasco,4-1-4-1,4-2-3-1,-,1,1,SP,RJ,1,2020
7165,28,Santos,5,3,34%,341,75%,14,1,0,0,2,2021-01-26,19:59,Atletico-MG,Santos,4-2-3-1,4-1-4-1,Atletico-MG,2,0,MG,SP,0,2020
7165,28,Atletico-MG,10,5,66%,665,87%,10,1,0,1,4,2021-01-26,19:59,Atletico-MG,Santos,4-2-3-1,4-1-4-1,Atletico-MG,2,0,MG,SP,3,2020
7115,23,Flamengo,14,6,49%,531,88%,24,3,0,0,5,2021-01-28,20:00,Gremio,Flamengo,4-2-3-1,4-2-3-1,Flamengo,2,4,RS,RJ,3,2020
7115,23,Gremio,8,5,51%,548,87%,15,5,0,1,2,2021-01-28,20:00,Gremio,Flamengo,4-2-3-1,4-2-3-1,Flamengo,2,4,RS,RJ,0,2020
7185,30,Bahia,8,7,41%,291,70%,24,3,0,0,3,2021-01-28,18:59,Bahia,Corinthians,4-2-3-1,4-2-3-1,Bahia,2,1,BA,SP,3,2020
7185,30,Corinthians,15,5,59%,382,77%,19,1,0,1,10,2021-01-28,18:59,Bahia,Corinthians,4-2-3-1,4-2-3-1,Bahia,2,1,BA,SP,0,2020
7208,33,Sao Paulo,13,3,60%,498,85%,9,1,0,1,5,2021-01-31,15:59,Atletico-GO,Sao Paulo,4-2-3-1,4-4-2,Atletico-GO,2,1,GO,SP,0,2020
7208,33,Atletico-GO,11,3,40%,335,73%,13,3,0,1,8,2021-01-31,15:59,Atletico-GO,Sao Paulo,4-2-3-1,4-4-2,Atletico-GO,2,1,GO,SP,3,2020
7206,33,Vasco,8,5,49%,400,87%,15,1,1,0,6,2021-01-31,16:00,Vasco,Bahia,4-3-3,4-2-3-1,-,0,0,RJ,BA,1,2020
7206,33,Bahia,9,2,51%,418,85%,16,3,0,1,6,2021-01-31,16:00,Vasco,Bahia,4-3-3,4-2-3-1,-,0,0,RJ,BA,1,2020
7207,33,Athletico-PR,11,2,55%,454,83%,18,2,0,2,4,2021-01-31,16:00,Ceara,Athletico-PR,4-2-3-1,4-4-2,Athletico-PR,0,2,CE,PR,3,2020
7207,33,Ceara,9,2,45%,379,81%,15,0,0,1,4,2021-01-31,16:00,Ceara,Athletico-PR,4-2-3-1,4-4-2,Athletico-PR,0,2,CE,PR,0,2020
7209,33,Gremio,20,3,53%,469,87%,12,3,0,2,3,2021-01-31,16:01,Coritiba,Gremio,4-1-4-1,4-2-3-1,-,1,1,PR,RS,1,2020
7209,33,Coritiba,8,2,47%,407,84%,26,3,0,0,2,2021-01-31,16:01,Coritiba,Gremio,4-1-4-1,4-2-3-1,-,1,1,PR,RS,1,2020
7210,33,Fortaleza,4,1,27%,301,78%,15,1,0,2,1,2021-01-31,17:00,Atletico-MG,Fortaleza,4-2-3-1,5-4-1,Atletico-MG,2,0,MG,CE,0,2020
7210,33,Atletico-MG,12,5,73%,787,91%,16,0,0,3,5,2021-01-31,17:00,Atletico-MG,Fortaleza,4-2-3-1,5-4-1,Atletico-MG,2,0,MG,CE,3,2020
7211,33,Bragantino,16,6,64%,538,84%,12,0,0,0,7,2021-01-31,18:15,Internacional,Bragantino,4-1-4-1,4-3-3,Internacional,2,1,RS,SP,0,2020
7211,33,Internacional,12,3,36%,308,73%,11,3,0,0,3,2021-01-31,18:15,Internacional,Bragantino,4-1-4-1,4-3-3,Internacional,2,1,RS,SP,3,2020
7212,33,Fluminense,17,6,43%,372,79%,9,1,0,1,7,2021-01-31,20:30,Fluminense,Goias,4-2-3-1,4-3-3,Fluminense,3,0,RJ,GO,3,2020
7212,33,Goias,12,0,57%,490,83%,15,2,0,0,2,2021-01-31,20:30,Fluminense,Goias,4-2-3-1,4-3-3,Fluminense,3,0,RJ,GO,0,2020
7213,33,Flamengo,21,9,62%,563,87%,20,2,0,1,6,2021-02-01,19:59,Sport,Flamengo,4-2-3-1,4-4-2,Flamengo,0,3,PE,RJ,3,2020
7213,33,Sport,8,2,38%,349,81%,15,2,0,0,2,2021-02-01,19:59,Sport,Flamengo,4-2-3-1,4-4-2,Flamengo,0,3,PE,RJ,0,2020
7214,33,Palmeiras,17,2,54%,437,87%,16,2,0,1,12,2021-02-02,16:00,Palmeiras,Botafogo-RJ,4-2-3-1,4-4-2,-,1,1,SP,RJ,1,2020
7214,33,Botafogo-RJ,18,3,46%,388,83%,10,1,0,0,6,2021-02-02,16:00,Palmeiras,Botafogo-RJ,4-2-3-1,4-4-2,-,1,1,SP,RJ,1,2020
7216,34,Santos,9,6,37%,313,79%,20,1,1,0,3,2021-02-03,15:59,Gremio,Santos,4-2-3-1,4-1-4-1,-,3,3,RS,SP,1,2020
7216,34,Gremio,17,6,63%,539,88%,12,5,0,1,5,2021-02-03,15:59,Gremio,Santos,4-2-3-1,4-1-4-1,-,3,3,RS,SP,1,2020
7217,34,Bragantino,21,10,52%,414,80%,15,3,0,2,8,2021-02-03,19:15,Bragantino,Atletico-GO,4-4-2,4-2-3-1,Bragantino,2,0,SP,GO,3,2020
7217,34,Atletico-GO,8,1,48%,388,73%,7,3,0,1,3,2021-02-03,19:15,Bragantino,Atletico-GO,4-4-2,4-2-3-1,Bragantino,2,0,SP,GO,0,2020
7218,34,Corinthians,18,7,35%,305,73%,18,0,0,2,8,2021-02-03,21:30,Corinthians,Ceara,4-2-3-1,4-2-3-1,Corinthians,2,1,SP,CE,3,2020
7218,34,Ceara,7,1,65%,561,83%,14,0,0,2,3,2021-02-03,21:30,Corinthians,Ceara,4-2-3-1,4-2-3-1,Corinthians,2,1,SP,CE,0,2020
7219,34,Goias,3,1,23%,249,67%,13,3,0,2,1,2021-02-03,21:30,Goias,Atletico-MG,5-3-2,3-5-2,Goias,1,0,GO,MG,3,2020
7219,34,Atletico-MG,19,2,77%,819,89%,13,3,0,4,8,2021-02-03,21:30,Goias,Atletico-MG,5-3-2,3-5-2,Goias,1,0,GO,MG,0,2020
7220,34,Bahia,12,6,55%,521,88%,15,1,0,0,4,2021-02-03,21:30,Bahia,Fluminense,4-1-4-1,4-2-3-1,Fluminense,0,1,BA,RJ,0,2020
7220,34,Fluminense,13,6,45%,435,85%,11,1,0,2,1,2021-02-03,21:30,Bahia,Fluminense,4-1-4-1,4-2-3-1,Fluminense,0,1,BA,RJ,3,2020
7221,34,Fortaleza,15,7,54%,400,83%,18,2,0,0,4,2021-02-04,18:30,Fortaleza,Coritiba,4-2-3-1,5-4-1,Fortaleza,3,1,CE,PR,3,2020
7221,34,Coritiba,5,2,46%,345,82%,15,3,2,3,4,2021-02-04,18:30,Fortaleza,Coritiba,4-2-3-1,5-4-1,Fortaleza,3,1,CE,PR,0,2020
7222,34,Flamengo,17,6,61%,530,86%,19,1,0,0,7,2021-02-04,20:59,Flamengo,Vasco,4-4-2,4-1-4-1,Flamengo,2,0,RJ,RJ,3,2020
7222,34,Vasco,6,3,39%,346,82%,15,3,0,1,5,2021-02-04,20:59,Flamengo,Vasco,4-4-2,4-1-4-1,Flamengo,2,0,RJ,RJ,0,2020
7223,34,Internacional,5,1,30%,256,73%,20,2,0,1,2,2021-02-04,21:00,Athletico-PR,Internacional,4-2-2-2,4-1-4-1,-,0,0,PR,RS,1,2020
7223,34,Athletico-PR,12,4,70%,587,86%,15,3,0,2,3,2021-02-04,21:00,Athletico-PR,Internacional,4-2-2-2,4-1-4-1,-,0,0,PR,RS,1,2020
7224,34,Botafogo-RJ,25,6,66%,542,85%,11,1,0,3,10,2021-02-05,20:00,Botafogo-RJ,Sport,4-4-2,4-4-2,Sport,0,1,RJ,PE,0,2020
7224,34,Sport,10,2,34%,284,69%,19,3,0,0,8,2021-02-05,20:00,Botafogo-RJ,Sport,4-4-2,4-4-2,Sport,0,1,RJ,PE,3,2020
7226,35,Goias,17,6,53%,422,82%,13,4,0,1,1,2021-02-06,19:00,Bahia,Goias,4-3-3,3-5-2,-,3,3,BA,GO,1,2020
7226,35,Bahia,9,7,47%,379,77%,18,3,1,1,8,2021-02-06,19:00,Bahia,Goias,4-3-3,3-5-2,-,3,3,BA,GO,1,2020
7227,35,Santos,18,3,70%,493,86%,13,2,0,4,10,2021-02-06,21:00,Atletico-GO,Santos,4-2-3-1,4-2-3-1,-,1,1,GO,SP,1,2020
7227,35,Atletico-GO,8,3,30%,233,64%,18,2,1,1,0,2021-02-06,21:00,Atletico-GO,Santos,4-2-3-1,4-2-3-1,-,1,1,GO,SP,1,2020
7228,35,Flamengo,15,7,55%,433,77%,16,2,0,4,4,2021-02-07,20:30,Bragantino,Flamengo,4-3-3,4-4-2,-,1,1,SP,RJ,1,2020
7228,35,Bragantino,12,5,45%,360,77%,20,4,0,1,5,2021-02-07,20:30,Bragantino,Flamengo,4-3-3,4-4-2,-,1,1,SP,RJ,1,2020
7229,35,Gremio,13,7,54%,468,86%,18,0,0,1,2,2021-02-08,20:00,Botafogo-RJ,Gremio,4-4-2,4-2-3-1,Gremio,2,5,RJ,RS,3,2020
7229,35,Botafogo-RJ,18,6,46%,409,86%,14,0,0,1,5,2021-02-08,20:00,Botafogo-RJ,Gremio,4-4-2,4-2-3-1,Gremio,2,5,RJ,RS,0,2020
7230,35,Sport,7,2,40%,377,79%,11,3,0,1,3,2021-02-10,19:00,Internacional,Sport,4-1-4-1,3-4-2-1,Sport,1,2,RS,PE,3,2020
7230,35,Internacional,17,2,60%,530,86%,12,2,2,0,7,2021-02-10,19:00,Internacional,Sport,4-1-4-1,3-4-2-1,Sport,1,2,RS,PE,0,2020
7231,35,Vasco,12,1,57%,487,87%,14,3,0,1,7,2021-02-10,19:15,Fortaleza,Vasco,4-2-3-1,4-2-3-1,Fortaleza,3,0,CE,RJ,0,2020
7231,35,Fortaleza,17,7,43%,390,82%,15,2,0,1,5,2021-02-10,19:15,Fortaleza,Vasco,4-2-3-1,4-2-3-1,Fortaleza,3,0,CE,RJ,3,2020
7232,35,Ceara,8,2,38%,338,78%,17,4,0,2,4,2021-02-10,21:01,Sao Paulo,Ceara,4-4-2,4-2-3-1,-,1,1,SP,CE,1,2020
7232,35,Sao Paulo,18,9,62%,518,84%,11,4,0,2,8,2021-02-10,21:01,Sao Paulo,Ceara,4-4-2,4-2-3-1,-,1,1,SP,CE,1,2020
7233,35,Fluminense,10,3,27%,308,76%,8,0,0,3,6,2021-02-10,21:30,Fluminense,Atletico-MG,4-2-3-1,3-4-3,-,0,0,RJ,MG,1,2020
7233,35,Atletico-MG,8,1,73%,848,89%,13,1,0,1,6,2021-02-10,21:30,Fluminense,Atletico-MG,4-2-3-1,3-4-3,-,0,0,RJ,MG,1,2020
7234,35,Athletico-PR,12,7,56%,530,86%,12,0,0,0,2,2021-02-10,21:30,Corinthians,Athletico-PR,4-2-3-1,4-2-2-2,-,3,3,SP,PR,1,2020
7234,35,Corinthians,17,8,44%,420,82%,19,3,0,1,3,2021-02-10,21:30,Corinthians,Athletico-PR,4-2-3-1,4-2-2-2,-,3,3,SP,PR,1,2020
7236,36,Goias,11,7,54%,415,84%,22,4,0,2,2,2021-02-13,17:00,Goias,Botafogo-RJ,4-4-2,3-5-2,Goias,2,0,GO,RJ,3,2020
7236,36,Botafogo-RJ,11,3,46%,351,82%,26,3,1,2,5,2021-02-13,17:00,Goias,Botafogo-RJ,4-4-2,3-5-2,Goias,2,0,GO,RJ,0,2020
7237,36,Bahia,13,5,28%,298,77%,9,1,0,1,2,2021-02-13,19:00,Atletico-MG,Bahia,3-4-3,5-3-2,-,1,1,MG,BA,1,2020
7237,36,Atletico-MG,21,4,72%,745,90%,10,1,0,1,6,2021-02-13,19:00,Atletico-MG,Bahia,3-4-3,5-3-2,-,1,1,MG,BA,1,2020
7238,36,Santos,17,6,57%,472,85%,15,0,0,3,7,2021-02-13,19:00,Santos,Coritiba,4-3-3,4-4-2,Santos,2,0,SP,PR,3,2020
7238,36,Coritiba,8,3,43%,362,83%,16,4,0,1,3,2021-02-13,19:00,Santos,Coritiba,4-3-3,4-4-2,Santos,2,0,SP,PR,0,2020
7239,36,Corinthians,11,3,34%,307,73%,16,5,0,1,3,2021-02-14,16:00,Flamengo,Corinthians,4-4-2,4-2-3-1,Flamengo,2,1,RJ,SP,0,2020
7239,36,Flamengo,14,5,66%,597,85%,21,1,0,4,4,2021-02-14,16:00,Flamengo,Corinthians,4-4-2,4-2-3-1,Flamengo,2,1,RJ,SP,3,2020
7240,36,Internacional,16,7,35%,257,71%,20,6,0,0,9,2021-02-14,16:00,Vasco,Internacional,4-2-3-1,4-1-4-1,Internacional,0,2,RJ,RS,3,2020
7240,36,Vasco,8,0,65%,460,83%,9,1,0,2,3,2021-02-14,16:00,Vasco,Internacional,4-2-3-1,4-1-4-1,Internacional,0,2,RJ,RS,0,2020
7241,36,Atletico-GO,11,4,40%,306,79%,9,1,0,3,4,2021-02-14,18:14,Athletico-PR,Atletico-GO,4-2-3-1,4-2-3-1,Athletico-PR,2,1,PR,GO,0,2020
7241,36,Athletico-PR,8,3,60%,453,86%,14,3,0,4,7,2021-02-14,18:14,Athletico-PR,Atletico-GO,4-2-3-1,4-2-3-1,Athletico-PR,2,1,PR,GO,3,2020
7242,36,Palmeiras,13,6,68%,611,90%,16,0,0,4,3,2021-02-14,18:15,Palmeiras,Fortaleza,3-4-2-1,4-2-3-1,Palmeiras,3,0,SP,CE,3,2020
7242,36,Fortaleza,5,1,32%,281,72%,11,3,0,0,4,2021-02-14,18:15,Palmeiras,Fortaleza,3-4-2-1,4-2-3-1,Palmeiras,3,0,SP,CE,0,2020
7243,36,Sao Paulo,11,4,48%,492,87%,18,4,0,0,2,2021-02-14,20:29,Gremio,Sao Paulo,4-2-3-1,4-4-2,Sao Paulo,1,2,RS,SP,3,2020
7243,36,Gremio,5,3,52%,520,86%,19,4,1,0,5,2021-02-14,20:29,Gremio,Sao Paulo,4-2-3-1,4-4-2,Sao Paulo,1,2,RS,SP,0,2020
7244,36,Fluminense,9,4,48%,429,82%,8,1,0,0,0,2021-02-15,17:59,Ceara,Fluminense,4-2-3-1,4-2-3-1,Fluminense,1,3,CE,RJ,3,2020
7244,36,Ceara,13,5,52%,435,85%,18,1,0,0,9,2021-02-15,17:59,Ceara,Fluminense,4-2-3-1,4-2-3-1,Fluminense,1,3,CE,RJ,0,2020
7245,36,Bragantino,22,6,69%,580,84%,10,0,0,1,15,2021-02-15,20:00,Sport,Bragantino,3-4-2-1,4-1-4-1,-,0,0,PE,SP,1,2020
7245,36,Sport,4,0,31%,273,65%,8,3,0,0,1,2021-02-15,20:00,Sport,Bragantino,3-4-2-1,4-1-4-1,-,0,0,PE,SP,1,2020
7215,33,Corinthians,11,4,54%,417,81%,25,0,0,2,5,2021-02-17,18:59,Santos,Corinthians,4-3-3,4-2-3-1,Santos,1,0,SP,SP,0,2020
7215,33,Santos,11,5,46%,368,78%,24,0,0,2,6,2021-02-17,18:59,Santos,Corinthians,4-3-3,4-2-3-1,Santos,1,0,SP,SP,3,2020
7235,35,Palmeiras,15,4,53%,434,83%,20,3,1,3,4,2021-02-17,19:30,Coritiba,Palmeiras,4-5-1,4-2-3-1,Coritiba,1,0,PR,SP,0,2020
7235,35,Coritiba,13,4,47%,381,82%,16,2,0,1,5,2021-02-17,19:30,Coritiba,Palmeiras,4-5-1,4-2-3-1,Coritiba,1,0,PR,SP,3,2020
7225,34,Sao Paulo,7,3,42%,314,75%,16,2,0,3,1,2021-02-19,21:31,Sao Paulo,Palmeiras,4-4-2,4-2-3-1,-,1,1,SP,SP,1,2020
7225,34,Palmeiras,8,2,58%,431,83%,14,1,0,3,5,2021-02-19,21:31,Sao Paulo,Palmeiras,4-4-2,4-2-3-1,-,1,1,SP,SP,1,2020
7246,37,Coritiba,16,5,63%,573,88%,14,1,0,2,7,2021-02-20,18:30,Coritiba,Ceara,4-3-3,4-2-3-1,Ceara,0,2,PR,CE,0,2020
7246,37,Ceara,11,4,37%,336,76%,9,0,0,1,5,2021-02-20,18:30,Coritiba,Ceara,4-3-3,4-2-3-1,Ceara,0,2,PR,CE,3,2020
7247,37,Fortaleza,11,3,61%,547,90%,15,3,1,0,2,2021-02-20,21:00,Fortaleza,Bahia,4-2-3-1,4-3-3,Bahia,0,4,CE,BA,0,2020
7247,37,Bahia,12,7,39%,353,84%,13,3,0,1,0,2021-02-20,21:00,Fortaleza,Bahia,4-2-3-1,4-3-3,Bahia,0,4,CE,BA,3,2020
7249,37,Vasco,7,0,32%,279,71%,18,2,0,6,4,2021-02-21,16:00,Corinthians,Vasco,4-2-3-1,4-1-4-1,-,0,0,SP,RJ,1,2020
7249,37,Corinthians,14,4,68%,587,85%,23,1,0,1,7,2021-02-21,16:00,Corinthians,Vasco,4-2-3-1,4-1-4-1,-,0,0,SP,RJ,1,2020
7248,37,Sport,9,3,39%,372,79%,16,4,0,0,2,2021-02-21,16:01,Sport,Atletico-MG,5-4-1,4-3-3,Atletico-MG,2,3,PE,MG,0,2020
7248,37,Atletico-MG,25,10,61%,585,87%,13,4,0,0,4,2021-02-21,16:01,Sport,Atletico-MG,5-4-1,4-3-3,Atletico-MG,2,3,PE,MG,3,2020
7250,37,Internacional,12,3,40%,302,75%,14,0,1,0,4,2021-02-21,16:02,Flamengo,Internacional,4-4-2,4-1-4-1,Flamengo,2,1,RJ,RS,0,2020
7250,37,Flamengo,10,4,60%,456,86%,21,4,0,3,1,2021-02-21,16:02,Flamengo,Internacional,4-4-2,4-1-4-1,Flamengo,2,1,RJ,RS,3,2020
7251,37,Fluminense,7,3,38%,281,75%,19,4,1,1,4,2021-02-21,18:14,Santos,Fluminense,4-3-3,4-2-3-1,-,1,1,SP,RJ,1,2020
7251,37,Santos,8,2,62%,454,84%,20,3,0,1,4,2021-02-21,18:14,Santos,Fluminense,4-3-3,4-2-3-1,-,1,1,SP,RJ,1,2020
7252,37,Athletico-PR,8,2,50%,465,85%,17,1,2,4,2,2021-02-21,18:15,Gremio,Athletico-PR,4-3-3,4-2-2-2,Gremio,1,0,RS,PR,0,2020
7252,37,Gremio,11,2,50%,463,86%,19,3,0,1,2,2021-02-21,18:15,Gremio,Athletico-PR,4-3-3,4-2-2-2,Gremio,1,0,RS,PR,3,2020
7253,37,Goias,14,1,43%,317,69%,18,2,0,1,3,2021-02-21,20:30,Goias,Bragantino,3-5-2,4-3-3,-,0,0,GO,SP,1,2020
7253,37,Bragantino,14,5,57%,405,77%,20,0,0,1,11,2021-02-21,20:30,Goias,Bragantino,3-5-2,4-3-3,-,0,0,GO,SP,1,2020
7254,37,Palmeiras,19,4,64%,543,87%,20,2,0,0,9,2021-02-22,18:00,Palmeiras,Atletico-GO,4-2-3-1,4-2-3-1,-,1,1,SP,GO,1,2020
7254,37,Atletico-GO,9,3,36%,307,75%,13,1,0,1,6,2021-02-22,18:00,Palmeiras,Atletico-GO,4-2-3-1,4-2-3-1,-,1,1,SP,GO,1,2020
7255,37,Sao Paulo,7,1,53%,457,83%,15,5,1,0,3,2021-02-22,19:59,Botafogo-RJ,Sao Paulo,4-4-2,4-4-2,Botafogo-RJ,1,0,RJ,SP,0,2020
7255,37,Botafogo-RJ,19,8,47%,428,85%,12,3,0,2,4,2021-02-22,19:59,Botafogo-RJ,Sao Paulo,4-4-2,4-4-2,Botafogo-RJ,1,0,RJ,SP,3,2020
7264,38,Vasco,27,12,48%,390,85%,12,1,0,2,9,2021-02-25,21:29,Vasco,Goias,4-1-4-1,4-4-2,Vasco,3,2,RJ,GO,3,2020
7264,38,Goias,20,5,52%,405,84%,18,2,0,2,6,2021-02-25,21:29,Vasco,Goias,4-1-4-1,4-4-2,Vasco,3,2,RJ,GO,0,2020
7256,38,Bragantino,19,6,56%,471,82%,24,4,0,1,3,2021-02-25,21:30,Bragantino,Gremio,4-3-3,4-2-3-1,Bragantino,1,0,SP,RS,3,2020
7256,38,Gremio,15,2,44%,370,79%,12,0,0,0,7,2021-02-25,21:30,Bragantino,Gremio,4-3-3,4-2-3-1,Bragantino,1,0,SP,RS,0,2020
7257,38,Bahia,16,5,48%,447,85%,11,0,0,2,4,2021-02-25,21:30,Bahia,Santos,3-4-2-1,4-4-1-1,Bahia,2,0,BA,SP,3,2020
7257,38,Santos,15,5,52%,475,88%,13,0,0,1,4,2021-02-25,21:30,Bahia,Santos,3-4-2-1,4-4-1-1,Bahia,2,0,BA,SP,0,2020
7258,38,Sport,15,4,44%,362,80%,10,1,0,2,5,2021-02-25,21:30,Athletico-PR,Sport,4-2-2-2,5-4-1,Athletico-PR,2,0,PR,PE,0,2020
7258,38,Athletico-PR,18,8,56%,480,83%,15,0,0,2,8,2021-02-25,21:30,Athletico-PR,Sport,4-2-2-2,5-4-1,Athletico-PR,2,0,PR,PE,3,2020
7259,38,Atletico-GO,18,7,56%,556,87%,8,0,0,1,7,2021-02-25,21:30,Atletico-GO,Coritiba,4-2-3-1,5-4-1,Atletico-GO,3,1,GO,PR,3,2020
7259,38,Coritiba,9,1,44%,435,82%,9,1,0,1,4,2021-02-25,21:30,Atletico-GO,Coritiba,4-2-3-1,5-4-1,Atletico-GO,3,1,GO,PR,0,2020
7261,38,Ceara,12,6,47%,469,86%,7,2,1,0,5,2021-02-25,21:30,Ceara,Botafogo-RJ,4-2-3-1,4-2-3-1,Ceara,2,1,CE,RJ,3,2020
7261,38,Botafogo-RJ,17,3,53%,505,90%,4,0,0,2,7,2021-02-25,21:30,Ceara,Botafogo-RJ,4-2-3-1,4-2-3-1,Ceara,2,1,CE,RJ,0,2020
7263,38,Palmeiras,9,4,48%,424,80%,17,0,0,1,4,2021-02-25,21:30,Atletico-MG,Palmeiras,4-4-2,4-1-3-2,Atletico-MG,2,0,MG,SP,0,2020
7263,38,Atletico-MG,19,8,52%,451,89%,22,3,0,5,5,2021-02-25,21:30,Atletico-MG,Palmeiras,4-4-2,4-1-3-2,Atletico-MG,2,0,MG,SP,3,2020
7265,38,Fortaleza,9,2,52%,422,85%,12,0,0,1,5,2021-02-25,21:30,Fluminense,Fortaleza,4-2-3-1,4-2-3-1,Fluminense,2,0,RJ,CE,0,2020
7265,38,Fluminense,9,3,48%,401,86%,10,0,0,0,3,2021-02-25,21:30,Fluminense,Fortaleza,4-2-3-1,4-2-3-1,Fluminense,2,0,RJ,CE,3,2020
7260,38,Corinthians,6,1,47%,393,73%,16,2,0,1,5,2021-02-25,21:31,Internacional,Corinthians,4-1-4-1,4-2-3-1,-,0,0,RS,SP,1,2020
7260,38,Internacional,16,5,53%,418,80%,13,0,0,6,12,2021-02-25,21:31,Internacional,Corinthians,4-1-4-1,4-2-3-1,-,0,0,RS,SP,1,2020
7262,38,Sao Paulo,4,2,36%,305,74%,27,6,0,0,1,2021-02-25,21:31,Sao Paulo,Flamengo,3-5-2,4-4-2,Sao Paulo,2,1,SP,RJ,3,2020
7262,38,Flamengo,20,1,64%,510,84%,24,3,0,2,7,2021-02-25,21:31,Sao Paulo,Flamengo,3-5-2,4-4-2,Sao Paulo,2,1,SP,RJ,0,2020
7266,1,Juventude,7,3,40%,342,77%,14,3,0,1,1,2021-05-29,19:00,Cuiaba,Juventude,4-3-3,4-2-3-1,-,2,2,MT,RS,1,2021
7266,1,Cuiaba,14,2,60%,490,85%,14,1,0,0,9,2021-05-29,19:00,Cuiaba,Juventude,4-3-3,4-2-3-1,-,2,2,MT,RS,1,2021
7267,1,Bahia,5,3,34%,304,75%,18,3,0,2,4,2021-05-29,20:00,Bahia,Santos,4-3-3,4-3-3,Bahia,3,0,BA,SP,3,2021
7267,1,Santos,12,4,66%,563,88%,9,3,0,2,11,2021-05-29,20:00,Bahia,Santos,4-3-3,4-3-3,Bahia,3,0,BA,SP,0,2021
7268,1,Fluminense,11,5,28%,251,70%,12,2,0,2,5,2021-05-29,21:00,Sao Paulo,Fluminense,3-5-2,4-2-3-1,-,0,0,SP,RJ,1,2021
7268,1,Sao Paulo,7,3,72%,636,87%,10,1,0,2,4,2021-05-29,21:00,Sao Paulo,Fluminense,3-5-2,4-2-3-1,-,0,0,SP,RJ,1,2021
7269,1,Fortaleza,18,5,45%,329,82%,19,4,0,3,4,2021-05-30,11:01,Atletico-MG,Fortaleza,4-2-3-1,3-5-2,Fortaleza,1,2,MG,CE,3,2021
7269,1,Atletico-MG,13,4,55%,398,81%,16,2,0,2,5,2021-05-30,11:01,Atletico-MG,Fortaleza,4-2-3-1,3-5-2,Fortaleza,1,2,MG,CE,0,2021
7271,1,Gremio,12,3,65%,520,83%,18,3,0,0,4,2021-05-30,15:59,Ceara,Gremio,4-2-3-1,4-3-3,Ceara,3,2,CE,RS,0,2021
7271,1,Ceara,12,6,35%,277,70%,17,3,0,2,5,2021-05-30,15:59,Ceara,Gremio,4-2-3-1,4-3-3,Ceara,3,2,CE,RS,3,2021
7270,1,Flamengo,14,10,62%,503,87%,25,2,0,0,3,2021-05-30,16:00,Flamengo,Palmeiras,4-2-3-1,3-5-2,Flamengo,1,0,RJ,SP,3,2021
7270,1,Palmeiras,12,5,38%,300,81%,21,3,0,3,4,2021-05-30,16:00,Flamengo,Palmeiras,4-2-3-1,3-5-2,Flamengo,1,0,RJ,SP,0,2021
7273,1,Chapecoense,10,2,43%,428,79%,9,1,0,0,5,2021-05-30,18:14,Chapecoense,Bragantino,4-3-2-1,4-2-3-1,Bragantino,0,3,SC,SP,0,2021
7273,1,Bragantino,18,8,57%,552,87%,12,0,0,2,7,2021-05-30,18:14,Chapecoense,Bragantino,4-3-2-1,4-2-3-1,Bragantino,0,3,SC,SP,3,2021
7272,1,Atletico-GO,7,2,39%,351,72%,14,3,0,5,3,2021-05-30,18:15,Corinthians,Atletico-GO,4-2-3-1,4-2-3-1,Atletico-GO,0,1,SP,GO,3,2021
7272,1,Corinthians,15,6,61%,518,83%,18,5,0,1,10,2021-05-30,18:15,Corinthians,Atletico-GO,4-2-3-1,4-2-3-1,Atletico-GO,0,1,SP,GO,0,2021
7274,1,Athletico-PR,11,5,57%,557,83%,18,1,0,0,3,2021-05-30,18:16,Athletico-PR,America-MG,4-2-3-1,4-1-4-1,Athletico-PR,1,0,PR,MG,3,2021
7274,1,America-MG,14,4,43%,429,81%,9,2,0,0,1,2021-05-30,18:16,Athletico-PR,America-MG,4-2-3-1,4-1-4-1,Athletico-PR,1,0,PR,MG,0,2021
7275,1,Internacional,11,4,57%,485,86%,24,4,0,0,6,2021-05-30,20:30,Internacional,Sport,4-3-3,4-2-3-1,-,2,2,RS,PE,1,2021
7275,1,Sport,8,5,43%,362,82%,15,2,0,2,1,2021-05-30,20:30,Internacional,Sport,4-3-3,4-2-3-1,-,2,2,RS,PE,1,2021
7276,2,Sao Paulo,14,3,62%,459,85%,14,5,0,1,12,2021-06-05,19:00,Atletico-GO,Sao Paulo,4-2-3-1,3-5-2,Atletico-GO,2,0,GO,SP,0,2021
7276,2,Atletico-GO,9,4,38%,291,74%,16,4,0,1,3,2021-06-05,19:00,Atletico-GO,Sao Paulo,4-2-3-1,3-5-2,Atletico-GO,2,0,GO,SP,3,2021
7277,2,Ceara,6,3,43%,419,82%,19,1,0,3,1,2021-06-05,20:59,Santos,Ceara,4-2-3-1,4-4-2,Santos,3,1,SP,CE,0,2021
7277,2,Santos,15,5,57%,548,84%,18,3,0,1,4,2021-06-05,20:59,Santos,Ceara,4-2-3-1,4-4-2,Santos,3,1,SP,CE,3,2021
7278,2,Bahia,9,3,39%,295,72%,13,4,0,3,2,2021-06-05,20:59,Bragantino,Bahia,4-4-2,4-3-3,-,3,3,SP,BA,1,2021
7278,2,Bragantino,24,6,61%,442,83%,12,2,0,1,9,2021-06-05,20:59,Bragantino,Bahia,4-4-2,4-3-3,-,3,3,SP,BA,1,2021
7279,2,Fluminense,8,3,44%,394,84%,22,2,0,0,0,2021-06-06,11:00,Fluminense,Cuiaba,4-1-4-1,4-2-3-1,Fluminense,1,0,RJ,MT,3,2021
7279,2,Cuiaba,10,4,56%,489,84%,15,1,0,4,1,2021-06-06,11:00,Fluminense,Cuiaba,4-1-4-1,4-2-3-1,Fluminense,1,0,RJ,MT,0,2021
7280,2,Corinthians,6,4,44%,386,77%,19,3,0,0,4,2021-06-06,16:00,America-MG,Corinthians,4-4-1-1,4-1-4-1,Corinthians,0,1,MG,SP,3,2021
7280,2,America-MG,10,4,56%,483,81%,12,2,0,4,6,2021-06-06,16:00,America-MG,Corinthians,4-4-1-1,4-1-4-1,Corinthians,0,1,MG,SP,0,2021
7281,2,Fortaleza,14,8,52%,378,80%,19,1,0,2,1,2021-06-06,16:00,Fortaleza,Internacional,3-4-1-2,4-3-3,Fortaleza,5,1,CE,RS,3,2021
7281,2,Internacional,5,3,48%,353,81%,21,4,2,1,4,2021-06-06,16:00,Fortaleza,Internacional,3-4-1-2,4-3-3,Fortaleza,5,1,CE,RS,0,2021
7283,2,Chapecoense,6,4,33%,279,76%,11,0,0,2,3,2021-06-06,18:14,Palmeiras,Chapecoense,4-3-3,4-3-3,Palmeiras,3,1,SP,SC,0,2021
7283,2,Palmeiras,17,4,67%,550,88%,10,2,0,1,5,2021-06-06,18:14,Palmeiras,Chapecoense,4-3-3,4-3-3,Palmeiras,3,1,SP,SC,3,2021
7282,2,Juventude,13,1,59%,519,88%,14,0,0,1,5,2021-06-06,18:15,Juventude,Athletico-PR,4-2-3-1,4-4-2,Athletico-PR,0,3,RS,PR,0,2021
7282,2,Athletico-PR,11,5,41%,366,82%,27,2,0,3,1,2021-06-06,18:15,Juventude,Athletico-PR,4-2-3-1,4-4-2,Athletico-PR,0,3,RS,PR,3,2021
7284,2,Sport,8,1,48%,448,88%,18,3,0,1,4,2021-06-06,20:29,Sport,Atletico-MG,4-2-3-1,4-2-3-1,Atletico-MG,0,1,PE,MG,0,2021
7284,2,Atletico-MG,10,1,52%,474,87%,15,2,0,0,7,2021-06-06,20:29,Sport,Atletico-MG,4-2-3-1,4-2-3-1,Atletico-MG,0,1,PE,MG,3,2021
7286,3,Juventude,2,0,24%,236,70%,20,3,0,3,0,2021-06-12,19:00,Santos,Juventude,4-3-3,4-4-2,-,0,0,SP,RS,1,2021
7286,3,Santos,18,2,76%,703,89%,14,2,0,0,8,2021-06-12,19:00,Santos,Juventude,4-3-3,4-4-2,-,0,0,SP,RS,1,2021
7287,3,Palmeiras,12,3,52%,491,85%,14,3,0,4,4,2021-06-12,19:00,Palmeiras,Corinthians,4-3-3,4-1-4-1,-,1,1,SP,SP,1,2021
7287,3,Corinthians,9,4,48%,458,85%,14,0,0,2,4,2021-06-12,19:00,Palmeiras,Corinthians,4-3-3,4-1-4-1,-,1,1,SP,SP,1,2021
7288,3,Sao Paulo,5,0,58%,514,87%,22,1,0,1,5,2021-06-13,15:58,Atletico-MG,Sao Paulo,4-2-3-1,3-5-2,Atletico-MG,1,0,MG,SP,0,2021
7288,3,Atletico-MG,9,2,42%,382,84%,14,0,0,2,4,2021-06-13,15:58,Atletico-MG,Sao Paulo,4-2-3-1,3-5-2,Atletico-MG,1,0,MG,SP,3,2021
7289,3,Athletico-PR,9,4,36%,350,78%,12,4,0,0,4,2021-06-13,16:00,Gremio,Athletico-PR,4-2-3-1,5-4-1,Athletico-PR,0,1,RS,PR,3,2021
7289,3,Gremio,10,1,64%,610,87%,21,5,0,0,6,2021-06-13,16:00,Gremio,Athletico-PR,4-2-3-1,5-4-1,Athletico-PR,0,1,RS,PR,0,2021
7290,3,Flamengo,20,6,65%,672,88%,17,0,0,3,4,2021-06-13,16:00,Flamengo,America-MG,4-2-3-1,4-1-4-1,Flamengo,2,0,RJ,MG,3,2021
7290,3,America-MG,9,1,35%,366,77%,18,0,0,1,2,2021-06-13,16:00,Flamengo,America-MG,4-2-3-1,4-1-4-1,Flamengo,2,0,RJ,MG,0,2021
7292,3,Sport,5,0,41%,337,74%,16,3,1,0,3,2021-06-13,20:29,Fortaleza,Sport,3-4-1-2,4-2-3-1,Fortaleza,1,0,CE,PE,0,2021
7292,3,Fortaleza,13,7,59%,480,84%,22,3,0,2,3,2021-06-13,20:29,Fortaleza,Sport,3-4-1-2,4-2-3-1,Fortaleza,1,0,CE,PE,3,2021
7294,3,Ceara,14,6,62%,511,84%,14,2,0,1,7,2021-06-13,20:29,Chapecoense,Ceara,4-2-3-1,4-2-3-1,-,0,0,SC,CE,1,2021
7294,3,Chapecoense,8,3,38%,308,76%,16,2,0,0,2,2021-06-13,20:29,Chapecoense,Ceara,4-2-3-1,4-2-3-1,-,0,0,SC,CE,1,2021
7291,3,Internacional,6,4,33%,244,68%,16,4,1,2,5,2021-06-13,20:30,Bahia,Internacional,4-3-3,4-3-3,Internacional,0,1,BA,RS,3,2021
7291,3,Bahia,14,3,67%,490,84%,14,4,0,2,6,2021-06-13,20:30,Bahia,Internacional,4-3-3,4-3-3,Internacional,0,1,BA,RS,0,2021
7293,3,Bragantino,16,5,47%,390,78%,11,3,0,0,10,2021-06-13,20:30,Bragantino,Fluminense,4-2-3-1,4-2-3-1,-,2,2,SP,RJ,1,2021
7293,3,Fluminense,15,4,53%,437,77%,8,1,0,2,10,2021-06-13,20:30,Bragantino,Fluminense,4-2-3-1,4-2-3-1,-,2,2,SP,RJ,1,2021
7296,4,Atletico-MG,6,2,42%,437,80%,13,1,0,0,1,2021-06-16,19:00,Internacional,Atletico-MG,4-2-3-1,4-1-4-1,Atletico-MG,0,1,RS,MG,3,2021
7296,4,Internacional,11,1,58%,561,86%,13,3,0,1,8,2021-06-16,19:00,Internacional,Atletico-MG,4-2-3-1,4-1-4-1,Atletico-MG,0,1,RS,MG,0,2021
7297,4,Chapecoense,7,3,48%,419,78%,13,2,0,3,1,2021-06-16,19:00,Sao Paulo,Chapecoense,4-2-3-1,4-2-3-1,-,1,1,SP,SC,1,2021
7297,4,Sao Paulo,13,3,52%,423,83%,9,3,1,3,9,2021-06-16,19:00,Sao Paulo,Chapecoense,4-2-3-1,4-2-3-1,-,1,1,SP,SC,1,2021
7298,4,Corinthians,5,2,42%,367,77%,13,2,0,2,9,2021-06-16,20:30,Corinthians,Bragantino,4-2-3-1,4-2-3-1,Bragantino,1,2,SP,SP,0,2021
7298,4,Bragantino,21,5,58%,494,85%,15,0,0,1,12,2021-06-16,20:30,Corinthians,Bragantino,4-2-3-1,4-2-3-1,Bragantino,1,2,SP,SP,3,2021
7299,4,Juventude,11,2,42%,379,84%,11,0,0,0,7,2021-06-16,21:30,Juventude,Palmeiras,4-1-2-1-2,4-1-4-1,Palmeiras,0,3,RS,SP,0,2021
7299,4,Palmeiras,13,5,58%,527,87%,24,3,0,1,4,2021-06-16,21:30,Juventude,Palmeiras,4-1-2-1-2,4-1-4-1,Palmeiras,0,3,RS,SP,3,2021
7301,4,Ceara,13,3,62%,428,79%,19,3,0,0,7,2021-06-17,15:59,Ceara,Bahia,4-2-3-1,4-3-3,Bahia,1,2,CE,BA,0,2021
7301,4,Bahia,9,3,38%,271,64%,16,5,0,0,2,2021-06-17,15:59,Ceara,Bahia,4-2-3-1,4-3-3,Bahia,1,2,CE,BA,3,2021
7300,4,Cuiaba,8,3,43%,322,75%,16,1,0,3,2,2021-06-17,16:00,America-MG,Cuiaba,4-1-4-1,4-3-3,-,0,0,MG,MT,1,2021
7300,4,America-MG,20,6,57%,413,82%,16,1,0,2,3,2021-06-17,16:00,America-MG,Cuiaba,4-1-4-1,4-3-3,-,0,0,MG,MT,1,2021
7303,4,Fortaleza,5,1,43%,298,73%,13,1,0,6,4,2021-06-17,19:00,Atletico-GO,Fortaleza,4-2-3-1,3-4-1-2,-,0,0,GO,CE,1,2021
7303,4,Atletico-GO,9,1,57%,378,79%,18,3,0,0,9,2021-06-17,19:00,Atletico-GO,Fortaleza,4-2-3-1,3-4-1-2,-,0,0,GO,CE,1,2021
7304,4,Fluminense,9,5,29%,249,65%,14,4,0,1,2,2021-06-17,19:00,Fluminense,Santos,4-3-3,4-2-3-1,Fluminense,1,0,RJ,SP,3,2021
7304,4,Santos,18,8,71%,616,86%,9,3,0,1,9,2021-06-17,19:00,Fluminense,Santos,4-3-3,4-2-3-1,Fluminense,1,0,RJ,SP,0,2021
7302,4,Gremio,14,7,67%,600,87%,11,4,0,2,7,2021-06-17,19:01,Sport,Gremio,5-4-1,4-2-3-1,Sport,1,0,PE,RS,0,2021
7302,4,Sport,10,4,33%,301,71%,16,5,0,1,2,2021-06-17,19:01,Sport,Gremio,5-4-1,4-2-3-1,Sport,1,0,PE,RS,3,2021
7306,5,Bragantino,9,4,32%,272,76%,13,3,0,2,2,2021-06-19,21:00,Flamengo,Bragantino,4-2-3-1,4-2-3-1,Bragantino,2,3,RJ,SP,3,2021
7306,5,Flamengo,20,9,68%,561,87%,15,2,0,0,14,2021-06-19,21:00,Flamengo,Bragantino,4-2-3-1,4-2-3-1,Bragantino,2,3,RJ,SP,0,2021
7307,5,America-MG,12,5,42%,316,72%,10,4,0,3,5,2021-06-20,11:01,Palmeiras,America-MG,4-1-4-1,4-2-3-1,Palmeiras,2,1,SP,MG,0,2021
7307,5,Palmeiras,15,6,58%,422,77%,15,3,0,0,7,2021-06-20,11:01,Palmeiras,America-MG,4-1-4-1,4-2-3-1,Palmeiras,2,1,SP,MG,3,2021
7308,5,Corinthians,10,3,48%,505,83%,18,3,0,2,8,2021-06-20,15:59,Bahia,Corinthians,4-3-3,4-1-4-1,-,0,0,BA,SP,1,2021
7308,5,Bahia,12,2,52%,535,86%,10,1,0,0,3,2021-06-20,15:59,Bahia,Corinthians,4-3-3,4-1-4-1,-,0,0,BA,SP,1,2021
7309,5,Internacional,10,3,62%,407,74%,16,2,0,1,6,2021-06-20,16:00,Internacional,Ceara,4-4-2,4-2-3-1,-,1,1,RS,CE,1,2021
7309,5,Ceara,14,2,38%,252,64%,23,3,0,1,7,2021-06-20,16:00,Internacional,Ceara,4-4-2,4-2-3-1,-,1,1,RS,CE,1,2021
7311,5,Atletico-GO,10,3,51%,477,82%,15,2,0,1,3,2021-06-20,18:14,Athletico-PR,Atletico-GO,3-4-2-1,4-2-3-1,Athletico-PR,2,1,PR,GO,0,2021
7311,5,Athletico-PR,12,3,49%,440,83%,17,2,0,2,4,2021-06-20,18:14,Athletico-PR,Atletico-GO,3-4-2-1,4-2-3-1,Athletico-PR,2,1,PR,GO,3,2021
7310,5,Fluminense,4,3,37%,321,74%,17,0,0,2,3,2021-06-20,18:15,Fortaleza,Fluminense,3-4-1-2,4-2-3-1,-,1,1,CE,RJ,1,2021
7310,5,Fortaleza,16,2,63%,534,86%,14,3,0,6,7,2021-06-20,18:15,Fortaleza,Fluminense,3-4-1-2,4-2-3-1,-,1,1,CE,RJ,1,2021
7312,5,Santos,11,5,38%,271,66%,22,2,0,3,3,2021-06-20,18:15,Santos,Sao Paulo,4-2-3-1,3-1-4-2,Santos,2,0,SP,SP,3,2021
7312,5,Sao Paulo,8,1,62%,413,75%,20,4,0,2,7,2021-06-20,18:15,Santos,Sao Paulo,4-2-3-1,3-1-4-2,Santos,2,0,SP,SP,0,2021
7313,5,Sport,13,2,49%,484,84%,9,0,0,1,5,2021-06-20,20:32,Juventude,Sport,4-4-2,5-4-1,Juventude,1,0,RS,PE,0,2021
7313,5,Juventude,8,4,51%,508,84%,16,4,0,2,3,2021-06-20,20:32,Juventude,Sport,4-4-2,5-4-1,Juventude,1,0,RS,PE,3,2021
7314,5,Atletico-MG,14,2,67%,593,88%,9,1,0,0,9,2021-06-21,20:00,Atletico-MG,Chapecoense,4-3-3,4-4-2,-,1,1,MG,SC,1,2021
7314,5,Chapecoense,13,1,33%,281,72%,10,1,0,2,7,2021-06-21,20:00,Atletico-MG,Chapecoense,4-3-3,4-4-2,-,1,1,MG,SC,1,2021
7317,6,Cuiaba,5,3,34%,323,72%,14,1,0,0,2,2021-06-23,19:00,Sao Paulo,Cuiaba,3-5-2,4-5-1,-,2,2,SP,MT,1,2021
7317,6,Sao Paulo,17,7,66%,614,87%,18,1,0,3,5,2021-06-23,19:00,Sao Paulo,Cuiaba,3-5-2,4-5-1,-,2,2,SP,MT,1,2021
7318,6,Flamengo,19,7,63%,470,84%,18,1,0,1,11,2021-06-23,19:00,Flamengo,Fortaleza,4-4-2,3-4-1-2,Flamengo,2,1,RJ,CE,3,2021
7318,6,Fortaleza,10,5,37%,286,73%,15,1,0,2,2,2021-06-23,19:00,Flamengo,Fortaleza,4-4-2,3-4-1-2,Flamengo,2,1,RJ,CE,0,2021
7319,6,Palmeiras,17,5,53%,446,81%,13,3,0,1,10,2021-06-23,19:00,Bragantino,Palmeiras,4-2-3-1,3-5-2,Bragantino,3,1,SP,SP,0,2021
7319,6,Bragantino,12,6,47%,428,82%,13,3,0,1,5,2021-06-23,19:00,Bragantino,Palmeiras,4-2-3-1,3-5-2,Bragantino,3,1,SP,SP,3,2021
7316,6,Fluminense,3,2,51%,394,80%,17,3,0,4,5,2021-06-23,19:01,Atletico-GO,Fluminense,4-2-3-1,4-2-3-1,Atletico-GO,1,0,GO,RJ,0,2021
7316,6,Atletico-GO,9,2,49%,390,82%,22,3,0,0,6,2021-06-23,19:01,Atletico-GO,Fluminense,4-2-3-1,4-2-3-1,Atletico-GO,1,0,GO,RJ,3,2021
7320,6,Juventude,8,3,46%,408,82%,16,2,0,1,3,2021-06-24,16:00,America-MG,Juventude,4-2-3-1,4-2-3-1,-,1,1,MG,RS,1,2021
7320,6,America-MG,12,2,54%,459,84%,17,1,1,0,8,2021-06-24,16:00,America-MG,Juventude,4-2-3-1,4-2-3-1,-,1,1,MG,RS,1,2021
7322,6,Sport,9,3,49%,475,84%,17,3,0,0,5,2021-06-24,18:59,Corinthians,Sport,4-3-3,5-4-1,Corinthians,2,1,SP,PE,0,2021
7322,6,Corinthians,16,3,51%,502,86%,8,0,0,1,4,2021-06-24,18:59,Corinthians,Sport,4-3-3,5-4-1,Corinthians,2,1,SP,PE,3,2021
7321,6,Chapecoense,11,5,53%,366,78%,12,2,1,2,9,2021-06-24,19:00,Chapecoense,Internacional,4-3-1-2,4-2-3-1,Internacional,1,2,SC,RS,0,2021
7321,6,Internacional,25,11,47%,345,77%,19,3,2,3,9,2021-06-24,19:00,Chapecoense,Internacional,4-3-1-2,4-2-3-1,Internacional,1,2,SC,RS,3,2021
7323,6,Ceara,16,8,33%,262,67%,16,3,0,1,6,2021-06-24,19:00,Ceara,Atletico-MG,4-2-3-1,4-1-4-1,Ceara,2,1,CE,MG,3,2021
7323,6,Atletico-MG,16,6,67%,541,84%,16,4,0,5,7,2021-06-24,19:00,Ceara,Atletico-MG,4-2-3-1,4-1-4-1,Ceara,2,1,CE,MG,0,2021
7325,6,Gremio,19,6,47%,415,81%,21,2,0,2,7,2021-06-24,21:29,Gremio,Santos,4-2-3-1,4-2-3-1,-,2,2,RS,SP,1,2021
7325,6,Santos,6,3,53%,483,84%,14,3,0,2,1,2021-06-24,21:29,Gremio,Santos,4-2-3-1,4-2-3-1,-,2,2,RS,SP,1,2021
7324,6,Bahia,20,7,70%,577,86%,12,2,0,3,9,2021-06-24,21:30,Bahia,Athletico-PR,4-3-3,5-4-1,Bahia,2,1,BA,PR,3,2021
7324,6,Athletico-PR,9,4,30%,256,64%,8,1,2,1,2,2021-06-24,21:30,Bahia,Athletico-PR,4-3-3,5-4-1,Bahia,2,1,BA,PR,0,2021
7326,7,Flamengo,13,2,65%,510,72%,12,1,0,1,10,2021-06-27,11:02,Juventude,Flamengo,4-3-3,4-4-2,Juventude,1,0,RS,RJ,0,2021
7326,7,Juventude,8,4,35%,284,51%,17,2,0,4,5,2021-06-27,11:02,Juventude,Flamengo,4-3-3,4-4-2,Juventude,1,0,RS,RJ,3,2021
7327,7,Fluminense,15,5,46%,449,85%,14,3,1,1,8,2021-06-27,16:00,Fluminense,Corinthians,4-2-3-1,4-2-3-1,-,1,1,RJ,SP,1,2021
7327,7,Corinthians,10,4,54%,535,86%,11,1,0,0,5,2021-06-27,16:00,Fluminense,Corinthians,4-2-3-1,4-2-3-1,-,1,1,RJ,SP,1,2021
7329,7,Athletico-PR,18,5,62%,519,84%,12,1,0,0,6,2021-06-27,19:59,Athletico-PR,Chapecoense,5-4-1,3-4-3,-,2,2,PR,SC,1,2021
7329,7,Chapecoense,12,5,38%,313,72%,15,1,0,2,5,2021-06-27,19:59,Athletico-PR,Chapecoense,5-4-1,3-4-3,-,2,2,PR,SC,1,2021
7330,7,Gremio,18,5,58%,398,81%,13,2,1,1,10,2021-06-27,19:59,Gremio,Fortaleza,4-3-3,3-4-1-2,-,0,0,RS,CE,1,2021
7330,7,Fortaleza,15,6,42%,301,72%,12,4,0,3,5,2021-06-27,19:59,Gremio,Fortaleza,4-3-3,3-4-1-2,-,0,0,RS,CE,1,2021
7328,7,Palmeiras,19,8,58%,437,80%,10,3,0,6,7,2021-06-27,20:00,Palmeiras,Bahia,4-2-3-1,4-2-3-1,Palmeiras,3,2,SP,BA,3,2021
7328,7,Bahia,18,4,42%,331,74%,16,4,0,1,7,2021-06-27,20:00,Palmeiras,Bahia,4-2-3-1,4-2-3-1,Palmeiras,3,2,SP,BA,0,2021
7331,7,Santos,11,6,49%,406,79%,20,4,0,1,4,2021-06-27,20:30,Santos,Atletico-MG,4-3-3,4-1-4-1,Santos,2,0,SP,MG,3,2021
7331,7,Atletico-MG,11,3,51%,408,78%,16,2,1,4,6,2021-06-27,20:30,Santos,Atletico-MG,4-3-3,4-1-4-1,Santos,2,0,SP,MG,0,2021
7332,7,America-MG,13,6,40%,309,72%,16,2,0,1,5,2021-06-27,20:30,America-MG,Internacional,4-1-4-1,4-3-3,-,1,1,MG,RS,1,2021
7332,7,Internacional,10,3,60%,474,79%,20,3,0,0,5,2021-06-27,20:30,America-MG,Internacional,4-1-4-1,4-3-3,-,1,1,MG,RS,1,2021
7334,7,Ceara,18,7,36%,268,69%,20,4,0,1,3,2021-06-27,20:30,Ceara,Sao Paulo,4-2-3-1,3-1-4-2,-,1,1,CE,SP,1,2021
7334,7,Sao Paulo,11,2,64%,461,83%,12,6,0,5,6,2021-06-27,20:30,Ceara,Sao Paulo,4-2-3-1,3-1-4-2,-,1,1,CE,SP,1,2021
7333,7,Sport,8,1,44%,445,84%,11,0,0,3,3,2021-06-27,20:32,Sport,Cuiaba,4-4-2,4-1-4-1,-,0,0,PE,MT,1,2021
7333,7,Cuiaba,12,3,56%,537,86%,17,1,0,2,7,2021-06-27,20:32,Sport,Cuiaba,4-4-2,4-1-4-1,-,0,0,PE,MT,1,2021
7335,7,Bragantino,12,5,58%,468,80%,16,2,0,0,8,2021-06-28,20:00,Atletico-GO,Bragantino,4-2-3-1,4-2-3-1,Bragantino,0,1,GO,SP,3,2021
7335,7,Atletico-GO,12,2,42%,336,72%,24,2,0,1,5,2021-06-28,20:00,Atletico-GO,Bragantino,4-2-3-1,4-2-3-1,Bragantino,0,1,GO,SP,0,2021
7336,8,Fluminense,12,4,56%,517,86%,16,1,0,1,9,2021-06-30,16:00,Fluminense,Athletico-PR,4-2-3-1,4-2-3-1,Athletico-PR,1,4,RJ,PR,0,2021
7336,8,Athletico-PR,11,5,44%,430,85%,15,2,0,1,2,2021-06-30,16:00,Fluminense,Athletico-PR,4-2-3-1,4-2-3-1,Athletico-PR,1,4,RJ,PR,3,2021
7337,8,Chapecoense,9,5,36%,259,65%,24,3,0,2,7,2021-06-30,16:01,Fortaleza,Chapecoense,3-4-1-2,5-4-1,Fortaleza,3,2,CE,SC,0,2021
7337,8,Fortaleza,22,10,64%,458,82%,17,2,1,2,2,2021-06-30,16:01,Fortaleza,Chapecoense,3-4-1-2,5-4-1,Fortaleza,3,2,CE,SC,3,2021
7338,8,Palmeiras,14,6,33%,269,68%,13,2,1,1,3,2021-06-30,19:00,Internacional,Palmeiras,4-2-3-1,4-2-3-1,Palmeiras,1,2,RS,SP,3,2021
7338,8,Internacional,16,5,67%,544,85%,14,3,0,0,7,2021-06-30,19:00,Internacional,Palmeiras,4-2-3-1,4-2-3-1,Palmeiras,1,2,RS,SP,0,2021
7339,8,Bahia,20,7,72%,605,89%,6,4,0,3,8,2021-06-30,19:00,Bahia,America-MG,4-1-4-1,4-2-3-1,America-MG,3,4,BA,MG,0,2021
7339,8,America-MG,16,8,28%,238,72%,9,0,0,5,4,2021-06-30,19:00,Bahia,America-MG,4-1-4-1,4-2-3-1,America-MG,3,4,BA,MG,3,2021
7340,8,Sport,8,2,32%,286,70%,19,4,0,3,1,2021-06-30,20:30,Santos,Sport,4-3-3,4-2-3-1,-,0,0,SP,PE,1,2021
7340,8,Santos,13,1,68%,592,84%,11,1,0,1,7,2021-06-30,20:30,Santos,Sport,4-3-3,4-2-3-1,-,0,0,SP,PE,1,2021
7341,8,Sao Paulo,8,3,59%,559,85%,26,1,0,5,3,2021-06-30,21:30,Corinthians,Sao Paulo,4-2-3-1,3-1-4-2,-,0,0,SP,SP,1,2021
7341,8,Corinthians,10,3,41%,388,78%,15,1,0,1,5,2021-06-30,21:30,Corinthians,Sao Paulo,4-2-3-1,3-1-4-2,-,0,0,SP,SP,1,2021
7342,8,Gremio,13,3,70%,689,90%,12,0,0,1,6,2021-06-30,21:30,Juventude,Gremio,4-2-3-1,4-3-3,Juventude,2,0,RS,RS,0,2021
7342,8,Juventude,11,5,30%,295,74%,15,3,0,0,3,2021-06-30,21:30,Juventude,Gremio,4-2-3-1,4-3-3,Juventude,2,0,RS,RS,3,2021
7343,8,Ceara,8,3,35%,307,72%,17,2,1,2,6,2021-07-01,16:00,Bragantino,Ceara,4-2-3-1,4-2-3-1,-,0,0,SP,CE,1,2021
7343,8,Bragantino,13,2,65%,532,84%,11,1,0,0,6,2021-07-01,16:00,Bragantino,Ceara,4-2-3-1,4-2-3-1,-,0,0,SP,CE,1,2021
7344,8,Atletico-MG,19,9,46%,480,82%,13,0,0,1,4,2021-07-01,19:00,Atletico-MG,Atletico-GO,4-3-3,4-2-3-1,Atletico-MG,4,1,MG,GO,3,2021
7344,8,Atletico-GO,7,3,54%,561,84%,12,2,0,1,4,2021-07-01,19:00,Atletico-MG,Atletico-GO,4-3-3,4-2-3-1,Atletico-MG,4,1,MG,GO,0,2021
7345,8,Flamengo,12,5,57%,528,85%,26,5,0,3,5,2021-07-01,20:00,Cuiaba,Flamengo,4-5-1,4-4-2,Flamengo,0,2,MT,RJ,3,2021
7345,8,Cuiaba,9,2,43%,418,86%,18,3,0,2,1,2021-07-01,20:00,Cuiaba,Flamengo,4-5-1,4-4-2,Flamengo,0,2,MT,RJ,0,2021
7347,9,America-MG,8,4,27%,245,69%,13,4,0,4,2,2021-07-03,18:59,America-MG,Santos,4-2-2-2,4-2-3-1,America-MG,2,0,MG,SP,3,2021
7347,9,Santos,21,8,73%,636,87%,6,3,0,2,12,2021-07-03,18:59,America-MG,Santos,4-2-2-2,4-2-3-1,America-MG,2,0,MG,SP,0,2021
7346,9,Fortaleza,15,4,59%,513,84%,14,3,0,0,4,2021-07-03,19:00,Athletico-PR,Fortaleza,4-2-3-1,3-4-3,Athletico-PR,2,1,PR,CE,0,2021
7346,9,Athletico-PR,16,8,41%,364,78%,18,3,0,3,3,2021-07-03,19:00,Athletico-PR,Fortaleza,4-2-3-1,3-4-3,Athletico-PR,2,1,PR,CE,3,2021
7348,9,Corinthians,20,9,58%,540,82%,11,2,0,0,3,2021-07-03,21:00,Corinthians,Internacional,4-2-3-1,4-2-3-1,-,1,1,SP,RS,1,2021
7348,9,Internacional,7,3,42%,407,73%,17,2,0,2,2,2021-07-03,21:00,Corinthians,Internacional,4-2-3-1,4-2-3-1,-,1,1,SP,RS,1,2021
7349,9,Bahia,13,6,53%,452,79%,13,1,0,0,5,2021-07-04,11:02,Chapecoense,Bahia,4-1-4-1,4-2-3-1,Bahia,0,2,SC,BA,3,2021
7349,9,Chapecoense,7,1,47%,389,75%,14,2,0,4,9,2021-07-04,11:02,Chapecoense,Bahia,4-1-4-1,4-2-3-1,Bahia,0,2,SC,BA,0,2021
7350,9,Fluminense,11,5,33%,282,73%,15,1,0,2,5,2021-07-04,16:01,Flamengo,Fluminense,4-4-2,4-2-3-1,Fluminense,0,1,RJ,RJ,3,2021
7350,9,Flamengo,21,4,67%,579,88%,11,2,0,0,6,2021-07-04,16:01,Flamengo,Fluminense,4-4-2,4-2-3-1,Fluminense,0,1,RJ,RJ,0,2021
7351,9,Palmeiras,14,5,51%,436,83%,13,1,0,1,6,2021-07-04,16:01,Sport,Palmeiras,4-2-3-1,4-2-3-1,Palmeiras,0,1,PE,SP,3,2021
7351,9,Sport,13,1,49%,414,85%,23,2,0,0,3,2021-07-04,16:01,Sport,Palmeiras,4-2-3-1,4-2-3-1,Palmeiras,0,1,PE,SP,0,2021
7353,9,Bragantino,12,5,52%,483,81%,14,2,0,1,7,2021-07-04,18:14,Sao Paulo,Bragantino,3-4-1-2,4-2-3-1,Bragantino,1,2,SP,SP,3,2021
7353,9,Sao Paulo,9,6,48%,452,78%,25,1,0,2,4,2021-07-04,18:14,Sao Paulo,Bragantino,3-4-1-2,4-2-3-1,Bragantino,1,2,SP,SP,0,2021
7352,9,Ceara,12,5,64%,530,84%,23,2,0,0,4,2021-07-04,18:15,Ceara,Juventude,4-2-3-1,4-2-3-1,Ceara,2,0,CE,RS,3,2021
7352,9,Juventude,4,3,36%,302,71%,15,1,1,0,3,2021-07-04,18:15,Ceara,Juventude,4-2-3-1,4-2-3-1,Ceara,2,0,CE,RS,0,2021
7354,9,Atletico-MG,4,1,40%,387,80%,15,2,0,2,1,2021-07-04,18:15,Cuiaba,Atletico-MG,4-4-2,4-2-3-1,Atletico-MG,0,1,MT,MG,3,2021
7354,9,Cuiaba,11,4,60%,564,87%,14,5,0,2,5,2021-07-04,18:15,Cuiaba,Atletico-MG,4-4-2,4-2-3-1,Atletico-MG,0,1,MT,MG,0,2021
7355,9,Atletico-GO,10,5,37%,405,80%,9,0,0,4,7,2021-07-04,20:30,Gremio,Atletico-GO,4-2-3-1,4-2-3-1,Atletico-GO,0,1,RS,GO,3,2021
7355,9,Gremio,21,4,63%,662,89%,16,3,0,2,11,2021-07-04,20:30,Gremio,Atletico-GO,4-2-3-1,4-2-3-1,Atletico-GO,0,1,RS,GO,0,2021
7356,10,Athletico-PR,11,2,46%,428,80%,13,2,0,2,4,2021-07-06,19:28,Santos,Athletico-PR,4-1-4-1,3-4-2-1,Santos,2,1,SP,PR,0,2021
7356,10,Santos,18,9,54%,503,86%,17,2,0,2,7,2021-07-06,19:28,Santos,Athletico-PR,4-1-4-1,3-4-2-1,Santos,2,1,SP,PR,3,2021
7357,10,Juventude,9,3,47%,468,83%,19,3,0,3,2,2021-07-07,18:00,Bahia,Juventude,4-3-3,4-1-4-1,Bahia,1,0,BA,RS,0,2021
7357,10,Bahia,8,2,53%,508,85%,19,2,0,1,3,2021-07-07,18:00,Bahia,Juventude,4-3-3,4-1-4-1,Bahia,1,0,BA,RS,3,2021
7358,10,Cuiaba,9,2,46%,388,78%,21,2,0,1,6,2021-07-07,18:01,Bragantino,Cuiaba,4-2-3-1,4-2-3-1,-,1,1,SP,MT,1,2021
7358,10,Bragantino,10,1,54%,436,81%,15,3,0,0,4,2021-07-07,18:01,Bragantino,Cuiaba,4-2-3-1,4-2-3-1,-,1,1,SP,MT,1,2021
7359,10,Fortaleza,16,5,56%,466,83%,18,2,0,2,2,2021-07-07,18:02,Fortaleza,America-MG,3-4-1-2,4-2-3-1,Fortaleza,4,0,CE,MG,3,2021
7359,10,America-MG,11,3,44%,378,79%,16,1,0,1,3,2021-07-07,18:02,Fortaleza,America-MG,3-4-1-2,4-2-3-1,Fortaleza,4,0,CE,MG,0,2021
7360,10,Gremio,12,4,53%,465,88%,16,2,0,0,5,2021-07-07,18:59,Palmeiras,Gremio,4-2-3-1,4-2-3-1,Palmeiras,2,0,SP,RS,0,2021
7360,10,Palmeiras,18,6,47%,429,85%,15,2,0,2,4,2021-07-07,18:59,Palmeiras,Gremio,4-2-3-1,4-2-3-1,Palmeiras,2,0,SP,RS,3,2021
7361,10,Flamengo,16,6,51%,497,88%,10,1,0,3,6,2021-07-07,19:00,Atletico-MG,Flamengo,3-1-4-2,4-1-2-1-2,Atletico-MG,2,1,MG,RJ,0,2021
7361,10,Atletico-MG,12,6,49%,501,86%,19,1,0,2,3,2021-07-07,19:00,Atletico-MG,Flamengo,3-1-4-2,4-1-2-1-2,Atletico-MG,2,1,MG,RJ,3,2021
7362,10,Sport,11,3,43%,372,83%,9,1,0,1,7,2021-07-07,19:15,Atletico-GO,Sport,4-3-3,4-2-3-1,-,1,1,GO,PE,1,2021
7362,10,Atletico-GO,13,4,57%,513,87%,16,4,0,0,4,2021-07-07,19:15,Atletico-GO,Sport,4-3-3,4-2-3-1,-,1,1,GO,PE,1,2021
7363,10,Sao Paulo,11,5,48%,396,76%,24,3,0,4,3,2021-07-07,21:30,Internacional,Sao Paulo,4-1-4-1,3-1-4-2,Sao Paulo,0,2,RS,SP,3,2021
7363,10,Internacional,9,2,52%,416,76%,21,2,0,0,7,2021-07-07,21:30,Internacional,Sao Paulo,4-1-4-1,3-1-4-2,Sao Paulo,0,2,RS,SP,0,2021
7364,10,Fluminense,16,5,64%,488,82%,24,2,0,2,4,2021-07-07,21:30,Fluminense,Ceara,4-2-3-1,4-2-3-1,-,0,0,RJ,CE,1,2021
7364,10,Ceara,7,2,36%,282,70%,21,3,0,0,0,2021-07-07,21:30,Fluminense,Ceara,4-2-3-1,4-2-3-1,-,0,0,RJ,CE,1,2021
7365,10,Chapecoense,14,4,42%,397,81%,17,3,0,2,5,2021-07-08,21:00,Chapecoense,Corinthians,4-3-3,4-2-3-1,Corinthians,0,1,SC,SP,0,2021
7365,10,Corinthians,12,5,58%,549,87%,10,0,0,0,8,2021-07-08,21:00,Chapecoense,Corinthians,4-3-3,4-2-3-1,Corinthians,0,1,SC,SP,3,2021
7366,11,Palmeiras,14,7,35%,280,76%,19,1,0,3,6,2021-07-10,16:30,Palmeiras,Santos,4-2-2-2,4-2-3-1,Palmeiras,3,2,SP,SP,3,2021
7366,11,Santos,12,2,65%,498,91%,21,6,0,0,5,2021-07-10,16:30,Palmeiras,Santos,4-2-2-2,4-2-3-1,Palmeiras,3,2,SP,SP,0,2021
7367,11,Internacional,16,8,49%,401,76%,19,2,0,0,7,2021-07-10,16:30,Gremio,Internacional,4-2-3-1,4-1-4-1,-,0,0,RS,RS,1,2021
7367,11,Gremio,11,2,51%,409,73%,12,1,0,2,5,2021-07-10,16:30,Gremio,Internacional,4-2-3-1,4-1-4-1,-,0,0,RS,RS,1,2021
7368,11,Bragantino,16,4,45%,409,80%,16,4,0,3,2,2021-07-10,17:29,Athletico-PR,Bragantino,4-2-3-1,4-2-3-1,-,2,2,PR,SP,1,2021
7368,11,Athletico-PR,22,6,55%,490,83%,18,0,0,0,3,2021-07-10,17:29,Athletico-PR,Bragantino,4-2-3-1,4-2-3-1,-,2,2,PR,SP,1,2021
7370,11,Sao Paulo,15,6,63%,566,83%,16,0,0,2,2,2021-07-10,19:00,Sao Paulo,Bahia,3-1-4-2,4-3-3,Sao Paulo,1,0,SP,BA,3,2021
7370,11,Bahia,6,2,37%,341,71%,15,1,0,0,1,2021-07-10,19:00,Sao Paulo,Bahia,3-1-4-2,4-3-3,Sao Paulo,1,0,SP,BA,0,2021
7369,11,Fluminense,13,9,51%,455,85%,13,3,0,3,3,2021-07-10,19:01,Sport,Fluminense,4-1-4-1,4-2-3-1,Fluminense,1,2,PE,RJ,3,2021
7369,11,Sport,11,3,49%,446,81%,16,1,0,2,1,2021-07-10,19:01,Sport,Fluminense,4-1-4-1,4-2-3-1,Fluminense,1,2,PE,RJ,0,2021
7371,11,America-MG,12,2,49%,386,76%,15,1,0,3,8,2021-07-10,19:01,America-MG,Atletico-MG,3-4-1-2,4-3-3,Atletico-MG,0,1,MG,MG,0,2021
7371,11,Atletico-MG,13,5,51%,403,76%,17,1,0,0,10,2021-07-10,19:01,America-MG,Atletico-MG,3-4-1-2,4-3-3,Atletico-MG,0,1,MG,MG,3,2021
7372,11,Atletico-GO,8,4,49%,459,84%,23,2,0,0,3,2021-07-11,11:01,Juventude,Atletico-GO,4-1-2-1-2,4-2-3-1,-,1,1,RS,GO,1,2021
7372,11,Juventude,15,3,51%,454,84%,17,2,0,1,4,2021-07-11,11:01,Juventude,Atletico-GO,4-1-2-1-2,4-2-3-1,-,1,1,RS,GO,1,2021
7373,11,Cuiaba,11,3,41%,338,81%,9,0,1,1,4,2021-07-11,18:15,Cuiaba,Ceara,4-4-2,4-2-3-1,-,2,2,MT,CE,1,2021
7373,11,Ceara,20,7,59%,479,83%,13,2,0,2,7,2021-07-11,18:15,Cuiaba,Ceara,4-4-2,4-2-3-1,-,2,2,MT,CE,1,2021
7374,11,Chapecoense,13,4,28%,262,68%,16,3,0,2,1,2021-07-11,18:15,Flamengo,Chapecoense,4-2-2-2,3-4-3,Flamengo,2,1,RJ,SC,0,2021
7374,11,Flamengo,24,7,72%,661,89%,19,3,0,0,11,2021-07-11,18:15,Flamengo,Chapecoense,4-2-2-2,3-4-3,Flamengo,2,1,RJ,SC,3,2021
7375,11,Fortaleza,16,4,43%,411,84%,13,4,0,1,7,2021-07-11,20:30,Fortaleza,Corinthians,3-4-1-2,4-2-3-1,Fortaleza,1,0,CE,SP,3,2021
7375,11,Corinthians,7,1,57%,529,88%,14,3,0,1,6,2021-07-11,20:30,Fortaleza,Corinthians,3-4-1-2,4-2-3-1,Fortaleza,1,0,CE,SP,0,2021
7376,12,Athletico-PR,9,1,47%,386,84%,15,3,0,0,5,2021-07-17,17:00,Ceara,Athletico-PR,4-2-3-1,4-2-3-1,Ceara,1,0,CE,PR,0,2021
7376,12,Ceara,21,4,53%,436,84%,11,4,0,3,5,2021-07-17,17:00,Ceara,Athletico-PR,4-2-3-1,4-2-3-1,Ceara,1,0,CE,PR,3,2021
7377,12,Sao Paulo,10,3,59%,358,77%,18,3,0,1,9,2021-07-17,17:00,Sao Paulo,Fortaleza,3-1-4-2,3-4-1-2,Fortaleza,0,1,SP,CE,0,2021
7377,12,Fortaleza,9,4,41%,267,69%,20,2,0,1,5,2021-07-17,17:00,Sao Paulo,Fortaleza,3-1-4-2,3-4-1-2,Fortaleza,0,1,SP,CE,3,2021
7378,12,Corinthians,12,2,37%,363,75%,9,0,0,0,2,2021-07-17,19:00,Corinthians,Atletico-MG,4-3-3,4-2-3-1,Atletico-MG,1,2,SP,MG,0,2021
7378,12,Atletico-MG,13,8,63%,602,87%,22,2,0,2,5,2021-07-17,19:00,Corinthians,Atletico-MG,4-3-3,4-2-3-1,Atletico-MG,1,2,SP,MG,3,2021
7379,12,Gremio,8,1,43%,416,85%,12,4,0,0,4,2021-07-17,21:00,Fluminense,Gremio,4-2-3-1,4-4-2,Gremio,0,1,RJ,RS,3,2021
7379,12,Fluminense,10,2,57%,549,86%,13,1,0,0,3,2021-07-17,21:00,Fluminense,Gremio,4-2-3-1,4-4-2,Gremio,0,1,RJ,RS,0,2021
7380,12,Cuiaba,11,6,59%,543,86%,13,2,0,2,2,2021-07-18,11:03,Chapecoense,Cuiaba,3-4-3,4-2-3-1,Cuiaba,2,3,SC,MT,3,2021
7380,12,Chapecoense,11,6,41%,372,81%,15,2,0,1,6,2021-07-18,11:03,Chapecoense,Cuiaba,3-4-3,4-2-3-1,Cuiaba,2,3,SC,MT,0,2021
7381,12,Palmeiras,15,6,42%,337,82%,16,1,0,3,6,2021-07-18,16:00,Atletico-GO,Palmeiras,4-2-3-1,4-2-3-1,Palmeiras,0,3,GO,SP,3,2021
7381,12,Atletico-GO,11,1,58%,476,85%,8,2,0,4,4,2021-07-18,16:00,Atletico-GO,Palmeiras,4-2-3-1,4-2-3-1,Palmeiras,0,3,GO,SP,0,2021
7382,12,Flamengo,16,10,65%,633,89%,8,1,0,2,3,2021-07-18,18:13,Bahia,Flamengo,4-2-3-1,4-2-3-1,Flamengo,0,5,BA,RJ,3,2021
7382,12,Bahia,11,3,35%,332,81%,18,5,0,0,4,2021-07-18,18:13,Bahia,Flamengo,4-2-3-1,4-2-3-1,Flamengo,0,5,BA,RJ,0,2021
7384,12,Santos,16,5,61%,485,80%,15,6,0,3,4,2021-07-18,20:29,Bragantino,Santos,4-2-3-1,4-3-3,-,2,2,SP,SP,1,2021
7384,12,Bragantino,11,5,39%,316,74%,17,3,0,2,5,2021-07-18,20:29,Bragantino,Santos,4-2-3-1,4-3-3,-,2,2,SP,SP,1,2021
7383,12,Juventude,11,4,49%,433,82%,14,4,1,2,5,2021-07-18,20:31,Internacional,Juventude,4-3-3,4-2-3-1,Internacional,1,0,RS,RS,0,2021
7383,12,Internacional,14,5,51%,428,83%,19,4,0,0,7,2021-07-18,20:31,Internacional,Juventude,4-3-3,4-2-3-1,Internacional,1,0,RS,RS,3,2021
7385,12,Sport,11,5,36%,274,66%,22,3,0,2,4,2021-07-19,20:00,America-MG,Sport,3-4-1-2,4-2-3-1,Sport,0,1,MG,PE,3,2021
7385,12,America-MG,16,3,64%,468,81%,19,1,0,2,9,2021-07-19,20:00,America-MG,Sport,3-4-1-2,4-2-3-1,Sport,0,1,MG,PE,0,2021
7295,3,Atletico-GO,9,3,44%,346,75%,14,4,1,0,4,2021-07-21,19:00,Cuiaba,Atletico-GO,4-4-2,4-2-3-1,Cuiaba,2,1,MT,GO,0,2021
7295,3,Cuiaba,20,7,56%,444,83%,17,5,0,0,0,2021-07-21,19:00,Cuiaba,Atletico-GO,4-4-2,4-2-3-1,Cuiaba,2,1,MT,GO,3,2021
7386,13,America-MG,18,7,48%,432,77%,16,3,0,1,5,2021-07-24,17:00,Gremio,America-MG,3-5-2,3-4-1-2,-,1,1,RS,MG,1,2021
7386,13,Gremio,12,4,52%,471,77%,20,3,0,1,8,2021-07-24,17:00,Gremio,America-MG,3-5-2,3-4-1-2,-,1,1,RS,MG,1,2021
7387,13,Palmeiras,10,1,50%,484,85%,13,1,0,2,7,2021-07-24,19:00,Palmeiras,Fluminense,4-2-3-1,4-2-3-1,Palmeiras,1,0,SP,RJ,3,2021
7387,13,Fluminense,9,3,50%,476,90%,9,2,0,1,5,2021-07-24,19:00,Palmeiras,Fluminense,4-2-3-1,4-2-3-1,Palmeiras,1,0,SP,RJ,0,2021
7388,13,Bahia,11,5,40%,331,81%,14,1,0,0,8,2021-07-25,11:00,Atletico-MG,Bahia,4-2-3-1,4-3-3,Atletico-MG,3,0,MG,BA,0,2021
7388,13,Atletico-MG,12,5,60%,511,86%,17,2,0,3,8,2021-07-25,11:00,Atletico-MG,Bahia,4-2-3-1,4-3-3,Atletico-MG,3,0,MG,BA,3,2021
7390,13,Sao Paulo,18,6,42%,316,72%,16,6,0,4,4,2021-07-25,16:00,Flamengo,Sao Paulo,4-2-3-1,3-5-1-1,Flamengo,5,1,RJ,SP,0,2021
7390,13,Flamengo,12,8,58%,428,78%,23,3,0,2,7,2021-07-25,16:00,Flamengo,Sao Paulo,4-2-3-1,3-5-1-1,Flamengo,5,1,RJ,SP,3,2021
7389,13,Fortaleza,14,4,34%,279,71%,21,4,0,1,3,2021-07-25,16:01,Fortaleza,Bragantino,3-4-1-2,4-2-3-1,Fortaleza,1,0,CE,SP,3,2021
7389,13,Bragantino,13,4,66%,513,83%,14,2,0,0,5,2021-07-25,16:01,Fortaleza,Bragantino,3-4-1-2,4-2-3-1,Fortaleza,1,0,CE,SP,0,2021
7391,13,Santos,29,2,75%,659,89%,14,2,0,3,15,2021-07-25,18:15,Santos,Atletico-GO,4-2-3-1,4-2-3-1,Atletico-GO,0,1,SP,GO,0,2021
7391,13,Atletico-GO,7,2,25%,242,67%,7,2,0,2,2,2021-07-25,18:15,Santos,Atletico-GO,4-2-3-1,4-2-3-1,Atletico-GO,0,1,SP,GO,3,2021
7392,13,Internacional,13,3,47%,373,82%,13,3,0,0,2,2021-07-25,18:15,Athletico-PR,Internacional,4-2-3-1,4-1-4-1,Athletico-PR,2,1,PR,RS,0,2021
7392,13,Athletico-PR,11,4,53%,413,81%,14,4,0,1,8,2021-07-25,18:15,Athletico-PR,Internacional,4-2-3-1,4-1-4-1,Athletico-PR,2,1,PR,RS,3,2021
7393,13,Ceara,14,0,45%,345,77%,13,1,0,1,8,2021-07-25,20:30,Sport,Ceara,4-2-3-1,4-2-3-1,-,0,0,PE,CE,1,2021
7393,13,Sport,12,0,55%,415,80%,12,4,0,2,2,2021-07-25,20:30,Sport,Ceara,4-2-3-1,4-2-3-1,-,0,0,PE,CE,1,2021
7394,13,Chapecoense,7,2,68%,545,86%,15,1,0,1,1,2021-07-26,18:00,Juventude,Chapecoense,4-3-3,4-3-3,Juventude,1,0,RS,SC,0,2021
7394,13,Juventude,13,2,32%,266,73%,16,5,0,1,3,2021-07-26,18:00,Juventude,Chapecoense,4-3-3,4-3-3,Juventude,1,0,RS,SC,3,2021
7395,13,Cuiaba,16,7,53%,501,85%,16,2,1,4,5,2021-07-26,19:59,Cuiaba,Corinthians,4-4-2,4-3-3,Corinthians,1,2,MT,SP,0,2021
7395,13,Corinthians,4,2,47%,467,81%,12,1,0,2,5,2021-07-26,19:59,Cuiaba,Corinthians,4-4-2,4-3-3,Corinthians,1,2,MT,SP,3,2021
7396,14,Sao Paulo,12,3,54%,403,81%,20,3,1,2,7,2021-07-31,19:00,Sao Paulo,Palmeiras,4-4-2,4-2-3-1,-,0,0,SP,SP,1,2021
7396,14,Palmeiras,7,3,46%,350,79%,15,3,0,1,2,2021-07-31,19:00,Sao Paulo,Palmeiras,4-4-2,4-2-3-1,-,0,0,SP,SP,1,2021
7397,14,Cuiaba,13,4,42%,379,77%,18,3,0,0,3,2021-07-31,20:00,Internacional,Cuiaba,4-4-2,4-4-1-1,-,0,0,RS,MT,1,2021
7397,14,Internacional,12,3,58%,510,81%,20,1,1,2,2,2021-07-31,20:00,Internacional,Cuiaba,4-4-2,4-4-1-1,-,0,0,RS,MT,1,2021
7398,14,Gremio,7,1,47%,473,80%,19,2,0,0,5,2021-07-31,21:00,Bragantino,Gremio,4-2-3-1,4-2-3-1,Bragantino,1,0,SP,RS,0,2021
7398,14,Bragantino,12,3,53%,531,82%,13,1,0,1,4,2021-07-31,21:00,Bragantino,Gremio,4-2-3-1,4-2-3-1,Bragantino,1,0,SP,RS,3,2021
7399,14,Flamengo,17,7,66%,742,89%,13,1,0,1,6,2021-08-01,16:00,Corinthians,Flamengo,4-1-4-1,4-2-3-1,Flamengo,1,3,SP,RJ,3,2021
7399,14,Corinthians,9,3,34%,389,79%,7,1,0,0,3,2021-08-01,16:00,Corinthians,Flamengo,4-1-4-1,4-2-3-1,Flamengo,1,3,SP,RJ,0,2021
7400,14,Athletico-PR,8,1,39%,400,80%,12,3,0,1,2,2021-08-01,16:00,Atletico-MG,Athletico-PR,4-2-3-1,4-2-3-1,Atletico-MG,2,0,MG,PR,0,2021
7400,14,Atletico-MG,11,3,61%,616,90%,14,2,1,1,4,2021-08-01,16:00,Atletico-MG,Athletico-PR,4-2-3-1,4-2-3-1,Atletico-MG,2,0,MG,PR,3,2021
7401,14,Chapecoense,20,6,44%,361,77%,17,0,0,3,6,2021-08-01,18:15,Chapecoense,Santos,4-2-3-1,4-1-4-1,Santos,0,1,SC,SP,0,2021
7401,14,Santos,11,5,56%,458,83%,13,0,0,0,5,2021-08-01,18:15,Chapecoense,Santos,4-2-3-1,4-1-4-1,Santos,0,1,SC,SP,3,2021
7402,14,Sport,8,2,40%,354,78%,18,3,0,1,2,2021-08-01,18:15,Bahia,Sport,4-3-3,4-2-3-1,Sport,0,1,BA,PE,3,2021
7402,14,Bahia,21,4,60%,512,86%,16,2,0,0,11,2021-08-01,18:15,Bahia,Sport,4-3-3,4-2-3-1,Sport,0,1,BA,PE,0,2021
7403,14,America-MG,16,5,47%,338,73%,14,0,0,1,5,2021-08-01,20:28,Atletico-GO,America-MG,4-2-3-1,3-4-2-1,-,1,1,GO,MG,1,2021
7403,14,Atletico-GO,7,2,53%,388,73%,21,4,0,1,4,2021-08-01,20:28,Atletico-GO,America-MG,4-2-3-1,3-4-2-1,-,1,1,GO,MG,1,2021
7404,14,Ceara,12,4,48%,313,75%,13,2,0,2,5,2021-08-01,20:30,Ceara,Fortaleza,4-3-3,3-4-1-2,Ceara,3,1,CE,CE,3,2021
7404,14,Fortaleza,28,8,52%,331,79%,12,3,0,1,9,2021-08-01,20:30,Ceara,Fortaleza,4-3-3,3-4-1-2,Ceara,3,1,CE,CE,0,2021
7406,15,Sport,17,7,38%,274,73%,17,3,0,0,9,2021-08-06,18:59,Sport,Bragantino,4-2-3-1,4-1-4-1,-,0,0,PE,SP,1,2021
7406,15,Bragantino,13,4,62%,451,85%,14,1,0,1,8,2021-08-06,18:59,Sport,Bragantino,4-2-3-1,4-1-4-1,-,0,0,PE,SP,1,2021
7407,15,Sao Paulo,11,4,48%,419,80%,16,4,1,2,2,2021-08-07,17:59,Athletico-PR,Sao Paulo,4-2-3-1,4-2-3-1,Sao Paulo,1,2,PR,SP,3,2021
7407,15,Athletico-PR,15,6,52%,427,80%,12,2,0,1,8,2021-08-07,17:59,Athletico-PR,Sao Paulo,4-2-3-1,4-2-3-1,Sao Paulo,1,2,PR,SP,0,2021
7408,15,Palmeiras,20,2,62%,507,85%,22,4,1,1,6,2021-08-07,21:00,Palmeiras,Fortaleza,4-2-3-1,3-5-2,Fortaleza,2,3,SP,CE,0,2021
7408,15,Fortaleza,15,6,38%,324,77%,13,1,1,2,2,2021-08-07,21:00,Palmeiras,Fortaleza,4-2-3-1,3-5-2,Fortaleza,2,3,SP,CE,3,2021
7409,15,Cuiaba,11,2,40%,315,75%,15,1,1,2,4,2021-08-07,21:00,Cuiaba,Bahia,4-2-3-1,4-1-3-2,-,1,1,MT,BA,1,2021
7409,15,Bahia,9,4,60%,455,83%,17,2,0,5,11,2021-08-07,21:00,Cuiaba,Bahia,4-2-3-1,4-1-3-2,-,1,1,MT,BA,1,2021
7412,15,Corinthians,9,5,43%,426,84%,9,1,0,1,3,2021-08-08,15:59,Santos,Corinthians,4-3-3,4-1-4-1,-,0,0,SP,SP,1,2021
7412,15,Santos,11,5,57%,561,87%,17,1,0,3,5,2021-08-08,15:59,Santos,Corinthians,4-3-3,4-1-4-1,-,0,0,SP,SP,1,2021
7410,15,Juventude,6,1,34%,310,75%,17,1,0,1,4,2021-08-08,16:00,Juventude,Atletico-MG,4-2-3-1,4-2-3-1,Atletico-MG,1,2,RS,MG,0,2021
7410,15,Atletico-MG,20,4,66%,586,88%,14,3,0,2,5,2021-08-08,16:00,Juventude,Atletico-MG,4-2-3-1,4-2-3-1,Atletico-MG,1,2,RS,MG,3,2021
7411,15,America-MG,15,7,44%,365,77%,17,2,0,1,4,2021-08-08,16:00,America-MG,Fluminense,4-2-3-1,4-2-3-1,America-MG,1,0,MG,RJ,3,2021
7411,15,Fluminense,7,2,56%,462,79%,13,2,0,1,8,2021-08-08,16:00,America-MG,Fluminense,4-2-3-1,4-2-3-1,America-MG,1,0,MG,RJ,0,2021
7413,15,Atletico-GO,7,2,59%,516,82%,15,2,0,0,3,2021-08-08,18:15,Ceara,Atletico-GO,4-2-3-1,4-2-3-1,-,0,0,CE,GO,1,2021
7413,15,Ceara,19,5,41%,350,79%,18,2,0,1,6,2021-08-08,18:15,Ceara,Atletico-GO,4-2-3-1,4-2-3-1,-,0,0,CE,GO,1,2021
7414,15,Internacional,9,5,36%,331,76%,15,2,0,0,2,2021-08-08,18:15,Flamengo,Internacional,4-2-2-2,4-2-3-1,Internacional,0,4,RJ,RS,3,2021
7414,15,Flamengo,11,7,64%,559,87%,9,1,1,1,7,2021-08-08,18:15,Flamengo,Internacional,4-2-2-2,4-2-3-1,Internacional,0,4,RJ,RS,0,2021
7415,15,Chapecoense,6,2,46%,474,81%,10,3,0,0,3,2021-08-09,19:59,Gremio,Chapecoense,4-2-3-1,4-4-2,Gremio,2,1,RS,SC,0,2021
7415,15,Gremio,20,3,54%,547,82%,14,1,0,2,9,2021-08-09,19:59,Gremio,Chapecoense,4-2-3-1,4-4-2,Gremio,2,1,RS,SC,3,2021
7416,16,Juventude,13,6,46%,379,80%,14,4,0,2,9,2021-08-14,17:02,Bragantino,Juventude,4-3-3,4-2-3-1,Juventude,1,2,SP,RS,3,2021
7416,16,Bragantino,5,1,54%,456,81%,14,4,0,1,2,2021-08-14,17:02,Bragantino,Juventude,4-3-3,4-2-3-1,Juventude,1,2,SP,RS,0,2021
7417,16,Palmeiras,1,1,33%,322,80%,14,0,1,1,2,2021-08-14,19:00,Atletico-MG,Palmeiras,4-2-3-1,4-2-3-1,Atletico-MG,2,0,MG,SP,0,2021
7417,16,Atletico-MG,15,6,67%,658,89%,14,2,0,1,11,2021-08-14,19:00,Atletico-MG,Palmeiras,4-2-3-1,4-2-3-1,Atletico-MG,2,0,MG,SP,3,2021
7418,16,Gremio,9,3,36%,312,73%,16,1,0,1,2,2021-08-14,21:01,Sao Paulo,Gremio,3-4-1-2,4-2-3-1,Sao Paulo,2,1,SP,RS,0,2021
7418,16,Sao Paulo,12,6,64%,553,84%,14,3,0,2,6,2021-08-14,21:01,Sao Paulo,Gremio,3-4-1-2,4-2-3-1,Sao Paulo,2,1,SP,RS,3,2021
7419,16,Flamengo,17,9,65%,637,87%,14,4,0,2,6,2021-08-15,16:00,Flamengo,Sport,4-4-2,4-2-3-1,Flamengo,2,0,RJ,PE,3,2021
7419,16,Sport,4,2,35%,348,77%,11,1,0,0,3,2021-08-15,16:00,Flamengo,Sport,4-4-2,4-2-3-1,Flamengo,2,0,RJ,PE,0,2021
7420,16,Ceara,15,6,39%,399,79%,16,1,0,0,6,2021-08-15,16:00,Corinthians,Ceara,4-3-3,4-2-3-1,Corinthians,3,1,SP,CE,0,2021
7420,16,Corinthians,7,3,61%,631,87%,7,1,0,0,7,2021-08-15,16:00,Corinthians,Ceara,4-3-3,4-2-3-1,Corinthians,3,1,SP,CE,3,2021
7422,16,Athletico-PR,9,1,61%,499,87%,20,1,0,1,5,2021-08-15,18:14,Cuiaba,Athletico-PR,4-4-2,4-2-3-1,Cuiaba,1,0,MT,PR,0,2021
7422,16,Cuiaba,12,2,39%,331,83%,15,1,0,2,3,2021-08-15,18:14,Cuiaba,Athletico-PR,4-4-2,4-2-3-1,Cuiaba,1,0,MT,PR,3,2021
7421,16,Bahia,16,8,54%,489,84%,18,2,0,3,4,2021-08-15,18:15,Bahia,Atletico-GO,4-4-2,4-2-3-1,Atletico-GO,1,2,BA,GO,0,2021
7421,16,Atletico-GO,12,3,46%,433,81%,11,0,0,1,5,2021-08-15,18:15,Bahia,Atletico-GO,4-4-2,4-2-3-1,Atletico-GO,1,2,BA,GO,3,2021
7423,16,Fortaleza,12,2,45%,390,82%,17,2,0,4,6,2021-08-15,18:15,Fortaleza,Santos,3-4-1-2,4-2-3-1,-,1,1,CE,SP,1,2021
7423,16,Santos,8,2,55%,471,83%,13,1,0,1,2,2021-08-15,18:15,Fortaleza,Santos,3-4-1-2,4-2-3-1,-,1,1,CE,SP,1,2021
7424,16,Internacional,17,7,35%,347,83%,14,2,0,2,5,2021-08-15,20:30,Internacional,Fluminense,4-4-2,4-3-1-2,Internacional,4,2,RS,RJ,3,2021
7424,16,Fluminense,10,5,65%,622,89%,8,0,0,0,8,2021-08-15,20:30,Internacional,Fluminense,4-4-2,4-3-1-2,Internacional,4,2,RS,RJ,0,2021
7425,16,Chapecoense,10,5,41%,300,68%,10,1,1,1,3,2021-08-16,20:01,Chapecoense,America-MG,4-3-3,4-2-3-1,-,1,1,SC,MG,1,2021
7425,16,America-MG,18,6,59%,402,83%,11,1,0,3,9,2021-08-16,20:01,Chapecoense,America-MG,4-3-3,4-2-3-1,-,1,1,SC,MG,1,2021
7315,5,Gremio,7,3,47%,370,75%,10,5,0,2,7,2021-08-18,18:59,Cuiaba,Gremio,4-4-2,4-2-3-1,Gremio,0,1,MT,RS,3,2021
7315,5,Cuiaba,10,2,53%,415,79%,12,1,0,0,2,2021-08-18,18:59,Cuiaba,Gremio,4-4-2,4-2-3-1,Gremio,0,1,MT,RS,0,2021
7426,17,Chapecoense,8,2,30%,234,73%,24,5,0,3,1,2021-08-21,17:00,Atletico-GO,Chapecoense,4-4-2,4-2-3-1,-,1,1,GO,SC,1,2021
7426,17,Atletico-GO,16,2,70%,559,85%,13,2,1,1,6,2021-08-21,17:00,Atletico-GO,Chapecoense,4-4-2,4-2-3-1,-,1,1,GO,SC,1,2021
7427,17,Bahia,9,3,47%,425,80%,15,1,0,0,2,2021-08-21,19:00,Gremio,Bahia,4-2-3-1,4-1-4-1,Gremio,2,0,RS,BA,0,2021
7427,17,Gremio,15,6,53%,489,82%,12,1,0,0,4,2021-08-21,19:00,Gremio,Bahia,4-2-3-1,4-1-4-1,Gremio,2,0,RS,BA,3,2021
7428,17,Juventude,19,4,56%,495,84%,8,1,0,0,5,2021-08-21,21:00,Juventude,Fortaleza,4-2-3-1,3-4-1-2,-,1,1,RS,CE,1,2021
7428,17,Fortaleza,16,4,44%,395,79%,9,1,0,2,9,2021-08-21,21:00,Juventude,Fortaleza,4-2-3-1,3-4-1-2,-,1,1,RS,CE,1,2021
7429,17,Cuiaba,9,4,34%,306,73%,14,1,0,3,3,2021-08-22,11:00,Palmeiras,Cuiaba,4-2-3-1,4-4-2,Cuiaba,0,2,SP,MT,3,2021
7429,17,Palmeiras,31,7,66%,544,86%,8,1,0,4,13,2021-08-22,11:00,Palmeiras,Cuiaba,4-2-3-1,4-4-2,Cuiaba,0,2,SP,MT,0,2021
7431,17,Corinthians,8,2,56%,599,86%,7,0,0,1,2,2021-08-22,15:59,Athletico-PR,Corinthians,4-2-3-1,4-2-3-1,Corinthians,0,1,PR,SP,3,2021
7431,17,Athletico-PR,16,4,44%,479,85%,12,1,1,1,4,2021-08-22,15:59,Athletico-PR,Corinthians,4-2-3-1,4-2-3-1,Corinthians,0,1,PR,SP,0,2021
7430,17,Flamengo,18,5,63%,582,84%,12,2,0,0,5,2021-08-22,16:00,Ceara,Flamengo,4-2-3-1,4-2-3-1,-,1,1,CE,RJ,1,2021
7430,17,Ceara,12,5,37%,338,73%,13,0,0,1,4,2021-08-22,16:00,Ceara,Flamengo,4-2-3-1,4-2-3-1,-,1,1,CE,RJ,1,2021
7432,17,Santos,10,4,52%,434,81%,19,2,0,2,4,2021-08-22,18:14,Santos,Internacional,4-2-3-1,4-4-2,-,2,2,SP,RS,1,2021
7432,17,Internacional,13,4,48%,406,77%,14,2,0,1,4,2021-08-22,18:14,Santos,Internacional,4-2-3-1,4-4-2,-,2,2,SP,RS,1,2021
7433,17,Sport,15,4,48%,382,76%,15,2,0,0,3,2021-08-22,20:30,Sport,Sao Paulo,4-2-3-1,4-3-3,Sao Paulo,0,1,PE,SP,0,2021
7433,17,Sao Paulo,12,3,52%,422,79%,17,2,0,0,7,2021-08-22,20:30,Sport,Sao Paulo,4-2-3-1,4-3-3,Sao Paulo,0,1,PE,SP,3,2021
7435,17,Fluminense,9,3,34%,306,80%,16,3,0,2,6,2021-08-23,19:59,Fluminense,Atletico-MG,4-2-3-1,4-2-3-1,-,1,1,RJ,MG,1,2021
7435,17,Atletico-MG,19,7,66%,602,87%,16,3,0,1,6,2021-08-23,19:59,Fluminense,Atletico-MG,4-2-3-1,4-2-3-1,-,1,1,RJ,MG,1,2021
7434,17,America-MG,14,3,51%,440,81%,14,2,0,2,9,2021-08-23,20:00,America-MG,Bragantino,4-2-3-1,4-2-3-1,Bragantino,0,2,MG,SP,0,2021
7434,17,Bragantino,10,3,49%,449,79%,15,0,0,2,0,2021-08-23,20:00,America-MG,Bragantino,4-2-3-1,4-2-3-1,Bragantino,0,2,MG,SP,3,2021
7436,18,Sport,20,7,55%,415,81%,17,0,1,1,11,2021-08-28,17:00,Sport,Chapecoense,4-2-3-1,4-1-4-1,-,0,0,PE,SC,1,2021
7436,18,Chapecoense,15,2,45%,354,79%,17,1,0,2,5,2021-08-28,17:00,Sport,Chapecoense,4-2-3-1,4-1-4-1,-,0,0,PE,SC,1,2021
7437,18,Flamengo,18,11,51%,456,86%,14,4,0,2,5,2021-08-28,19:00,Santos,Flamengo,4-2-3-1,4-2-3-1,Flamengo,0,4,SP,RJ,3,2021
7437,18,Santos,11,2,49%,445,87%,14,4,0,3,4,2021-08-28,19:00,Santos,Flamengo,4-2-3-1,4-2-3-1,Flamengo,0,4,SP,RJ,0,2021
7438,18,Gremio,11,2,44%,462,85%,17,1,1,0,6,2021-08-28,21:00,Gremio,Corinthians,4-2-3-1,4-5-1,Corinthians,0,1,RS,SP,0,2021
7438,18,Corinthians,6,1,56%,593,87%,7,2,0,0,4,2021-08-28,21:00,Gremio,Corinthians,4-2-3-1,4-5-1,Corinthians,0,1,RS,SP,3,2021
7439,18,Athletico-PR,11,4,51%,489,84%,16,0,0,1,3,2021-08-28,21:00,Palmeiras,Athletico-PR,4-2-3-1,4-2-3-1,Palmeiras,2,1,SP,PR,0,2021
7439,18,Palmeiras,16,3,49%,459,86%,10,3,0,4,8,2021-08-28,21:00,Palmeiras,Athletico-PR,4-2-3-1,4-2-3-1,Palmeiras,2,1,SP,PR,3,2021
7440,18,Ceara,6,2,62%,481,77%,13,2,0,1,2,2021-08-29,11:01,America-MG,Ceara,4-2-3-1,4-2-3-1,America-MG,2,0,MG,CE,0,2021
7440,18,America-MG,19,4,38%,285,71%,19,1,0,2,9,2021-08-29,11:01,America-MG,Ceara,4-2-3-1,4-2-3-1,America-MG,2,0,MG,CE,3,2021
7441,18,Juventude,9,2,39%,298,75%,15,2,0,0,3,2021-08-29,16:00,Juventude,Sao Paulo,5-3-2,3-4-1-2,-,1,1,RS,SP,1,2021
7441,18,Sao Paulo,7,4,61%,460,82%,21,5,0,3,8,2021-08-29,16:00,Juventude,Sao Paulo,5-3-2,3-4-1-2,-,1,1,RS,SP,1,2021
7442,18,Atletico-GO,8,3,52%,429,81%,13,1,0,3,6,2021-08-29,18:14,Atletico-GO,Internacional,4-4-2,4-2-3-1,-,0,0,GO,RS,1,2021
7442,18,Internacional,7,3,48%,397,76%,15,2,0,1,6,2021-08-29,18:14,Atletico-GO,Internacional,4-4-2,4-2-3-1,-,0,0,GO,RS,1,2021
7443,18,Atletico-MG,26,8,67%,653,90%,18,4,0,1,17,2021-08-29,20:31,Bragantino,Atletico-MG,4-2-3-1,4-2-3-1,-,1,1,SP,MG,1,2021
7443,18,Bragantino,5,0,33%,333,75%,16,3,0,1,1,2021-08-29,20:31,Bragantino,Atletico-MG,4-2-3-1,4-2-3-1,-,1,1,SP,MG,1,2021
7444,18,Fluminense,6,4,48%,391,77%,19,2,0,2,3,2021-08-30,19:00,Fluminense,Bahia,4-3-3,4-2-3-1,Fluminense,2,0,RJ,BA,3,2021
7444,18,Bahia,10,2,52%,398,75%,21,4,0,3,8,2021-08-30,19:00,Fluminense,Bahia,4-3-3,4-2-3-1,Fluminense,2,0,RJ,BA,0,2021
7445,18,Cuiaba,11,5,35%,307,76%,17,5,0,2,4,2021-08-30,21:30,Fortaleza,Cuiaba,3-4-1-2,4-4-2,-,0,0,CE,MT,1,2021
7445,18,Fortaleza,19,4,65%,539,85%,15,2,0,2,7,2021-08-30,21:30,Fortaleza,Cuiaba,3-4-1-2,4-4-2,-,0,0,CE,MT,1,2021
7405,14,Fluminense,12,6,64%,579,87%,23,2,0,1,7,2021-09-02,19:00,Fluminense,Juventude,4-3-3,4-3-3,-,1,1,RJ,RS,1,2021
7405,14,Juventude,7,2,36%,330,78%,18,1,0,1,2,2021-09-02,19:00,Fluminense,Juventude,4-3-3,4-3-3,-,1,1,RJ,RS,1,2021
7446,19,Fortaleza,18,6,60%,467,78%,7,1,0,0,4,2021-09-04,20:59,Bahia,Fortaleza,4-2-3-1,3-4-3,Bahia,4,2,BA,CE,0,2021
7446,19,Bahia,13,8,40%,315,69%,25,3,0,2,6,2021-09-04,20:59,Bahia,Fortaleza,4-2-3-1,3-4-3,Bahia,4,2,BA,CE,3,2021
7447,19,Cuiaba,14,5,36%,330,74%,11,3,0,0,3,2021-09-04,21:00,Cuiaba,Santos,4-2-3-1,4-3-3,Cuiaba,2,1,MT,SP,3,2021
7447,19,Santos,18,5,64%,551,89%,11,1,0,1,5,2021-09-04,21:00,Cuiaba,Santos,4-2-3-1,4-3-3,Cuiaba,2,1,MT,SP,0,2021
7448,19,Sport,9,2,41%,346,78%,9,1,1,3,7,2021-09-05,18:15,Athletico-PR,Sport,4-2-3-1,4-2-3-1,-,0,0,PR,PE,1,2021
7448,19,Athletico-PR,16,3,59%,481,86%,10,1,0,2,9,2021-09-05,18:15,Athletico-PR,Sport,4-2-3-1,4-2-3-1,-,0,0,PR,PE,1,2021
7449,19,Juventude,12,7,41%,437,85%,20,4,0,1,2,2021-09-07,21:30,Corinthians,Juventude,4-5-1,4-1-2-1-2,-,1,1,SP,RS,1,2021
7449,19,Corinthians,11,2,59%,628,89%,15,3,0,0,2,2021-09-07,21:30,Corinthians,Juventude,4-5-1,4-1-2-1-2,-,1,1,SP,RS,1,2021
7450,19,Fluminense,9,2,45%,439,82%,4,0,0,0,4,2021-09-07,21:30,Chapecoense,Fluminense,4-4-2,4-3-3,Fluminense,1,2,SC,RJ,3,2021
7450,19,Chapecoense,11,3,55%,519,84%,18,0,0,1,8,2021-09-07,21:30,Chapecoense,Fluminense,4-4-2,4-3-3,Fluminense,1,2,SC,RJ,0,2021
7456,20,Athletico-PR,7,1,44%,350,75%,17,1,0,1,5,2021-09-11,16:00,America-MG,Athletico-PR,3-4-1-2,4-4-2,America-MG,2,0,MG,PR,0,2021
7456,20,America-MG,27,6,56%,426,81%,14,1,0,3,9,2021-09-11,16:00,America-MG,Athletico-PR,3-4-1-2,4-4-2,America-MG,2,0,MG,PR,3,2021
7457,20,Juventude,17,6,63%,560,86%,12,3,0,4,5,2021-09-11,17:00,Juventude,Cuiaba,4-3-3,4-2-3-1,Cuiaba,1,2,RS,MT,0,2021
7457,20,Cuiaba,3,1,37%,349,74%,13,4,1,1,0,2021-09-11,17:00,Juventude,Cuiaba,4-3-3,4-2-3-1,Cuiaba,1,2,RS,MT,3,2021
7458,20,Bragantino,12,5,56%,501,87%,17,4,1,2,3,2021-09-11,18:59,Bragantino,Chapecoense,4-2-3-1,4-1-4-1,Chapecoense,1,2,SP,SC,0,2021
7458,20,Chapecoense,22,6,44%,387,82%,13,2,0,1,6,2021-09-11,18:59,Bragantino,Chapecoense,4-2-3-1,4-1-4-1,Chapecoense,1,2,SP,SC,3,2021
7459,20,Bahia,13,4,35%,312,68%,20,4,0,0,1,2021-09-11,21:00,Santos,Bahia,4-1-4-1,4-4-2,-,0,0,SP,BA,1,2021
7459,20,Santos,10,1,65%,566,82%,16,1,0,0,5,2021-09-11,21:00,Santos,Bahia,4-1-4-1,4-4-2,-,0,0,SP,BA,1,2021
7460,20,Gremio,13,3,41%,359,78%,22,0,0,0,5,2021-09-12,11:00,Gremio,Ceara,4-2-3-1,4-2-3-1,Gremio,2,0,RS,CE,3,2021
7460,20,Ceara,8,1,59%,508,83%,9,0,0,0,4,2021-09-12,11:00,Gremio,Ceara,4-2-3-1,4-2-3-1,Gremio,2,0,RS,CE,0,2021
7462,20,Flamengo,11,4,41%,379,81%,15,2,0,1,4,2021-09-12,15:59,Palmeiras,Flamengo,4-2-3-1,4-2-3-1,Flamengo,1,3,SP,RJ,3,2021
7462,20,Palmeiras,12,5,59%,509,89%,14,0,1,2,7,2021-09-12,15:59,Palmeiras,Flamengo,4-2-3-1,4-2-3-1,Flamengo,1,3,SP,RJ,0,2021
7461,20,Atletico-MG,11,4,52%,488,84%,18,2,0,1,4,2021-09-12,16:00,Fortaleza,Atletico-MG,3-4-1-2,4-2-3-1,Atletico-MG,0,2,CE,MG,3,2021
7461,20,Fortaleza,14,4,48%,451,81%,13,1,0,1,5,2021-09-12,16:00,Fortaleza,Atletico-MG,3-4-1-2,4-2-3-1,Atletico-MG,0,2,CE,MG,0,2021
7463,20,Atletico-GO,11,5,52%,481,85%,10,4,0,2,4,2021-09-12,18:15,Atletico-GO,Corinthians,4-4-2,4-5-1,-,1,1,GO,SP,1,2021
7463,20,Corinthians,8,2,48%,444,82%,10,2,0,2,5,2021-09-12,18:15,Atletico-GO,Corinthians,4-4-2,4-5-1,-,1,1,GO,SP,1,2021
7464,20,Fluminense,8,5,42%,309,78%,16,5,0,0,4,2021-09-12,20:30,Fluminense,Sao Paulo,4-3-3,3-4-1-2,Fluminense,2,1,RJ,SP,3,2021
7464,20,Sao Paulo,8,7,58%,417,83%,16,4,0,3,5,2021-09-12,20:30,Fluminense,Sao Paulo,4-3-3,3-4-1-2,Fluminense,2,1,RJ,SP,0,2021
7465,20,Internacional,11,4,49%,449,79%,20,1,0,1,4,2021-09-13,20:00,Sport,Internacional,5-3-2,4-2-3-1,Internacional,0,1,PE,RS,3,2021
7465,20,Sport,14,3,51%,434,83%,21,4,0,2,5,2021-09-13,20:00,Sport,Internacional,5-3-2,4-2-3-1,Internacional,0,1,PE,RS,0,2021
7466,21,Chapecoense,15,3,54%,461,85%,16,2,0,1,8,2021-09-18,17:00,Chapecoense,Palmeiras,4-4-2,4-2-3-1,Palmeiras,0,2,SC,SP,0,2021
7466,21,Palmeiras,13,7,46%,419,83%,14,2,0,1,1,2021-09-18,17:00,Chapecoense,Palmeiras,4-4-2,4-2-3-1,Palmeiras,0,2,SC,SP,3,2021
7467,21,Juventude,15,3,40%,341,82%,7,1,1,0,3,2021-09-18,18:45,Athletico-PR,Juventude,3-4-2-1,4-2-3-1,Athletico-PR,2,1,PR,RS,0,2021
7467,21,Athletico-PR,27,7,60%,479,86%,18,5,0,0,9,2021-09-18,18:45,Athletico-PR,Juventude,3-4-2-1,4-2-3-1,Athletico-PR,2,1,PR,RS,3,2021
7468,21,Sport,7,1,40%,367,82%,13,3,0,3,4,2021-09-18,19:01,Atletico-MG,Sport,4-2-3-1,4-2-3-1,Atletico-MG,3,0,MG,PE,0,2021
7468,21,Atletico-MG,22,9,60%,560,87%,18,2,0,0,6,2021-09-18,19:01,Atletico-MG,Sport,4-2-3-1,4-2-3-1,Atletico-MG,3,0,MG,PE,3,2021
7470,21,Ceara,10,4,51%,390,71%,17,3,0,0,6,2021-09-18,20:59,Ceara,Santos,4-2-3-1,3-4-3,-,0,0,CE,SP,1,2021
7470,21,Santos,7,1,49%,390,73%,13,2,0,0,4,2021-09-18,20:59,Ceara,Santos,4-2-3-1,3-4-3,-,0,0,CE,SP,1,2021
7469,21,Bahia,13,3,41%,372,74%,16,1,0,0,4,2021-09-18,21:00,Bahia,Bragantino,4-3-3,4-2-3-1,-,1,1,BA,SP,1,2021
7469,21,Bragantino,15,5,59%,528,81%,13,4,0,0,2,2021-09-18,21:00,Bahia,Bragantino,4-3-3,4-2-3-1,-,1,1,BA,SP,1,2021
7471,21,Fortaleza,11,5,41%,358,86%,15,1,1,1,4,2021-09-19,11:01,Internacional,Fortaleza,4-2-3-1,3-4-1-2,Internacional,1,0,RS,CE,0,2021
7471,21,Internacional,18,5,59%,497,88%,12,3,1,2,8,2021-09-19,11:01,Internacional,Fortaleza,4-2-3-1,3-4-1-2,Internacional,1,0,RS,CE,3,2021
7472,21,Sao Paulo,13,5,52%,443,79%,18,1,0,1,8,2021-09-19,16:01,Sao Paulo,Atletico-GO,4-3-3,4-4-2,Sao Paulo,2,1,SP,GO,3,2021
7472,21,Atletico-GO,11,4,48%,410,77%,11,2,0,1,6,2021-09-19,16:01,Sao Paulo,Atletico-GO,4-3-3,4-4-2,Sao Paulo,2,1,SP,GO,0,2021
7473,21,Corinthians,15,8,65%,656,86%,8,1,1,1,5,2021-09-19,18:15,Corinthians,America-MG,4-3-3,4-2-3-1,-,1,1,SP,MG,1,2021
7473,21,America-MG,16,7,35%,350,78%,13,0,0,1,2,2021-09-19,18:15,Corinthians,America-MG,4-3-3,4-2-3-1,-,1,1,SP,MG,1,2021
7474,21,Gremio,11,5,38%,330,73%,17,4,0,0,4,2021-09-19,20:30,Flamengo,Gremio,4-2-3-1,4-2-3-1,Gremio,0,1,RJ,RS,3,2021
7474,21,Flamengo,9,1,62%,534,85%,16,3,0,2,2,2021-09-19,20:30,Flamengo,Gremio,4-2-3-1,4-2-3-1,Gremio,0,1,RJ,RS,0,2021
7475,21,Fluminense,12,5,41%,334,82%,16,2,0,2,5,2021-09-20,20:00,Cuiaba,Fluminense,4-2-3-1,4-3-3,-,2,2,MT,RJ,1,2021
7475,21,Cuiaba,7,3,59%,476,85%,15,2,1,1,1,2021-09-20,20:00,Cuiaba,Fluminense,4-2-3-1,4-3-3,-,2,2,MT,RJ,1,2021
7451,19,Sao Paulo,6,2,59%,452,78%,17,3,0,4,8,2021-09-22,20:31,Sao Paulo,America-MG,4-3-1-2,4-1-3-2,-,0,0,SP,MG,1,2021
7451,19,America-MG,9,4,41%,322,76%,18,1,0,5,3,2021-09-22,20:31,Sao Paulo,America-MG,4-3-1-2,4-1-3-2,-,0,0,SP,MG,1,2021
7476,22,Ceara,24,8,59%,485,79%,8,0,0,1,8,2021-09-25,17:00,Ceara,Chapecoense,4-2-3-1,4-1-4-1,Ceara,1,0,CE,SC,3,2021
7476,22,Chapecoense,9,1,41%,339,76%,18,2,1,1,5,2021-09-25,17:00,Ceara,Chapecoense,4-2-3-1,4-1-4-1,Ceara,1,0,CE,SC,0,2021
7477,22,Palmeiras,16,5,51%,430,82%,11,1,0,3,9,2021-09-25,19:00,Corinthians,Palmeiras,4-3-3,4-2-3-1,Corinthians,2,1,SP,SP,0,2021
7477,22,Corinthians,8,3,49%,423,84%,8,1,0,2,5,2021-09-25,19:00,Corinthians,Palmeiras,4-3-3,4-2-3-1,Corinthians,2,1,SP,SP,3,2021
7478,22,Atletico-MG,11,4,51%,501,83%,12,1,0,1,5,2021-09-25,21:00,Sao Paulo,Atletico-MG,3-4-1-2,3-5-2,-,0,0,SP,MG,1,2021
7478,22,Sao Paulo,7,0,49%,495,82%,14,1,0,0,3,2021-09-25,21:00,Sao Paulo,Atletico-MG,3-4-1-2,3-5-2,-,0,0,SP,MG,1,2021
7479,22,America-MG,15,2,42%,369,76%,9,1,0,5,6,2021-09-26,11:04,America-MG,Flamengo,4-2-3-1,4-3-3,-,1,1,MG,RJ,1,2021
7479,22,Flamengo,9,5,58%,505,84%,12,1,0,2,6,2021-09-26,11:04,America-MG,Flamengo,4-2-3-1,4-3-3,-,1,1,MG,RJ,1,2021
7480,22,Internacional,12,7,58%,503,80%,19,2,0,0,8,2021-09-26,16:00,Internacional,Bahia,4-2-3-1,4-4-2,Internacional,2,0,RS,BA,3,2021
7480,22,Bahia,15,2,42%,347,73%,15,2,0,0,7,2021-09-26,16:00,Internacional,Bahia,4-2-3-1,4-4-2,Internacional,2,0,RS,BA,0,2021
7481,22,Bragantino,7,4,57%,521,86%,19,2,0,0,2,2021-09-26,16:00,Fluminense,Bragantino,4-3-3,4-2-3-1,Fluminense,2,1,RJ,SP,0,2021
7481,22,Fluminense,16,6,43%,404,81%,11,2,0,2,4,2021-09-26,16:00,Fluminense,Bragantino,4-3-3,4-2-3-1,Fluminense,2,1,RJ,SP,3,2021
7482,22,Santos,19,3,63%,534,86%,16,0,0,1,5,2021-09-26,16:00,Juventude,Santos,3-4-2-1,3-4-1-2,Juventude,3,0,RS,SP,0,2021
7482,22,Juventude,6,4,37%,325,77%,15,3,0,2,2,2021-09-26,16:00,Juventude,Santos,3-4-2-1,3-4-1-2,Juventude,3,0,RS,SP,3,2021
7484,22,Athletico-PR,16,5,54%,514,85%,17,1,0,0,3,2021-09-26,18:15,Athletico-PR,Gremio,3-4-2-1,4-2-3-1,Athletico-PR,4,2,PR,RS,3,2021
7484,22,Gremio,15,7,46%,437,82%,18,5,0,0,7,2021-09-26,18:15,Athletico-PR,Gremio,3-4-2-1,4-2-3-1,Athletico-PR,4,2,PR,RS,0,2021
7483,22,Sport,18,5,57%,452,82%,19,5,0,2,3,2021-09-26,18:16,Sport,Fortaleza,4-2-3-1,3-4-1-2,Fortaleza,0,1,PE,CE,0,2021
7483,22,Fortaleza,15,7,43%,363,76%,14,2,0,0,3,2021-09-26,18:16,Sport,Fortaleza,4-2-3-1,3-4-1-2,Fortaleza,0,1,PE,CE,3,2021
7485,22,Atletico-GO,16,3,57%,395,75%,10,1,0,1,8,2021-09-26,20:30,Atletico-GO,Cuiaba,4-2-3-1,4-4-2,-,0,0,GO,MT,1,2021
7485,22,Cuiaba,6,2,43%,312,72%,16,4,0,2,4,2021-09-26,20:30,Atletico-GO,Cuiaba,4-2-3-1,4-4-2,-,0,0,GO,MT,1,2021
7486,23,Cuiaba,14,3,53%,368,79%,13,1,0,0,4,2021-10-02,17:01,Cuiaba,America-MG,4-2-3-1,4-2-3-1,America-MG,0,2,MT,MG,0,2021
7486,23,America-MG,9,2,47%,322,78%,20,2,0,2,3,2021-10-02,17:01,Cuiaba,America-MG,4-2-3-1,4-2-3-1,America-MG,0,2,MT,MG,3,2021
7487,23,Fortaleza,14,4,68%,466,87%,14,1,0,4,10,2021-10-02,17:01,Fortaleza,Atletico-GO,3-4-1-2,4-2-3-1,Atletico-GO,0,3,CE,GO,0,2021
7487,23,Atletico-GO,6,5,32%,219,70%,20,4,0,1,4,2021-10-02,17:01,Fortaleza,Atletico-GO,3-4-1-2,4-2-3-1,Atletico-GO,0,3,CE,GO,3,2021
7488,23,Corinthians,11,7,62%,595,90%,6,0,0,1,8,2021-10-02,19:00,Bragantino,Corinthians,4-2-3-1,4-1-4-1,-,2,2,SP,SP,1,2021
7488,23,Bragantino,15,5,38%,349,82%,10,0,0,1,6,2021-10-02,19:00,Bragantino,Corinthians,4-2-3-1,4-1-4-1,-,2,2,SP,SP,1,2021
7489,23,Atletico-MG,10,3,57%,490,86%,16,4,0,2,7,2021-10-02,21:00,Atletico-MG,Internacional,4-4-2,4-2-3-1,Atletico-MG,1,0,MG,RS,3,2021
7489,23,Internacional,6,4,43%,371,78%,15,2,0,1,6,2021-10-02,21:00,Atletico-MG,Internacional,4-4-2,4-2-3-1,Atletico-MG,1,0,MG,RS,0,2021
7490,23,Flamengo,11,4,72%,777,90%,13,2,0,1,2,2021-10-03,16:00,Flamengo,Athletico-PR,4-4-2,3-4-2-1,Flamengo,3,0,RJ,PR,3,2021
7490,23,Athletico-PR,9,2,28%,295,77%,14,2,0,2,3,2021-10-03,16:00,Flamengo,Athletico-PR,4-4-2,3-4-2-1,Flamengo,3,0,RJ,PR,0,2021
7491,23,Chapecoense,6,2,37%,345,72%,11,1,0,1,7,2021-10-03,16:00,Chapecoense,Sao Paulo,4-1-4-1,3-4-1-2,-,1,1,SC,SP,1,2021
7491,23,Sao Paulo,17,8,63%,571,84%,11,1,0,3,7,2021-10-03,16:00,Chapecoense,Sao Paulo,4-1-4-1,3-4-1-2,-,1,1,SC,SP,1,2021
7492,23,Juventude,10,4,26%,215,68%,13,1,0,1,2,2021-10-03,18:15,Palmeiras,Juventude,4-1-4-1,4-1-4-1,-,1,1,SP,RS,1,2021
7492,23,Palmeiras,15,3,74%,602,88%,19,1,0,3,8,2021-10-03,18:15,Palmeiras,Juventude,4-1-4-1,4-1-4-1,-,1,1,SP,RS,1,2021
7493,23,Gremio,22,7,65%,520,87%,21,2,0,0,11,2021-10-03,20:30,Gremio,Sport,4-2-3-1,4-1-4-1,Sport,1,2,RS,PE,0,2021
7493,23,Sport,9,6,35%,293,76%,18,1,0,0,2,2021-10-03,20:30,Gremio,Sport,4-2-3-1,4-1-4-1,Sport,1,2,RS,PE,3,2021
7496,24,Bahia,3,2,28%,288,74%,18,0,1,0,0,2021-10-05,21:30,Corinthians,Bahia,4-1-4-1,4-4-2,Corinthians,3,1,SP,BA,0,2021
7496,24,Corinthians,21,11,72%,731,89%,14,0,0,0,7,2021-10-05,21:30,Corinthians,Bahia,4-1-4-1,4-4-2,Corinthians,3,1,SP,BA,3,2021
7497,24,Atletico-MG,16,5,66%,551,85%,17,1,0,3,11,2021-10-06,18:59,Chapecoense,Atletico-MG,4-4-2,4-2-3-1,-,2,2,SC,MG,1,2021
7497,24,Chapecoense,10,4,34%,282,66%,12,2,0,1,4,2021-10-06,18:59,Chapecoense,Atletico-MG,4-4-2,4-2-3-1,-,2,2,SC,MG,1,2021
7498,24,Atletico-GO,15,3,61%,487,85%,12,3,0,2,11,2021-10-06,19:00,Atletico-GO,Athletico-PR,4-2-3-1,3-4-2-1,Athletico-PR,0,2,GO,PR,0,2021
7498,24,Athletico-PR,12,4,39%,324,82%,16,3,0,1,7,2021-10-06,19:00,Atletico-GO,Athletico-PR,4-2-3-1,3-4-2-1,Athletico-PR,0,2,GO,PR,3,2021
7499,24,Juventude,9,1,56%,572,89%,11,2,0,1,6,2021-10-06,19:00,Sport,Juventude,4-2-3-1,4-1-4-1,Sport,3,1,PE,RS,0,2021
7499,24,Sport,14,8,44%,468,88%,11,2,0,1,0,2021-10-06,19:00,Sport,Juventude,4-2-3-1,4-1-4-1,Sport,3,1,PE,RS,3,2021
7500,24,Internacional,9,1,52%,373,76%,16,2,0,1,5,2021-10-06,19:00,Ceara,Internacional,4-2-3-1,4-2-3-1,-,0,0,CE,RS,1,2021
7500,24,Ceara,16,5,48%,337,77%,22,5,0,1,9,2021-10-06,19:00,Ceara,Internacional,4-2-3-1,4-2-3-1,-,0,0,CE,RS,1,2021
7501,24,Bragantino,13,4,42%,324,76%,13,1,0,1,10,2021-10-06,20:30,Bragantino,Flamengo,4-2-3-1,4-2-3-1,-,1,1,SP,RJ,1,2021
7501,24,Flamengo,11,3,58%,441,82%,20,3,0,1,4,2021-10-06,20:30,Bragantino,Flamengo,4-2-3-1,4-2-3-1,-,1,1,SP,RJ,1,2021
7504,24,Gremio,20,7,63%,571,84%,15,2,0,0,7,2021-10-06,21:29,Gremio,Cuiaba,4-2-3-1,4-4-2,-,2,2,RS,MT,1,2021
7504,24,Cuiaba,5,2,37%,360,68%,10,2,0,1,3,2021-10-06,21:29,Gremio,Cuiaba,4-2-3-1,4-4-2,-,2,2,RS,MT,1,2021
7502,24,Fluminense,8,3,54%,461,82%,13,2,0,1,5,2021-10-06,21:30,Fluminense,Fortaleza,4-3-3,3-4-2-1,Fortaleza,0,2,RJ,CE,0,2021
7502,24,Fortaleza,10,4,46%,403,79%,16,2,0,0,4,2021-10-06,21:30,Fluminense,Fortaleza,4-3-3,3-4-2-1,Fortaleza,0,2,RJ,CE,3,2021
7503,24,America-MG,27,6,61%,436,85%,14,2,0,1,8,2021-10-06,21:30,America-MG,Palmeiras,4-2-3-1,3-4-2-1,America-MG,2,1,MG,SP,3,2021
7503,24,Palmeiras,14,5,39%,301,70%,17,3,0,2,5,2021-10-06,21:30,America-MG,Palmeiras,4-2-3-1,3-4-2-1,America-MG,2,1,MG,SP,0,2021
7505,24,Santos,6,3,39%,300,70%,13,4,0,2,3,2021-10-07,18:30,Sao Paulo,Santos,4-2-3-1,3-5-2,-,1,1,SP,SP,1,2021
7505,24,Sao Paulo,14,3,61%,431,79%,19,2,0,3,9,2021-10-07,18:30,Sao Paulo,Santos,4-2-3-1,3-5-2,-,1,1,SP,SP,1,2021
7506,25,Fluminense,14,1,53%,419,83%,15,2,0,3,3,2021-10-09,16:30,Fluminense,Atletico-GO,4-3-3,4-4-2,-,0,0,RJ,GO,1,2021
7506,25,Atletico-GO,11,2,47%,389,81%,17,2,0,1,6,2021-10-09,16:30,Fluminense,Atletico-GO,4-3-3,4-4-2,-,0,0,RJ,GO,1,2021
7507,25,Ceara,11,5,45%,352,80%,10,3,0,2,5,2021-10-09,16:30,Atletico-MG,Ceara,4-2-3-1,4-2-3-1,Atletico-MG,3,1,MG,CE,0,2021
7507,25,Atletico-MG,12,4,55%,428,82%,12,1,0,2,8,2021-10-09,16:30,Atletico-MG,Ceara,4-2-3-1,4-2-3-1,Atletico-MG,3,1,MG,CE,3,2021
7508,25,Sport,11,3,33%,340,81%,14,3,0,1,7,2021-10-09,16:30,Sport,Corinthians,4-1-4-1,4-1-4-1,Sport,1,0,PE,SP,3,2021
7508,25,Corinthians,9,3,67%,707,90%,7,0,0,1,4,2021-10-09,16:30,Sport,Corinthians,4-1-4-1,4-1-4-1,Sport,1,0,PE,SP,0,2021
7509,25,Flamengo,13,6,61%,522,88%,17,2,0,0,5,2021-10-09,19:00,Fortaleza,Flamengo,5-4-1,4-2-3-1,Flamengo,0,3,CE,RJ,3,2021
7509,25,Fortaleza,6,2,39%,343,79%,10,0,1,3,3,2021-10-09,19:00,Fortaleza,Flamengo,5-4-1,4-2-3-1,Flamengo,0,3,CE,RJ,0,2021
7510,25,Athletico-PR,16,3,59%,482,84%,14,1,0,1,5,2021-10-09,19:00,Athletico-PR,Bahia,3-4-2-1,4-2-3-1,Bahia,0,2,PR,BA,0,2021
7510,25,Bahia,8,4,41%,347,74%,9,2,0,0,2,2021-10-09,19:00,Athletico-PR,Bahia,3-4-2-1,4-2-3-1,Bahia,0,2,PR,BA,3,2021
7511,25,Palmeiras,20,6,56%,457,82%,14,1,0,4,8,2021-10-09,20:59,Palmeiras,Bragantino,3-5-2,4-2-3-1,Bragantino,2,4,SP,SP,0,2021
7511,25,Bragantino,12,6,44%,379,81%,15,2,0,0,3,2021-10-09,20:59,Palmeiras,Bragantino,3-5-2,4-2-3-1,Bragantino,2,4,SP,SP,3,2021
7512,25,Juventude,14,5,59%,428,80%,24,6,0,0,3,2021-10-09,21:00,Juventude,America-MG,4-3-3,4-2-3-1,-,1,1,RS,MG,1,2021
7512,25,America-MG,10,2,41%,303,73%,26,3,0,0,4,2021-10-09,21:00,Juventude,America-MG,4-3-3,4-2-3-1,-,1,1,RS,MG,1,2021
7513,25,Chapecoense,10,4,49%,422,81%,14,1,0,1,7,2021-10-10,10:59,Internacional,Chapecoense,4-2-3-1,4-4-2,Internacional,5,2,RS,SC,0,2021
7513,25,Internacional,15,11,51%,434,83%,16,3,0,1,7,2021-10-10,10:59,Internacional,Chapecoense,4-2-3-1,4-4-2,Internacional,5,2,RS,SC,3,2021
7514,25,Gremio,8,3,40%,319,75%,25,5,1,1,3,2021-10-10,16:00,Santos,Gremio,3-4-1-2,3-4-2-1,Santos,1,0,SP,RS,0,2021
7514,25,Santos,13,5,60%,446,82%,14,4,0,1,9,2021-10-10,16:00,Santos,Gremio,3-4-1-2,3-4-2-1,Santos,1,0,SP,RS,3,2021
7515,25,Cuiaba,15,6,34%,299,74%,14,2,0,1,4,2021-10-11,20:00,Cuiaba,Sao Paulo,4-4-2,4-2-3-1,-,0,0,MT,SP,1,2021
7515,25,Sao Paulo,9,2,66%,568,87%,16,2,0,0,2,2021-10-11,20:00,Cuiaba,Sao Paulo,4-4-2,4-2-3-1,-,0,0,MT,SP,1,2021
7516,26,Bragantino,11,3,39%,308,78%,12,1,1,0,5,2021-10-12,19:00,Bragantino,Atletico-GO,4-2-3-1,4-2-3-1,Bragantino,1,0,SP,GO,3,2021
7516,26,Atletico-GO,5,3,61%,483,85%,13,4,0,0,4,2021-10-12,19:00,Bragantino,Atletico-GO,4-2-3-1,4-2-3-1,Bragantino,1,0,SP,GO,0,2021
7517,26,Palmeiras,9,2,48%,374,83%,13,2,1,1,5,2021-10-12,21:30,Bahia,Palmeiras,4-2-3-1,4-4-2,-,0,0,BA,SP,1,2021
7517,26,Bahia,17,5,52%,375,83%,22,4,0,3,14,2021-10-12,21:30,Bahia,Palmeiras,4-2-3-1,4-4-2,-,0,0,BA,SP,1,2021
7518,26,Santos,5,1,40%,336,80%,13,7,0,1,2,2021-10-13,18:59,Atletico-MG,Santos,4-2-3-1,3-4-1-2,Atletico-MG,3,1,MG,SP,0,2021
7518,26,Atletico-MG,14,6,60%,500,87%,10,2,0,0,4,2021-10-13,18:59,Atletico-MG,Santos,4-2-3-1,3-4-1-2,Atletico-MG,3,1,MG,SP,3,2021
7519,26,Athletico-PR,14,3,63%,512,82%,13,5,0,0,8,2021-10-13,18:59,Chapecoense,Athletico-PR,5-3-2,3-4-3,-,1,1,SC,PR,1,2021
7519,26,Chapecoense,20,6,37%,313,71%,17,4,0,3,5,2021-10-13,18:59,Chapecoense,Athletico-PR,5-3-2,3-4-3,-,1,1,SC,PR,1,2021
7520,26,Flamengo,14,6,64%,553,87%,17,2,0,0,6,2021-10-13,19:01,Flamengo,Juventude,4-2-3-1,3-4-1-2,Flamengo,3,1,RJ,RS,3,2021
7520,26,Juventude,10,2,36%,311,81%,14,3,0,1,6,2021-10-13,19:01,Flamengo,Juventude,4-2-3-1,3-4-1-2,Flamengo,3,1,RJ,RS,0,2021
7521,26,Fortaleza,22,8,47%,393,80%,13,2,0,0,10,2021-10-13,20:29,Fortaleza,Gremio,3-4-1-2,3-4-1-2,Fortaleza,1,0,CE,RS,3,2021
7521,26,Gremio,13,5,53%,439,82%,17,2,0,2,4,2021-10-13,20:29,Fortaleza,Gremio,3-4-1-2,3-4-1-2,Fortaleza,1,0,CE,RS,0,2021
7522,26,Corinthians,8,1,54%,568,90%,4,1,0,1,8,2021-10-13,21:00,Corinthians,Fluminense,4-1-4-1,4-3-3,Corinthians,1,0,SP,RJ,3,2021
7522,26,Fluminense,13,4,46%,503,89%,9,1,0,0,3,2021-10-13,21:00,Corinthians,Fluminense,4-1-4-1,4-3-3,Corinthians,1,0,SP,RJ,0,2021
7523,26,America-MG,10,2,51%,370,71%,23,2,0,1,6,2021-10-13,21:30,Internacional,America-MG,4-2-3-1,4-2-3-1,Internacional,3,1,RS,MG,0,2021
7523,26,Internacional,10,6,49%,355,74%,21,1,0,2,4,2021-10-13,21:30,Internacional,America-MG,4-2-3-1,4-2-3-1,Internacional,3,1,RS,MG,3,2021
7525,26,Sport,13,3,45%,394,83%,8,0,0,1,5,2021-10-14,18:59,Cuiaba,Sport,4-4-2,4-2-3-1,Cuiaba,1,0,MT,PE,0,2021
7525,26,Cuiaba,16,8,55%,491,84%,14,4,0,2,2,2021-10-14,18:59,Cuiaba,Sport,4-4-2,4-2-3-1,Cuiaba,1,0,MT,PE,3,2021
7524,26,Ceara,12,7,36%,236,64%,14,3,0,0,10,2021-10-14,19:01,Sao Paulo,Ceara,4-1-3-2,4-2-3-1,-,1,1,SP,CE,1,2021
7524,26,Sao Paulo,23,8,64%,422,80%,18,3,0,3,10,2021-10-14,19:01,Sao Paulo,Ceara,4-1-3-2,4-2-3-1,-,1,1,SP,CE,1,2021
7526,27,Chapecoense,8,1,37%,291,72%,20,3,0,2,3,2021-10-16,18:59,Chapecoense,Fortaleza,5-3-2,3-4-1-2,Fortaleza,1,2,SC,CE,0,2021
7526,27,Fortaleza,14,5,63%,498,83%,12,1,0,4,3,2021-10-16,18:59,Chapecoense,Fortaleza,5-3-2,3-4-1-2,Fortaleza,1,2,SC,CE,3,2021
7527,27,Bahia,13,3,45%,320,69%,22,2,0,2,7,2021-10-16,21:00,America-MG,Bahia,4-2-3-1,4-1-4-1,-,0,0,MG,BA,1,2021
7527,27,America-MG,15,6,55%,382,75%,12,1,0,3,8,2021-10-16,21:00,America-MG,Bahia,4-2-3-1,4-1-4-1,-,0,0,MG,BA,1,2021
7528,27,Athletico-PR,16,6,52%,439,83%,22,2,0,0,6,2021-10-17,16:00,Athletico-PR,Fluminense,3-4-2-1,4-2-3-1,Fluminense,0,1,PR,RJ,0,2021
7528,27,Fluminense,6,2,48%,420,83%,15,1,0,1,1,2021-10-17,16:00,Athletico-PR,Fluminense,3-4-2-1,4-2-3-1,Fluminense,0,1,PR,RJ,3,2021
7529,27,Palmeiras,16,3,53%,449,88%,13,3,0,4,5,2021-10-17,16:00,Palmeiras,Internacional,4-4-2,4-2-3-1,Palmeiras,1,0,SP,RS,3,2021
7529,27,Internacional,14,4,47%,423,83%,21,4,1,0,6,2021-10-17,16:00,Palmeiras,Internacional,4-4-2,4-2-3-1,Palmeiras,1,0,SP,RS,0,2021
7530,27,Ceara,23,9,59%,458,79%,13,2,0,2,11,2021-10-17,18:15,Ceara,Bragantino,4-2-3-1,4-2-3-1,-,2,2,CE,SP,1,2021
7530,27,Bragantino,19,6,41%,326,72%,14,7,0,0,1,2021-10-17,18:15,Ceara,Bragantino,4-2-3-1,4-2-3-1,-,2,2,CE,SP,1,2021
7531,27,Gremio,14,7,55%,492,82%,24,1,0,1,6,2021-10-17,18:15,Gremio,Juventude,4-2-3-1,4-3-3,Gremio,3,2,RS,RS,3,2021
7531,27,Juventude,6,3,45%,408,81%,15,3,0,0,1,2021-10-17,18:15,Gremio,Juventude,4-2-3-1,4-3-3,Gremio,3,2,RS,RS,0,2021
7532,27,Atletico-MG,22,3,64%,593,88%,7,0,0,1,8,2021-10-17,18:16,Atletico-GO,Atletico-MG,4-2-3-1,4-2-3-1,Atletico-GO,2,1,GO,MG,0,2021
7532,27,Atletico-GO,9,4,36%,335,77%,8,1,0,1,3,2021-10-17,18:16,Atletico-GO,Atletico-MG,4-2-3-1,4-2-3-1,Atletico-GO,2,1,GO,MG,3,2021
7533,27,Sport,14,3,46%,385,77%,14,1,0,0,8,2021-10-17,20:30,Sport,Santos,4-2-3-1,3-4-1-2,-,0,0,PE,SP,1,2021
7533,27,Santos,10,2,54%,461,83%,11,3,0,2,4,2021-10-17,20:30,Sport,Santos,4-2-3-1,3-4-1-2,-,0,0,PE,SP,1,2021
7534,27,Flamengo,16,4,71%,691,86%,12,1,0,1,12,2021-10-17,20:30,Flamengo,Cuiaba,4-2-3-1,4-4-2,-,0,0,RJ,MT,1,2021
7534,27,Cuiaba,2,0,29%,303,67%,7,1,0,2,2,2021-10-17,20:30,Flamengo,Cuiaba,4-2-3-1,4-4-2,-,0,0,RJ,MT,1,2021
7535,27,Sao Paulo,8,2,45%,420,81%,21,3,0,4,6,2021-10-18,20:00,Sao Paulo,Corinthians,4-1-3-2,4-1-4-1,Sao Paulo,1,0,SP,SP,3,2021
7535,27,Corinthians,10,2,55%,500,86%,8,2,0,2,5,2021-10-18,20:00,Sao Paulo,Corinthians,4-1-3-2,4-1-4-1,Sao Paulo,1,0,SP,SP,0,2021
7452,19,Ceara,14,5,47%,368,82%,19,4,0,2,7,2021-10-20,19:02,Ceara,Palmeiras,4-2-3-1,4-2-3-1,Palmeiras,1,2,CE,SP,0,2021
7452,19,Palmeiras,12,5,53%,427,83%,11,2,0,3,6,2021-10-20,19:02,Ceara,Palmeiras,4-2-3-1,4-2-3-1,Palmeiras,1,2,CE,SP,3,2021
7453,19,Bragantino,15,6,58%,473,85%,13,2,0,1,6,2021-10-21,20:00,Internacional,Bragantino,4-2-3-1,4-4-2,-,1,1,RS,SP,1,2021
7453,19,Internacional,9,4,42%,353,77%,18,5,0,1,1,2021-10-21,20:00,Internacional,Bragantino,4-2-3-1,4-4-2,-,1,1,RS,SP,1,2021
7536,28,America-MG,16,4,51%,441,82%,12,2,0,3,5,2021-10-23,16:59,Santos,America-MG,4-2-3-1,4-2-3-1,America-MG,0,2,SP,MG,3,2021
7536,28,Santos,14,6,49%,431,80%,10,1,1,1,3,2021-10-23,16:59,Santos,America-MG,4-2-3-1,4-2-3-1,America-MG,0,2,SP,MG,0,2021
7537,28,Ceara,4,2,37%,294,72%,20,2,0,2,3,2021-10-23,17:00,Juventude,Ceara,4-3-3,4-2-3-1,-,0,0,RS,CE,1,2021
7537,28,Juventude,26,8,63%,496,87%,15,1,0,0,9,2021-10-23,17:00,Juventude,Ceara,4-3-3,4-2-3-1,-,0,0,RS,CE,1,2021
7538,28,Flamengo,16,3,73%,543,84%,16,3,0,1,7,2021-10-23,19:00,Fluminense,Flamengo,4-2-3-1,4-2-3-1,Fluminense,3,1,RJ,RJ,0,2021
7538,28,Fluminense,11,6,27%,206,64%,22,6,0,1,5,2021-10-23,19:00,Fluminense,Flamengo,4-2-3-1,4-2-3-1,Fluminense,3,1,RJ,RJ,3,2021
7539,28,Fortaleza,16,7,54%,442,84%,13,2,0,0,4,2021-10-23,19:16,Fortaleza,Athletico-PR,3-4-1-2,4-2-3-1,Fortaleza,3,0,CE,PR,3,2021
7539,28,Athletico-PR,13,4,46%,365,81%,12,2,0,0,10,2021-10-23,19:16,Fortaleza,Athletico-PR,3-4-1-2,4-2-3-1,Fortaleza,3,0,CE,PR,0,2021
7540,28,Corinthians,13,2,51%,514,83%,11,3,1,1,2,2021-10-24,16:00,Internacional,Corinthians,4-2-3-1,4-3-3,-,2,2,RS,SP,1,2021
7540,28,Internacional,11,6,49%,482,84%,23,3,1,4,3,2021-10-24,16:00,Internacional,Corinthians,4-2-3-1,4-3-3,-,2,2,RS,SP,1,2021
7541,28,Cuiaba,7,2,46%,428,82%,13,0,0,0,2,2021-10-24,16:00,Atletico-MG,Cuiaba,4-2-3-1,4-4-2,Atletico-MG,2,1,MG,MT,0,2021
7541,28,Atletico-MG,21,9,54%,487,85%,12,0,0,1,7,2021-10-24,16:00,Atletico-MG,Cuiaba,4-2-3-1,4-4-2,Atletico-MG,2,1,MG,MT,3,2021
7542,28,Sao Paulo,15,5,56%,441,82%,19,0,0,2,5,2021-10-24,18:16,Bragantino,Sao Paulo,4-2-3-1,4-1-2-1-2,Bragantino,1,0,SP,SP,0,2021
7542,28,Bragantino,16,5,44%,357,80%,14,3,0,1,3,2021-10-24,18:16,Bragantino,Sao Paulo,4-2-3-1,4-1-2-1-2,Bragantino,1,0,SP,SP,3,2021
7543,28,Chapecoense,11,1,47%,450,84%,11,1,0,0,9,2021-10-24,20:29,Bahia,Chapecoense,4-4-2,5-3-2,Bahia,3,0,BA,SC,0,2021
7543,28,Bahia,15,6,53%,519,87%,6,1,0,0,4,2021-10-24,20:29,Bahia,Chapecoense,4-4-2,5-3-2,Bahia,3,0,BA,SC,3,2021
7544,28,Atletico-GO,11,6,46%,360,79%,11,2,0,0,3,2021-10-25,19:59,Atletico-GO,Gremio,4-2-3-1,4-2-3-1,Atletico-GO,2,0,GO,RS,3,2021
7544,28,Gremio,19,5,54%,404,84%,17,7,1,1,11,2021-10-25,19:59,Atletico-GO,Gremio,4-2-3-1,4-2-3-1,Atletico-GO,2,0,GO,RS,0,2021
7545,28,Palmeiras,37,16,65%,472,84%,10,1,0,1,23,2021-10-25,21:30,Palmeiras,Sport,4-2-3-1,4-2-3-1,Palmeiras,2,1,SP,PE,3,2021
7545,28,Sport,6,1,35%,284,70%,20,3,0,0,0,2021-10-25,21:30,Palmeiras,Sport,4-2-3-1,4-2-3-1,Palmeiras,2,1,SP,PE,0,2021
7494,23,Fluminense,17,4,56%,468,81%,10,2,0,0,4,2021-10-27,18:59,Santos,Fluminense,3-4-3,4-2-3-1,Santos,2,0,SP,RJ,0,2021
7494,23,Santos,11,5,44%,385,76%,18,2,0,0,2,2021-10-27,18:59,Santos,Fluminense,3-4-3,4-2-3-1,Santos,2,0,SP,RJ,3,2021
7495,23,Ceara,9,4,45%,352,82%,13,1,1,2,5,2021-10-27,19:00,Bahia,Ceara,4-1-4-1,4-4-2,-,1,1,BA,CE,1,2021
7495,23,Bahia,13,7,55%,410,83%,19,3,0,0,8,2021-10-27,19:00,Bahia,Ceara,4-1-4-1,4-4-2,-,1,1,BA,CE,1,2021
7546,34,Sport,17,4,55%,472,83%,14,6,0,0,7,2021-10-28,19:00,Bragantino,Sport,4-4-2,4-2-3-1,Bragantino,3,0,SP,PE,0,2021
7546,34,Bragantino,16,3,45%,387,82%,17,3,0,0,8,2021-10-28,19:00,Bragantino,Sport,4-4-2,4-2-3-1,Bragantino,3,0,SP,PE,3,2021
7556,29,Santos,10,2,33%,305,72%,9,2,0,1,2,2021-10-30,17:00,Athletico-PR,Santos,3-4-3,3-4-3,Santos,0,1,PR,SP,3,2021
7556,29,Athletico-PR,29,6,67%,584,83%,11,1,0,0,8,2021-10-30,17:00,Athletico-PR,Santos,3-4-3,3-4-3,Santos,0,1,PR,SP,0,2021
7557,29,Atletico-MG,16,2,63%,453,77%,19,2,0,1,7,2021-10-30,19:01,Flamengo,Atletico-MG,4-2-3-1,4-2-3-1,Flamengo,1,0,RJ,MG,0,2021
7557,29,Flamengo,8,3,37%,269,70%,22,4,0,1,2,2021-10-30,19:01,Flamengo,Atletico-MG,4-2-3-1,4-2-3-1,Flamengo,1,0,RJ,MG,3,2021
7558,29,Bahia,9,0,40%,326,66%,17,1,0,0,3,2021-10-30,19:15,Juventude,Bahia,4-2-3-1,4-3-3,-,0,0,RS,BA,1,2021
7558,29,Juventude,18,3,60%,475,82%,13,2,0,2,7,2021-10-30,19:15,Juventude,Bahia,4-2-3-1,4-3-3,-,0,0,RS,BA,1,2021
7559,29,Fortaleza,12,8,55%,401,75%,19,5,0,2,5,2021-10-30,22:01,America-MG,Fortaleza,4-1-3-2,3-4-1-2,America-MG,2,1,MG,CE,0,2021
7559,29,America-MG,23,8,45%,335,71%,13,0,0,1,7,2021-10-30,22:01,America-MG,Fortaleza,4-1-3-2,3-4-1-2,America-MG,2,1,MG,CE,3,2021
7560,29,Palmeiras,11,5,51%,410,81%,12,2,0,0,2,2021-10-31,16:01,Gremio,Palmeiras,4-2-3-1,4-2-3-1,Palmeiras,1,3,RS,SP,3,2021
7560,29,Gremio,15,5,49%,397,80%,26,5,0,2,4,2021-10-31,16:01,Gremio,Palmeiras,4-2-3-1,4-2-3-1,Palmeiras,1,3,RS,SP,0,2021
7561,29,Fluminense,17,0,73%,546,88%,7,2,0,3,7,2021-10-31,16:02,Ceara,Fluminense,4-2-3-1,4-2-3-1,Ceara,1,0,CE,RJ,0,2021
7561,29,Ceara,8,2,27%,217,70%,8,4,1,1,4,2021-10-31,16:02,Ceara,Fluminense,4-2-3-1,4-2-3-1,Ceara,1,0,CE,RJ,3,2021
7562,29,Sao Paulo,21,8,53%,494,85%,17,0,0,4,5,2021-10-31,18:15,Sao Paulo,Internacional,5-3-2,4-3-3,Sao Paulo,1,0,SP,RS,3,2021
7562,29,Internacional,9,3,47%,457,81%,13,2,0,0,1,2021-10-31,18:15,Sao Paulo,Internacional,5-3-2,4-3-3,Sao Paulo,1,0,SP,RS,0,2021
7563,29,Atletico-GO,16,3,51%,429,81%,13,3,0,0,3,2021-10-31,20:29,Sport,Atletico-GO,4-1-4-1,4-2-3-1,Sport,2,0,PE,GO,0,2021
7563,29,Sport,22,6,49%,403,84%,15,4,0,2,6,2021-10-31,20:29,Sport,Atletico-GO,4-1-4-1,4-2-3-1,Sport,2,0,PE,GO,3,2021
7564,29,Cuiaba,20,6,58%,484,86%,8,2,0,1,7,2021-11-01,20:00,Cuiaba,Bragantino,4-1-2-1-2,4-4-2,Cuiaba,1,0,MT,SP,3,2021
7564,29,Bragantino,13,8,42%,363,83%,16,3,0,1,2,2021-11-01,20:00,Cuiaba,Bragantino,4-1-2-1-2,4-4-2,Cuiaba,1,0,MT,SP,0,2021
7565,29,Chapecoense,2,2,20%,200,68%,19,4,0,0,0,2021-11-01,21:29,Corinthians,Chapecoense,4-3-3,4-5-1,Corinthians,1,0,SP,SC,0,2021
7565,29,Corinthians,18,5,80%,746,90%,12,1,0,0,14,2021-11-01,21:29,Corinthians,Chapecoense,4-3-3,4-5-1,Corinthians,1,0,SP,SC,3,2021
7305,4,Flamengo,13,6,42%,311,72%,15,2,0,0,3,2021-11-02,16:00,Athletico-PR,Flamengo,3-4-3,4-4-2,-,2,2,PR,RJ,1,2021
7305,4,Athletico-PR,21,5,58%,407,79%,8,4,0,3,7,2021-11-02,16:00,Athletico-PR,Flamengo,3-4-3,4-4-2,-,2,2,PR,RJ,1,2021
7454,19,Gremio,14,5,47%,388,82%,14,6,0,2,8,2021-11-03,21:00,Atletico-MG,Gremio,4-4-2,4-3-3,Atletico-MG,2,1,MG,RS,0,2021
7454,19,Atletico-MG,15,4,53%,445,82%,10,5,0,2,1,2021-11-03,21:00,Atletico-MG,Gremio,4-4-2,4-3-3,Atletico-MG,2,1,MG,RS,3,2021
7566,31,Cuiaba,16,3,57%,480,86%,13,1,0,3,6,2021-11-04,21:00,Cuiaba,Chapecoense,4-3-3,4-5-1,-,0,0,MT,SC,1,2021
7566,31,Chapecoense,7,2,43%,385,81%,15,1,0,0,2,2021-11-04,21:00,Cuiaba,Chapecoense,4-3-3,4-5-1,-,0,0,MT,SC,1,2021
7455,19,Flamengo,23,7,52%,480,85%,10,2,0,4,9,2021-11-05,21:31,Flamengo,Atletico-GO,4-4-2,4-2-3-1,Flamengo,2,0,RJ,GO,3,2021
7455,19,Atletico-GO,10,2,48%,443,80%,15,1,0,2,7,2021-11-05,21:31,Flamengo,Atletico-GO,4-4-2,4-2-3-1,Flamengo,2,0,RJ,GO,0,2021
7576,30,Fortaleza,9,2,41%,367,79%,26,3,0,2,4,2021-11-06,17:00,Corinthians,Fortaleza,4-2-3-1,3-4-1-2,Corinthians,1,0,SP,CE,0,2021
7576,30,Corinthians,14,6,59%,501,86%,18,3,0,0,8,2021-11-06,17:00,Corinthians,Fortaleza,4-2-3-1,3-4-1-2,Corinthians,1,0,SP,CE,3,2021
7577,30,Internacional,9,2,39%,296,72%,19,1,1,1,4,2021-11-06,19:00,Internacional,Gremio,4-2-3-1,4-3-3,Internacional,1,0,RS,RS,3,2021
7577,30,Gremio,8,5,61%,451,80%,17,3,1,1,8,2021-11-06,19:00,Internacional,Gremio,4-2-3-1,4-3-3,Internacional,1,0,RS,RS,0,2021
7578,30,Sport,8,2,38%,325,77%,12,1,0,2,4,2021-11-06,21:00,Fluminense,Sport,4-2-2-2,4-1-4-1,Fluminense,1,0,RJ,PE,0,2021
7578,30,Fluminense,21,3,62%,534,85%,11,1,0,2,5,2021-11-06,21:00,Fluminense,Sport,4-2-2-2,4-1-4-1,Fluminense,1,0,RJ,PE,3,2021
7581,30,Palmeiras,15,6,51%,453,83%,17,2,0,2,2,2021-11-07,13:58,Santos,Palmeiras,5-4-1,4-2-3-1,Palmeiras,0,2,SP,SP,3,2021
7581,30,Santos,12,4,49%,426,83%,14,3,0,1,4,2021-11-07,13:58,Santos,Palmeiras,5-4-1,4-2-3-1,Palmeiras,0,2,SP,SP,0,2021
7579,30,Bragantino,11,3,59%,452,82%,16,2,0,1,5,2021-11-07,16:00,Bragantino,Athletico-PR,4-2-3-1,3-4-2-1,Athletico-PR,0,2,SP,PR,0,2021
7579,30,Athletico-PR,8,5,41%,337,75%,25,3,0,1,1,2021-11-07,16:00,Bragantino,Athletico-PR,4-2-3-1,3-4-2-1,Athletico-PR,0,2,SP,PR,3,2021
7580,30,America-MG,16,4,43%,372,79%,10,2,0,2,1,2021-11-07,16:00,Atletico-MG,America-MG,4-2-3-1,4-3-3,Atletico-MG,1,0,MG,MG,0,2021
7580,30,Atletico-MG,18,7,57%,479,81%,21,3,0,1,9,2021-11-07,16:00,Atletico-MG,America-MG,4-2-3-1,4-3-3,Atletico-MG,1,0,MG,MG,3,2021
7582,30,Sao Paulo,8,3,57%,521,85%,18,2,0,4,6,2021-11-07,18:15,Bahia,Sao Paulo,4-1-4-1,3-5-2,Bahia,1,0,BA,SP,0,2021
7582,30,Bahia,15,4,43%,378,79%,11,1,0,4,11,2021-11-07,18:15,Bahia,Sao Paulo,4-1-4-1,3-5-2,Bahia,1,0,BA,SP,3,2021
7583,30,Ceara,16,4,49%,333,78%,15,3,0,2,8,2021-11-07,20:31,Ceara,Cuiaba,4-2-3-1,4-4-2,Ceara,1,0,CE,MT,3,2021
7583,30,Cuiaba,7,1,51%,347,76%,13,1,0,4,4,2021-11-07,20:31,Ceara,Cuiaba,4-2-3-1,4-4-2,Ceara,1,0,CE,MT,0,2021
7584,30,Chapecoense,14,3,40%,302,69%,14,2,1,3,7,2021-11-08,11:06,Chapecoense,Flamengo,4-2-3-1,4-4-2,-,2,2,SC,RJ,1,2021
7584,30,Flamengo,21,10,60%,452,84%,11,3,1,5,6,2021-11-08,11:06,Chapecoense,Flamengo,4-2-3-1,4-4-2,-,2,2,SC,RJ,1,2021
7567,31,Gremio,25,7,46%,445,83%,18,3,0,0,6,2021-11-09,21:33,Gremio,Fluminense,4-2-3-1,4-4-2,Gremio,1,0,RS,RJ,3,2021
7567,31,Fluminense,11,5,54%,513,84%,9,1,0,1,0,2021-11-09,21:33,Gremio,Fluminense,4-2-3-1,4-4-2,Gremio,1,0,RS,RJ,0,2021
7568,31,Athletico-PR,13,4,52%,429,82%,9,4,0,0,6,2021-11-10,18:31,Athletico-PR,Ceara,3-4-3,4-2-3-1,Athletico-PR,2,1,PR,CE,3,2021
7568,31,Ceara,14,4,48%,407,76%,10,3,1,2,3,2021-11-10,18:31,Athletico-PR,Ceara,3-4-3,4-2-3-1,Athletico-PR,2,1,PR,CE,0,2021
7570,31,Santos,11,5,42%,361,78%,11,2,0,3,5,2021-11-10,18:59,Santos,Bragantino,3-4-1-2,4-2-3-1,Santos,2,0,SP,SP,3,2021
7570,31,Bragantino,14,3,58%,478,82%,10,1,0,0,7,2021-11-10,18:59,Santos,Bragantino,3-4-1-2,4-2-3-1,Santos,2,0,SP,SP,0,2021
7569,31,Corinthians,7,0,54%,493,88%,4,2,0,1,5,2021-11-10,19:01,Atletico-MG,Corinthians,4-2-3-1,4-1-4-1,Atletico-MG,3,0,MG,SP,0,2021
7569,31,Atletico-MG,11,5,46%,434,87%,20,2,0,1,8,2021-11-10,19:01,Atletico-MG,Corinthians,4-2-3-1,4-1-4-1,Atletico-MG,3,0,MG,SP,3,2021
7571,31,Palmeiras,14,7,49%,443,89%,10,1,0,1,5,2021-11-10,20:29,Palmeiras,Atletico-GO,4-2-3-1,4-1-4-1,Palmeiras,4,0,SP,GO,3,2021
7571,31,Atletico-GO,10,0,51%,442,88%,13,3,0,0,8,2021-11-10,20:29,Palmeiras,Atletico-GO,4-2-3-1,4-1-4-1,Palmeiras,4,0,SP,GO,0,2021
7574,31,Internacional,14,3,54%,483,85%,15,4,0,0,3,2021-11-10,21:30,Juventude,Internacional,4-4-2,4-2-3-1,Juventude,2,1,RS,RS,0,2021
7574,31,Juventude,14,3,46%,416,86%,19,2,0,1,2,2021-11-10,21:30,Juventude,Internacional,4-4-2,4-2-3-1,Juventude,2,1,RS,RS,3,2021
7572,31,Sao Paulo,11,3,60%,471,83%,11,5,0,3,5,2021-11-10,21:31,Fortaleza,Sao Paulo,3-4-1-2,3-1-4-2,-,1,1,CE,SP,1,2021
7572,31,Fortaleza,15,3,40%,333,77%,15,4,0,5,6,2021-11-10,21:31,Fortaleza,Sao Paulo,3-4-1-2,3-1-4-2,-,1,1,CE,SP,1,2021
7573,31,Sport,11,3,41%,346,76%,11,2,1,0,6,2021-11-10,21:31,Sport,America-MG,4-1-4-1,4-1-4-1,America-MG,2,3,PE,MG,0,2021
7573,31,America-MG,14,6,59%,497,82%,14,3,0,1,9,2021-11-10,21:31,Sport,America-MG,4-1-4-1,4-1-4-1,America-MG,2,3,PE,MG,3,2021
7575,31,Flamengo,17,6,68%,557,89%,14,0,1,3,8,2021-11-11,19:01,Flamengo,Bahia,4-2-3-1,4-2-3-1,Flamengo,3,0,RJ,BA,3,2021
7575,31,Bahia,7,2,32%,268,74%,9,1,2,2,3,2021-11-11,19:01,Flamengo,Bahia,4-2-3-1,4-2-3-1,Flamengo,3,0,RJ,BA,0,2021
7587,32,Gremio,26,8,60%,515,83%,16,1,0,3,9,2021-11-13,09:50,America-MG,Gremio,4-1-4-1,4-2-3-1,America-MG,3,1,MG,RS,0,2021
7587,32,America-MG,12,6,40%,362,74%,14,3,0,1,3,2021-11-13,09:50,America-MG,Gremio,4-1-4-1,4-2-3-1,America-MG,3,1,MG,RS,3,2021
7586,32,Atletico-GO,9,3,66%,423,75%,13,2,0,2,14,2021-11-13,17:10,Atletico-GO,Santos,4-2-3-1,3-4-1-2,-,0,0,GO,SP,1,2021
7586,32,Santos,6,0,34%,233,57%,13,3,0,5,2,2021-11-13,17:10,Atletico-GO,Santos,4-2-3-1,3-4-1-2,-,0,0,GO,SP,1,2021
7588,32,Fortaleza,13,2,56%,437,84%,12,4,0,2,5,2021-11-13,18:58,Bragantino,Fortaleza,4-2-3-1,3-4-1-2,Bragantino,3,0,SP,CE,0,2021
7588,32,Bragantino,11,5,44%,356,79%,25,3,0,1,2,2021-11-13,18:58,Bragantino,Fortaleza,4-2-3-1,3-4-1-2,Bragantino,3,0,SP,CE,3,2021
7589,32,Internacional,16,4,47%,380,81%,17,7,0,4,5,2021-11-13,19:00,Internacional,Athletico-PR,4-2-3-1,3-4-3,Internacional,2,1,RS,PR,3,2021
7589,32,Athletico-PR,10,1,53%,423,85%,13,3,0,1,5,2021-11-13,19:00,Internacional,Athletico-PR,4-2-3-1,3-4-3,Internacional,2,1,RS,PR,0,2021
7590,32,Cuiaba,9,6,45%,444,85%,9,1,0,3,5,2021-11-13,21:00,Corinthians,Cuiaba,4-5-1,4-2-3-1,Corinthians,3,2,SP,MT,0,2021
7590,32,Corinthians,12,4,55%,536,88%,15,1,0,1,4,2021-11-13,21:00,Corinthians,Cuiaba,4-5-1,4-2-3-1,Corinthians,3,2,SP,MT,3,2021
7591,32,Flamengo,15,7,60%,549,88%,9,1,0,2,3,2021-11-14,16:01,Sao Paulo,Flamengo,4-3-1-2,4-4-2,Flamengo,0,4,SP,RJ,3,2021
7591,32,Sao Paulo,6,3,40%,375,78%,6,1,1,0,1,2021-11-14,16:01,Sao Paulo,Flamengo,4-3-1-2,4-4-2,Flamengo,0,4,SP,RJ,0,2021
7592,32,Fluminense,9,3,53%,480,83%,12,3,1,0,5,2021-11-14,18:15,Fluminense,Palmeiras,4-2-3-1,4-2-3-1,Fluminense,2,1,RJ,SP,3,2021
7592,32,Palmeiras,11,4,47%,443,84%,20,4,2,0,2,2021-11-14,18:15,Fluminense,Palmeiras,4-2-3-1,4-2-3-1,Fluminense,2,1,RJ,SP,0,2021
7593,32,Ceara,12,3,38%,291,75%,12,1,0,0,2,2021-11-14,19:01,Ceara,Sport,4-2-3-1,4-1-4-1,Ceara,2,1,CE,PE,3,2021
7593,32,Sport,21,8,62%,472,84%,17,2,0,1,6,2021-11-14,19:01,Ceara,Sport,4-2-3-1,4-1-4-1,Ceara,2,1,CE,PE,0,2021
7594,32,Juventude,10,3,45%,408,83%,17,3,0,0,3,2021-11-14,19:03,Chapecoense,Juventude,4-3-3,4-2-3-1,Juventude,0,2,SC,RS,3,2021
7594,32,Chapecoense,12,4,55%,473,89%,15,3,0,2,6,2021-11-14,19:03,Chapecoense,Juventude,4-3-3,4-2-3-1,Juventude,0,2,SC,RS,0,2021
7596,33,Atletico-MG,9,2,56%,520,85%,14,2,0,1,6,2021-11-16,16:00,Athletico-PR,Atletico-MG,3-5-2,4-2-2-2,Atletico-MG,0,1,PR,MG,3,2021
7596,33,Athletico-PR,8,1,44%,408,80%,15,1,0,0,3,2021-11-16,16:00,Athletico-PR,Atletico-MG,3-5-2,4-2-2-2,Atletico-MG,0,1,PR,MG,0,2021
7597,33,Bragantino,7,2,47%,417,80%,17,2,0,0,1,2021-11-16,18:00,Gremio,Bragantino,4-2-3-1,4-2-3-1,Gremio,3,0,RS,SP,0,2021
7597,33,Gremio,25,10,53%,451,82%,15,0,0,2,11,2021-11-16,18:00,Gremio,Bragantino,4-2-3-1,4-2-3-1,Gremio,3,0,RS,SP,3,2021
7598,33,America-MG,23,4,59%,498,82%,7,1,0,2,2,2021-11-17,18:59,America-MG,Atletico-GO,4-1-4-1,4-2-3-1,-,0,0,MG,GO,1,2021
7598,33,Atletico-GO,14,1,41%,353,73%,14,1,0,1,5,2021-11-17,18:59,America-MG,Atletico-GO,4-1-4-1,4-2-3-1,-,0,0,MG,GO,1,2021
7599,33,Chapecoense,15,5,57%,523,83%,14,2,0,0,5,2021-11-17,18:59,Santos,Chapecoense,3-4-1-2,4-5-1,Santos,2,0,SP,SC,0,2021
7599,33,Santos,9,3,43%,395,83%,14,1,0,1,2,2021-11-17,18:59,Santos,Chapecoense,3-4-1-2,4-5-1,Santos,2,0,SP,SC,3,2021
7600,33,Cuiaba,21,5,48%,408,84%,14,4,0,1,6,2021-11-17,18:59,Cuiaba,Internacional,4-3-3,4-2-3-1,Cuiaba,1,0,MT,RS,3,2021
7600,33,Internacional,11,4,52%,429,82%,17,1,0,1,4,2021-11-17,18:59,Cuiaba,Internacional,4-3-3,4-2-3-1,Cuiaba,1,0,MT,RS,0,2021
7601,33,Ceara,13,5,37%,239,61%,14,4,0,2,1,2021-11-17,20:00,Fortaleza,Ceara,3-4-1-2,4-2-3-1,Ceara,0,4,CE,CE,3,2021
7601,33,Fortaleza,17,8,63%,402,80%,14,1,0,1,5,2021-11-17,20:00,Fortaleza,Ceara,3-4-1-2,4-2-3-1,Ceara,0,4,CE,CE,0,2021
7602,33,Sao Paulo,16,6,43%,342,78%,19,2,0,3,3,2021-11-17,20:29,Palmeiras,Sao Paulo,4-1-4-1,4-4-2,Sao Paulo,0,2,SP,SP,3,2021
7602,33,Palmeiras,16,4,57%,422,83%,12,1,0,1,7,2021-11-17,20:29,Palmeiras,Sao Paulo,4-1-4-1,4-4-2,Sao Paulo,0,2,SP,SP,0,2021
7603,33,Fluminense,7,1,67%,619,86%,19,1,0,1,5,2021-11-17,20:31,Juventude,Fluminense,4-4-2,4-3-3,Juventude,1,0,RS,RJ,0,2021
7603,33,Juventude,15,7,33%,309,77%,20,2,0,1,2,2021-11-17,20:31,Juventude,Fluminense,4-4-2,4-3-3,Juventude,1,0,RS,RJ,3,2021
7604,33,Flamengo,22,6,57%,493,83%,15,1,0,2,8,2021-11-17,21:30,Flamengo,Corinthians,4-3-3,4-3-3,Flamengo,1,0,RJ,SP,3,2021
7604,33,Corinthians,6,1,43%,390,73%,8,2,0,0,1,2021-11-17,21:30,Flamengo,Corinthians,4-3-3,4-3-3,Flamengo,1,0,RJ,SP,0,2021
7605,33,Sport,16,4,42%,369,83%,19,1,0,0,3,2021-11-18,20:59,Sport,Bahia,4-3-3,4-2-3-1,Sport,1,0,PE,BA,3,2021
7605,33,Bahia,14,4,58%,498,83%,14,3,0,0,5,2021-11-18,20:59,Sport,Bahia,4-3-3,4-2-3-1,Sport,1,0,PE,BA,0,2021
7547,34,Juventude,2,0,39%,387,80%,13,2,0,0,1,2021-11-20,19:00,Atletico-MG,Juventude,4-2-3-1,5-4-1,Atletico-MG,2,0,MG,RS,0,2021
7547,34,Atletico-MG,18,5,61%,588,90%,20,1,0,1,5,2021-11-20,19:00,Atletico-MG,Juventude,4-2-3-1,5-4-1,Atletico-MG,2,0,MG,RS,3,2021
7549,34,Gremio,24,6,63%,518,84%,18,1,0,0,4,2021-11-20,19:00,Chapecoense,Gremio,4-5-1,4-2-3-1,Gremio,1,3,SC,RS,3,2021
7549,34,Chapecoense,10,4,37%,308,70%,19,1,0,0,4,2021-11-20,19:00,Chapecoense,Gremio,4-5-1,4-2-3-1,Gremio,1,3,SC,RS,0,2021
7548,34,Palmeiras,13,4,67%,528,83%,12,2,0,2,6,2021-11-20,19:02,Fortaleza,Palmeiras,3-4-1-2,4-1-4-1,Fortaleza,1,0,CE,SP,0,2021
7548,34,Fortaleza,8,3,33%,267,70%,22,3,0,2,2,2021-11-20,19:02,Fortaleza,Palmeiras,3-4-1-2,4-1-4-1,Fortaleza,1,0,CE,SP,3,2021
7550,34,Ceara,5,2,40%,320,76%,21,3,0,5,1,2021-11-20,21:00,Atletico-GO,Ceara,4-2-3-1,4-2-3-1,-,1,1,GO,CE,1,2021
7550,34,Atletico-GO,20,4,60%,459,84%,10,0,0,0,10,2021-11-20,21:00,Atletico-GO,Ceara,4-2-3-1,4-2-3-1,-,1,1,GO,CE,1,2021
7551,34,Flamengo,15,8,48%,439,83%,13,1,0,3,5,2021-11-20,21:30,Internacional,Flamengo,4-2-3-1,4-2-3-1,Flamengo,1,2,RS,RJ,3,2021
7551,34,Internacional,22,9,52%,452,84%,14,2,0,3,8,2021-11-20,21:30,Internacional,Flamengo,4-2-3-1,4-2-3-1,Flamengo,1,2,RS,RJ,0,2021
7552,34,Corinthians,23,11,65%,640,90%,6,1,0,0,11,2021-11-21,16:01,Corinthians,Santos,4-3-3,3-4-2-1,Corinthians,2,0,SP,SP,3,2021
7552,34,Santos,9,1,35%,344,86%,8,0,0,1,4,2021-11-21,16:01,Corinthians,Santos,4-3-3,3-4-2-1,Corinthians,2,0,SP,SP,0,2021
7553,34,Fluminense,11,5,48%,384,80%,21,1,0,1,2,2021-11-21,17:01,Fluminense,America-MG,4-3-3,4-1-4-1,Fluminense,2,0,RJ,MG,3,2021
7553,34,America-MG,9,3,52%,415,82%,17,2,0,0,1,2021-11-21,17:01,Fluminense,America-MG,4-3-3,4-1-4-1,Fluminense,2,0,RJ,MG,0,2021
7554,34,Cuiaba,8,0,45%,391,76%,9,0,0,4,4,2021-11-21,19:00,Bahia,Cuiaba,4-2-3-1,4-4-2,-,0,0,BA,MT,1,2021
7554,34,Bahia,19,3,55%,470,82%,12,1,0,0,8,2021-11-21,19:00,Bahia,Cuiaba,4-2-3-1,4-4-2,-,0,0,BA,MT,1,2021
7285,2,Flamengo,12,6,49%,433,83%,14,2,0,1,4,2021-11-23,21:01,Gremio,Flamengo,4-2-3-1,4-2-3-1,-,2,2,RS,RJ,1,2021
7285,2,Gremio,18,8,51%,427,81%,14,2,2,2,5,2021-11-23,21:01,Gremio,Flamengo,4-2-3-1,4-2-3-1,-,2,2,RS,RJ,1,2021
7585,30,Juventude,12,5,49%,431,87%,16,2,0,1,2,2021-11-23,19:01,Atletico-GO,Juventude,4-2-3-1,4-4-2,-,1,1,GO,RS,1,2021
7585,30,Atletico-GO,15,8,51%,434,87%,19,1,0,2,6,2021-11-23,19:01,Atletico-GO,Juventude,4-2-3-1,4-4-2,-,1,1,GO,RS,1,2021
7606,35,Palmeiras,11,7,43%,314,77%,16,4,0,0,2,2021-11-23,21:29,Palmeiras,Atletico-MG,3-4-3,4-2-2-2,-,2,2,SP,MG,1,2021
7606,35,Atletico-MG,15,5,57%,410,82%,22,3,0,0,6,2021-11-23,21:29,Palmeiras,Atletico-MG,3-4-3,4-2-2-2,-,2,2,SP,MG,1,2021
7555,34,Athletico-PR,3,0,29%,252,64%,15,2,0,2,0,2021-11-24,21:31,Sao Paulo,Athletico-PR,4-4-2,3-4-3,-,0,0,SP,PR,1,2021
7555,34,Sao Paulo,20,2,71%,597,84%,14,3,0,1,9,2021-11-24,21:31,Sao Paulo,Athletico-PR,4-4-2,3-4-3,-,0,0,SP,PR,1,2021
7607,35,Internacional,14,4,70%,583,87%,18,5,1,0,7,2021-11-24,21:30,Fluminense,Internacional,4-3-3,4-2-3-1,Fluminense,1,0,RJ,RS,0,2021
7607,35,Fluminense,9,1,30%,262,69%,20,5,0,1,1,2021-11-24,21:30,Fluminense,Internacional,4-3-3,4-2-3-1,Fluminense,1,0,RJ,RS,3,2021
7608,35,Fortaleza,11,2,44%,331,75%,15,2,0,5,4,2021-11-25,19:00,Santos,Fortaleza,3-4-3,3-4-1-2,Santos,2,0,SP,CE,0,2021
7608,35,Santos,15,6,56%,424,86%,15,3,0,3,6,2021-11-25,19:00,Santos,Fortaleza,3-4-3,3-4-1-2,Santos,2,0,SP,CE,3,2021
7609,35,Ceara,15,5,37%,337,79%,16,3,0,0,2,2021-11-25,20:03,Ceara,Corinthians,4-2-3-1,4-2-3-1,Ceara,2,1,CE,SP,3,2021
7609,35,Corinthians,15,6,63%,565,86%,13,4,0,0,5,2021-11-25,20:03,Ceara,Corinthians,4-2-3-1,4-2-3-1,Ceara,2,1,CE,SP,0,2021
7616,36,Gremio,11,3,66%,442,81%,15,3,0,0,9,2021-11-26,19:00,Bahia,Gremio,4-2-3-1,4-2-3-1,Bahia,3,1,BA,RS,0,2021
7616,36,Bahia,13,6,34%,236,66%,15,3,0,1,3,2021-11-26,19:00,Bahia,Gremio,4-2-3-1,4-2-3-1,Bahia,3,1,BA,RS,3,2021
7617,36,America-MG,13,3,49%,353,72%,14,2,0,0,5,2021-11-27,19:29,Bragantino,America-MG,4-2-3-1,4-1-4-1,-,1,1,SP,MG,1,2021
7617,36,Bragantino,11,5,51%,357,78%,21,3,0,0,6,2021-11-27,19:29,Bragantino,America-MG,4-2-3-1,4-1-4-1,-,1,1,SP,MG,1,2021
7618,36,Sport,7,4,51%,402,84%,14,1,0,0,5,2021-11-27,21:30,Sao Paulo,Sport,4-4-2,4-3-3,Sao Paulo,2,0,SP,PE,0,2021
7618,36,Sao Paulo,20,9,49%,395,84%,16,0,0,2,7,2021-11-27,21:30,Sao Paulo,Sport,4-4-2,4-3-3,Sao Paulo,2,0,SP,PE,3,2021
7619,36,Corinthians,16,5,66%,660,87%,14,5,0,1,10,2021-11-28,16:01,Corinthians,Athletico-PR,4-3-3,3-4-3,Corinthians,1,0,SP,PR,3,2021
7619,36,Athletico-PR,11,2,34%,334,79%,19,3,0,1,3,2021-11-28,16:01,Corinthians,Athletico-PR,4-3-3,3-4-3,Corinthians,1,0,SP,PR,0,2021
7620,36,Fluminense,6,4,52%,334,80%,18,3,0,0,3,2021-11-28,16:01,Atletico-MG,Fluminense,4-2-2-2,4-3-3,Atletico-MG,2,1,MG,RJ,0,2021
7620,36,Atletico-MG,9,4,48%,305,81%,22,6,0,0,7,2021-11-28,16:01,Atletico-MG,Fluminense,4-2-2-2,4-3-3,Atletico-MG,2,1,MG,RJ,3,2021
7621,36,Santos,13,5,46%,412,82%,17,2,0,1,5,2021-11-28,19:00,Internacional,Santos,4-2-3-1,3-4-3,-,1,1,RS,SP,1,2021
7621,36,Internacional,17,6,54%,478,84%,16,1,0,1,3,2021-11-28,19:00,Internacional,Santos,4-2-3-1,3-4-3,-,1,1,RS,SP,1,2021
7610,35,Atletico-GO,12,3,48%,358,79%,16,5,0,6,4,2021-11-29,19:00,Atletico-GO,Bahia,4-2-3-1,4-2-3-1,Atletico-GO,2,1,GO,BA,3,2021
7610,35,Bahia,14,2,52%,364,81%,20,2,1,0,5,2021-11-29,19:00,Atletico-GO,Bahia,4-2-3-1,4-2-3-1,Atletico-GO,2,1,GO,BA,0,2021
7611,35,Bragantino,13,0,54%,376,81%,25,3,0,2,4,2021-11-30,19:03,Juventude,Bragantino,4-4-2,4-2-3-1,Juventude,1,0,RS,SP,0,2021
7611,35,Juventude,9,2,46%,334,76%,15,3,0,2,0,2021-11-30,19:03,Juventude,Bragantino,4-4-2,4-2-3-1,Juventude,1,0,RS,SP,3,2021
7612,35,Chapecoense,10,3,47%,369,76%,11,2,0,0,9,2021-11-30,21:01,America-MG,Chapecoense,4-2-3-1,4-3-3,America-MG,3,0,MG,SC,0,2021
7612,35,America-MG,24,7,53%,409,79%,10,2,0,0,8,2021-11-30,21:01,America-MG,Chapecoense,4-2-3-1,4-3-3,America-MG,3,0,MG,SC,3,2021
7622,36,Flamengo,15,5,52%,427,84%,20,6,0,3,8,2021-11-30,20:00,Flamengo,Ceara,4-2-3-1,4-2-3-1,Flamengo,2,1,RJ,CE,3,2021
7622,36,Ceara,12,4,48%,410,83%,19,1,0,3,6,2021-11-30,20:00,Flamengo,Ceara,4-2-3-1,4-2-3-1,Flamengo,2,1,RJ,CE,0,2021
7623,36,Cuiaba,21,6,59%,455,84%,15,4,0,3,12,2021-11-30,22:00,Cuiaba,Palmeiras,4-4-2,3-4-3,Palmeiras,1,3,MT,SP,0,2021
7623,36,Palmeiras,13,5,41%,337,78%,10,1,1,0,4,2021-11-30,22:00,Cuiaba,Palmeiras,4-4-2,3-4-3,Palmeiras,1,3,MT,SP,3,2021
7595,32,Bahia,13,3,47%,387,77%,13,2,0,1,4,2021-12-02,18:00,Bahia,Atletico-MG,4-2-3-1,4-2-3-1,Atletico-MG,2,3,BA,MG,0,2021
7595,32,Atletico-MG,19,9,53%,425,80%,12,3,0,1,6,2021-12-02,18:00,Bahia,Atletico-MG,4-2-3-1,4-2-3-1,Atletico-MG,2,3,BA,MG,3,2021
7613,35,Gremio,17,8,45%,398,76%,17,3,0,0,6,2021-12-02,20:00,Gremio,Sao Paulo,4-2-3-1,4-5-1,Gremio,3,0,RS,SP,3,2021
7613,35,Sao Paulo,5,1,55%,488,82%,13,2,0,1,0,2021-12-02,20:00,Gremio,Sao Paulo,4-2-3-1,4-5-1,Gremio,3,0,RS,SP,0,2021
7614,35,Athletico-PR,19,3,65%,502,89%,15,4,0,1,8,2021-12-03,19:01,Athletico-PR,Cuiaba,3-4-2-1,4-1-4-1,Athletico-PR,1,0,PR,MT,3,2021
7614,35,Cuiaba,8,1,35%,273,76%,14,5,1,2,2,2021-12-03,19:01,Athletico-PR,Cuiaba,3-4-2-1,4-1-4-1,Athletico-PR,1,0,PR,MT,0,2021
7615,35,Flamengo,22,7,53%,426,87%,11,3,0,0,6,2021-12-03,20:00,Sport,Flamengo,4-2-3-1,4-2-2-2,-,1,1,PE,RJ,1,2021
7615,35,Sport,15,9,47%,397,85%,13,2,0,0,6,2021-12-03,20:00,Sport,Flamengo,4-2-3-1,4-2-2-2,-,1,1,PE,RJ,1,2021
7624,36,Chapecoense,8,0,43%,354,77%,17,2,0,3,3,2021-12-03,20:00,Chapecoense,Atletico-GO,4-3-3,4-2-3-1,Atletico-GO,0,1,SC,GO,0,2021
7624,36,Atletico-GO,9,1,57%,477,84%,17,3,0,0,4,2021-12-03,20:00,Chapecoense,Atletico-GO,4-3-3,4-2-3-1,Atletico-GO,0,1,SC,GO,3,2021
7625,36,Juventude,11,3,47%,363,79%,14,0,0,0,4,2021-12-03,21:03,Fortaleza,Juventude,3-5-2,3-4-3,Fortaleza,1,0,CE,RS,0,2021
7625,36,Fortaleza,15,4,53%,411,84%,20,2,0,2,5,2021-12-03,21:03,Fortaleza,Juventude,3-5-2,3-4-3,Fortaleza,1,0,CE,RS,3,2021
7626,37,Fluminense,9,1,63%,512,87%,20,5,1,1,3,2021-12-05,16:00,Bahia,Fluminense,4-2-3-1,4-3-3,Bahia,2,0,BA,RJ,0,2021
7626,37,Bahia,14,6,37%,285,74%,14,2,1,0,11,2021-12-05,16:00,Bahia,Fluminense,4-2-3-1,4-3-3,Bahia,2,0,BA,RJ,3,2021
7628,37,Atletico-MG,13,6,62%,580,87%,5,1,0,1,5,2021-12-05,16:00,Atletico-MG,Bragantino,4-2-3-1,4-2-3-1,Atletico-MG,4,3,MG,SP,3,2021
7628,37,Bragantino,18,11,38%,361,85%,10,2,0,0,3,2021-12-05,16:00,Atletico-MG,Bragantino,4-2-3-1,4-2-3-1,Atletico-MG,4,3,MG,SP,0,2021
7627,37,Gremio,12,3,28%,249,74%,22,3,0,0,5,2021-12-05,16:01,Corinthians,Gremio,4-1-4-1,4-2-3-1,-,1,1,SP,RS,1,2021
7627,37,Corinthians,11,3,72%,633,90%,7,1,0,3,2,2021-12-05,16:01,Corinthians,Gremio,4-1-4-1,4-2-3-1,-,1,1,SP,RS,1,2021
7629,37,America-MG,18,1,47%,329,71%,13,2,0,2,3,2021-12-05,19:02,Ceara,America-MG,4-2-3-1,4-2-3-1,-,0,0,CE,MG,1,2021
7629,37,Ceara,15,3,53%,357,73%,14,0,0,3,7,2021-12-05,19:02,Ceara,America-MG,4-2-3-1,4-2-3-1,-,0,0,CE,MG,1,2021
7631,37,Athletico-PR,23,4,72%,600,83%,11,1,0,4,8,2021-12-06,19:01,Athletico-PR,Palmeiras,3-4-2-1,3-4-3,-,0,0,PR,SP,1,2021
7631,37,Palmeiras,4,0,28%,249,62%,10,1,0,0,1,2021-12-06,19:01,Athletico-PR,Palmeiras,3-4-2-1,3-4-3,-,0,0,PR,SP,1,2021
7630,37,Juventude,9,3,46%,291,79%,13,3,0,1,6,2021-12-06,19:02,Sao Paulo,Juventude,4-3-3,4-4-2,Sao Paulo,3,1,SP,RS,0,2021
7630,37,Sao Paulo,13,6,54%,356,78%,25,5,0,0,7,2021-12-06,19:02,Sao Paulo,Juventude,4-3-3,4-4-2,Sao Paulo,3,1,SP,RS,3,2021
7632,37,Cuiaba,8,1,36%,279,71%,22,1,0,4,1,2021-12-06,19:59,Cuiaba,Fortaleza,4-4-1-1,3-4-1-2,Cuiaba,1,0,MT,CE,3,2021
7632,37,Fortaleza,13,3,64%,489,82%,23,3,0,1,2,2021-12-06,19:59,Cuiaba,Fortaleza,4-4-1-1,3-4-1-2,Cuiaba,1,0,MT,CE,0,2021
7633,37,Atletico-GO,11,4,39%,365,81%,9,2,0,0,3,2021-12-06,19:59,Internacional,Atletico-GO,4-2-3-1,4-5-1,Atletico-GO,1,2,RS,GO,3,2021
7633,37,Internacional,23,6,61%,535,86%,14,3,0,3,11,2021-12-06,19:59,Internacional,Atletico-GO,4-2-3-1,4-5-1,Atletico-GO,1,2,RS,GO,0,2021
7634,37,Santos,9,4,36%,280,75%,14,3,0,4,1,2021-12-06,20:00,Flamengo,Santos,4-4-2,3-4-2-1,Santos,0,1,RJ,SP,3,2021
7634,37,Flamengo,9,4,64%,482,87%,23,3,0,3,5,2021-12-06,20:00,Flamengo,Santos,4-4-2,3-4-2-1,Santos,0,1,RJ,SP,0,2021
7635,37,Sport,25,4,71%,526,88%,27,4,0,0,3,2021-12-06,21:00,Chapecoense,Sport,4-4-2,4-2-3-1,Sport,0,1,SC,PE,3,2021
7635,37,Chapecoense,14,6,29%,213,73%,16,3,1,0,6,2021-12-06,21:00,Chapecoense,Sport,4-4-2,4-2-3-1,Sport,0,1,SC,PE,0,2021
7642,38,Sport,18,6,63%,569,89%,17,1,0,1,6,2021-12-09,21:30,Sport,Athletico-PR,4-2-3-1,3-4-2-1,-,1,1,PE,PR,1,2021
7642,38,Athletico-PR,7,4,37%,338,81%,14,1,0,0,4,2021-12-09,21:30,Sport,Athletico-PR,4-2-3-1,3-4-2-1,-,1,1,PE,PR,1,2021
7636,38,Fortaleza,14,6,52%,338,80%,15,4,0,3,6,2021-12-09,21:33,Fortaleza,Bahia,3-4-1-2,4-2-3-1,Fortaleza,2,1,CE,BA,3,2021
7636,38,Bahia,9,6,48%,312,72%,17,2,0,1,3,2021-12-09,21:33,Fortaleza,Bahia,3-4-1-2,4-2-3-1,Fortaleza,2,1,CE,BA,0,2021
7637,38,Flamengo,12,6,48%,439,88%,7,2,0,0,6,2021-12-09,21:33,Atletico-GO,Flamengo,4-3-3,3-4-2-1,Atletico-GO,2,0,GO,RJ,0,2021
7637,38,Atletico-GO,13,3,52%,466,88%,15,4,0,1,4,2021-12-09,21:33,Atletico-GO,Flamengo,4-3-3,3-4-2-1,Atletico-GO,2,0,GO,RJ,3,2021
7638,38,Ceara,31,9,69%,620,85%,4,0,0,0,8,2021-12-09,21:33,Palmeiras,Ceara,3-4-1-2,4-2-3-1,Palmeiras,1,0,SP,CE,0,2021
7638,38,Palmeiras,12,2,31%,289,69%,18,2,0,2,5,2021-12-09,21:33,Palmeiras,Ceara,3-4-1-2,4-2-3-1,Palmeiras,1,0,SP,CE,3,2021
7639,38,Fluminense,22,8,68%,541,88%,12,3,0,1,9,2021-12-09,21:33,Fluminense,Chapecoense,4-2-3-1,5-3-2,Fluminense,3,0,RJ,SC,3,2021
7639,38,Chapecoense,3,0,32%,260,72%,10,2,0,2,3,2021-12-09,21:33,Fluminense,Chapecoense,4-2-3-1,5-3-2,Fluminense,3,0,RJ,SC,0,2021
7640,38,Sao Paulo,11,2,55%,463,80%,18,2,0,0,5,2021-12-09,21:33,America-MG,Sao Paulo,4-2-3-1,3-4-1-2,America-MG,2,0,MG,SP,0,2021
7640,38,America-MG,19,4,45%,383,75%,18,2,0,2,5,2021-12-09,21:33,America-MG,Sao Paulo,4-2-3-1,3-4-1-2,America-MG,2,0,MG,SP,3,2021
7641,38,Bragantino,23,4,44%,370,80%,23,4,0,3,4,2021-12-09,21:33,Bragantino,Internacional,4-2-3-1,3-4-2-1,Bragantino,1,0,SP,RS,3,2021
7641,38,Internacional,4,1,56%,474,78%,26,5,0,0,2,2021-12-09,21:33,Bragantino,Internacional,4-2-3-1,3-4-2-1,Bragantino,1,0,SP,RS,0,2021
7643,38,Juventude,17,6,44%,404,78%,10,1,0,0,11,2021-12-09,21:33,Juventude,Corinthians,3-4-3,4-3-3,Juventude,1,0,RS,SP,3,2021
7643,38,Corinthians,1,1,56%,519,85%,22,2,1,0,4,2021-12-09,21:33,Juventude,Corinthians,3-4-3,4-3-3,Juventude,1,0,RS,SP,0,2021
7644,38,Gremio,7,4,37%,328,83%,15,3,0,1,3,2021-12-09,21:33,Gremio,Atletico-MG,4-2-3-1,4-2-3-1,Gremio,4,3,RS,MG,3,2021
7644,38,Atletico-MG,13,7,63%,548,88%,11,1,0,0,9,2021-12-09,21:33,Gremio,Atletico-MG,4-2-3-1,4-2-3-1,Gremio,4,3,RS,MG,0,2021
7645,38,Cuiaba,8,3,38%,321,72%,15,2,0,1,4,2021-12-09,21:33,Santos,Cuiaba,3-4-2-1,4-4-2,-,1,1,SP,MT,1,2021
7645,38,Santos,13,5,62%,513,84%,17,1,0,0,6,2021-12-09,21:33,Santos,Cuiaba,3-4-2-1,4-4-2,-,1,1,SP,MT,1,2021
7646,1,Santos,3,1,34%,286,71%,18,0,0,4,1,2022-04-09,16:30,Fluminense,Santos,3-4-2-1,4-4-2,-,0,0,RJ,SP,1,2022
7646,1,Fluminense,26,6,66%,545,88%,14,1,0,0,8,2022-04-09,16:30,Fluminense,Santos,3-4-2-1,4-4-2,-,0,0,RJ,SP,1,2022
7647,1,Atletico-GO,10,3,44%,403,82%,7,3,0,1,4,2022-04-09,19:00,Atletico-GO,Flamengo,4-2-3-1,3-2-4-1,-,1,1,GO,RJ,1,2022
7647,1,Flamengo,12,3,56%,502,87%,11,2,0,2,10,2022-04-09,19:00,Atletico-GO,Flamengo,4-2-3-1,3-2-4-1,-,1,1,GO,RJ,1,2022
7648,1,Ceara,19,9,44%,309,69%,14,8,1,0,8,2022-04-09,21:00,Palmeiras,Ceara,4-3-3,4-3-3,Ceara,2,3,SP,CE,3,2022
7648,1,Palmeiras,17,4,56%,377,81%,17,4,0,3,11,2022-04-09,21:00,Palmeiras,Ceara,4-3-3,4-3-3,Ceara,2,3,SP,CE,0,2022
7649,1,Coritiba,17,9,52%,449,85%,10,2,0,3,7,2022-04-10,11:01,Coritiba,Goias,4-2-3-1,4-4-2,Coritiba,3,0,PR,GO,3,2022
7649,1,Goias,7,0,48%,421,83%,12,4,0,2,3,2022-04-10,11:01,Coritiba,Goias,4-2-3-1,4-4-2,Coritiba,3,0,PR,GO,0,2022
7650,1,Botafogo-RJ,9,4,56%,474,84%,6,1,0,0,2,2022-04-10,16:00,Botafogo-RJ,Corinthians,4-3-3,4-3-3,Corinthians,1,3,RJ,SP,0,2022
7650,1,Corinthians,15,8,44%,382,79%,18,4,0,1,4,2022-04-10,16:00,Botafogo-RJ,Corinthians,4-3-3,4-3-3,Corinthians,1,3,RJ,SP,3,2022
7651,1,Atletico-MG,15,5,52%,534,87%,12,2,0,2,3,2022-04-10,16:00,Atletico-MG,Internacional,4-2-3-1,4-2-3-1,Atletico-MG,2,0,MG,RS,3,2022
7651,1,Internacional,6,1,48%,491,85%,18,4,0,0,3,2022-04-10,16:00,Atletico-MG,Internacional,4-2-3-1,4-2-3-1,Atletico-MG,2,0,MG,RS,0,2022
7652,1,Cuiaba,9,4,34%,245,69%,23,3,0,0,1,2022-04-10,18:00,Fortaleza,Cuiaba,3-5-2,4-4-2,Cuiaba,0,1,CE,MT,3,2022
7652,1,Fortaleza,22,5,66%,444,84%,22,2,0,1,7,2022-04-10,18:00,Fortaleza,Cuiaba,3-5-2,4-4-2,Cuiaba,0,1,CE,MT,0,2022
7653,1,America-MG,7,1,41%,395,75%,18,3,2,2,1,2022-04-10,19:00,Avai,America-MG,4-3-3,4-1-4-1,Avai,1,0,SC,MG,0,2022
7653,1,Avai,13,2,59%,541,84%,20,3,0,3,6,2022-04-10,19:00,Avai,America-MG,4-3-3,4-1-4-1,Avai,1,0,SC,MG,3,2022
7654,1,Athletico-PR,7,0,45%,435,86%,14,3,0,2,5,2022-04-10,19:00,Sao Paulo,Athletico-PR,4-1-3-2,4-2-3-1,Sao Paulo,4,0,SP,PR,0,2022
7654,1,Sao Paulo,18,8,55%,517,88%,17,1,0,2,5,2022-04-10,19:00,Sao Paulo,Athletico-PR,4-1-3-2,4-2-3-1,Sao Paulo,4,0,SP,PR,3,2022
7655,1,Bragantino,15,2,49%,418,79%,17,5,0,1,4,2022-04-11,20:01,Juventude,Bragantino,4-2-3-1,4-2-3-1,-,2,2,RS,SP,1,2022
7655,1,Juventude,13,7,51%,420,81%,16,4,0,5,5,2022-04-11,20:01,Juventude,Bragantino,4-2-3-1,4-2-3-1,-,2,2,RS,SP,1,2022
7656,2,Goias,9,6,24%,198,60%,16,4,0,0,2,2022-04-16,16:30,Goias,Palmeiras,4-3-3,4-2-3-1,-,1,1,GO,SP,1,2022
7656,2,Palmeiras,22,6,76%,607,84%,7,0,0,2,6,2022-04-16,16:30,Goias,Palmeiras,4-3-3,4-2-3-1,-,1,1,GO,SP,1,2022
7658,2,Corinthians,14,4,55%,597,86%,22,1,0,1,7,2022-04-16,19:00,Corinthians,Avai,4-2-3-1,4-3-3,Corinthians,3,0,SP,SC,3,2022
7658,2,Avai,15,5,45%,506,85%,12,1,0,5,2,2022-04-16,19:00,Corinthians,Avai,4-2-3-1,4-3-3,Corinthians,3,0,SP,SC,0,2022
7657,2,Juventude,13,4,55%,444,81%,11,0,1,2,5,2022-04-16,19:01,America-MG,Juventude,4-1-4-1,4-2-3-1,America-MG,4,1,MG,RS,0,2022
7657,2,America-MG,22,9,45%,378,81%,19,3,0,2,5,2022-04-16,19:01,America-MG,Juventude,4-1-4-1,4-2-3-1,America-MG,4,1,MG,RS,3,2022
7659,2,Fluminense,12,3,62%,525,86%,14,1,0,0,5,2022-04-16,20:59,Cuiaba,Fluminense,4-4-2,4-3-3,Fluminense,0,1,MT,RJ,3,2022
7659,2,Cuiaba,5,1,38%,333,73%,18,2,0,1,2,2022-04-16,20:59,Cuiaba,Fluminense,4-4-2,4-3-3,Fluminense,0,1,MT,RJ,0,2022
7660,2,Coritiba,22,6,65%,519,87%,10,4,0,0,7,2022-04-17,11:00,Santos,Coritiba,4-4-2,4-2-3-1,Santos,2,1,SP,PR,0,2022
7660,2,Santos,15,7,35%,287,77%,22,2,0,2,4,2022-04-17,11:00,Santos,Coritiba,4-4-2,4-2-3-1,Santos,2,1,SP,PR,3,2022
7661,2,Flamengo,19,8,53%,420,87%,17,2,0,2,2,2022-04-17,16:00,Flamengo,Sao Paulo,3-4-2-1,4-1-4-1,Flamengo,3,1,RJ,SP,3,2022
7661,2,Sao Paulo,6,1,47%,372,84%,25,6,0,1,3,2022-04-17,16:00,Flamengo,Sao Paulo,3-4-2-1,4-1-4-1,Flamengo,3,1,RJ,SP,0,2022
7662,2,Atletico-MG,17,5,56%,521,84%,14,3,0,0,5,2022-04-17,17:59,Athletico-PR,Atletico-MG,4-2-3-1,4-4-2,Atletico-MG,0,1,PR,MG,3,2022
7662,2,Athletico-PR,12,3,44%,408,81%,9,2,0,1,2,2022-04-17,17:59,Athletico-PR,Atletico-MG,4-2-3-1,4-4-2,Atletico-MG,0,1,PR,MG,0,2022
7663,2,Fortaleza,7,3,48%,453,77%,13,5,0,3,5,2022-04-17,17:59,Internacional,Fortaleza,4-3-3,3-5-2,Internacional,2,1,RS,CE,0,2022
7663,2,Internacional,18,5,52%,476,82%,15,5,0,0,8,2022-04-17,17:59,Internacional,Fortaleza,4-3-3,3-5-2,Internacional,2,1,RS,CE,3,2022
7664,2,Bragantino,18,8,59%,485,88%,12,1,0,1,13,2022-04-17,18:00,Bragantino,Atletico-GO,4-2-3-1,4-2-3-1,Bragantino,4,0,SP,GO,3,2022
7664,2,Atletico-GO,5,3,41%,366,79%,9,4,0,2,2,2022-04-17,18:00,Bragantino,Atletico-GO,4-2-3-1,4-2-3-1,Bragantino,4,0,SP,GO,0,2022
7665,2,Ceara,18,4,65%,469,80%,16,1,1,1,4,2022-04-17,19:01,Ceara,Botafogo-RJ,4-3-3,4-2-3-1,Botafogo-RJ,1,3,CE,RJ,0,2022
7665,2,Botafogo-RJ,11,3,35%,257,68%,15,4,0,2,2,2022-04-17,19:01,Ceara,Botafogo-RJ,4-3-3,4-2-3-1,Botafogo-RJ,1,3,CE,RJ,3,2022
7666,4,Palmeiras,10,2,43%,347,76%,21,4,0,1,6,2022-04-20,19:30,Flamengo,Palmeiras,4-2-3-1,4-2-3-1,-,0,0,RJ,SP,1,2022
7666,4,Flamengo,17,2,57%,444,86%,15,3,0,1,9,2022-04-20,19:30,Flamengo,Palmeiras,4-2-3-1,4-2-3-1,-,0,0,RJ,SP,1,2022
7676,3,Sao Paulo,24,7,67%,495,83%,12,2,0,2,9,2022-04-23,16:30,Bragantino,Sao Paulo,4-4-2,4-3-3,-,1,1,SP,SP,1,2022
7676,3,Bragantino,15,3,33%,242,67%,13,5,0,1,6,2022-04-23,16:30,Bragantino,Sao Paulo,4-4-2,4-3-3,-,1,1,SP,SP,1,2022
7677,3,Athletico-PR,10,2,41%,354,75%,15,4,0,2,6,2022-04-23,16:30,Athletico-PR,Flamengo,4-2-3-1,3-4-2-1,Athletico-PR,1,0,PR,RJ,3,2022
7677,3,Flamengo,11,6,59%,500,81%,10,2,0,1,5,2022-04-23,16:30,Athletico-PR,Flamengo,4-2-3-1,3-4-2-1,Athletico-PR,1,0,PR,RJ,0,2022
7678,3,Palmeiras,20,7,44%,339,78%,13,1,0,3,12,2022-04-23,19:00,Palmeiras,Corinthians,4-2-3-1,4-3-3,Palmeiras,3,0,SP,SP,3,2022
7678,3,Corinthians,7,1,56%,426,84%,14,2,0,0,3,2022-04-23,19:00,Palmeiras,Corinthians,4-2-3-1,4-3-3,Palmeiras,3,0,SP,SP,0,2022
7679,3,Fluminense,12,2,58%,503,85%,15,5,0,4,5,2022-04-23,19:00,Fluminense,Internacional,3-4-1-2,4-3-3,Internacional,0,1,RJ,RS,0,2022
7679,3,Internacional,12,4,42%,383,76%,12,3,0,2,4,2022-04-23,19:00,Fluminense,Internacional,3-4-1-2,4-3-3,Internacional,0,1,RJ,RS,3,2022
7680,3,Coritiba,11,4,39%,415,85%,8,1,0,0,3,2022-04-23,20:59,Atletico-MG,Coritiba,4-2-3-1,4-2-3-1,-,2,2,MG,PR,1,2022
7680,3,Atletico-MG,20,5,61%,659,89%,10,2,0,0,3,2022-04-23,20:59,Atletico-MG,Coritiba,4-2-3-1,4-2-3-1,-,2,2,MG,PR,1,2022
7681,3,America-MG,19,2,61%,490,85%,8,0,0,1,8,2022-04-24,15:59,Santos,America-MG,4-4-2,4-1-4-1,Santos,3,0,SP,MG,0,2022
7681,3,Santos,18,8,39%,324,75%,16,2,0,2,3,2022-04-24,15:59,Santos,America-MG,4-4-2,4-1-4-1,Santos,3,0,SP,MG,3,2022
7682,3,Juventude,13,2,58%,428,82%,18,1,1,2,6,2022-04-24,17:59,Juventude,Cuiaba,4-2-3-1,4-4-2,Cuiaba,0,1,RS,MT,0,2022
7682,3,Cuiaba,10,4,42%,314,77%,19,4,0,1,7,2022-04-24,17:59,Juventude,Cuiaba,4-2-3-1,4-4-2,Cuiaba,0,1,RS,MT,3,2022
7683,3,Botafogo-RJ,17,2,63%,526,85%,5,1,0,2,7,2022-04-24,18:30,Atletico-GO,Botafogo-RJ,4-2-3-1,4-2-3-1,-,1,1,GO,RJ,1,2022
7683,3,Atletico-GO,9,2,37%,320,75%,11,2,0,2,2,2022-04-24,18:30,Atletico-GO,Botafogo-RJ,4-2-3-1,4-2-3-1,-,1,1,GO,RJ,1,2022
7684,3,Goias,18,5,60%,376,81%,20,5,0,3,5,2022-04-25,20:00,Avai,Goias,4-3-3,4-3-3,Avai,3,2,SC,GO,0,2022
7684,3,Avai,14,4,40%,255,70%,20,5,1,0,3,2022-04-25,20:00,Avai,Goias,4-3-3,4-3-3,Avai,3,2,SC,GO,3,2022
7668,4,America-MG,7,3,46%,364,75%,19,1,0,4,6,2022-04-30,16:30,America-MG,Athletico-PR,4-1-4-1,5-3-2,America-MG,1,0,MG,PR,3,2022
7668,4,Athletico-PR,13,6,54%,417,79%,12,0,0,3,11,2022-04-30,16:30,America-MG,Athletico-PR,4-1-4-1,5-3-2,America-MG,1,0,MG,PR,0,2022
7667,4,Bragantino,18,6,44%,357,77%,20,5,1,0,4,2022-04-30,16:31,Ceara,Bragantino,4-3-3,4-2-3-1,Bragantino,0,1,CE,SP,3,2022
7667,4,Ceara,14,4,56%,447,76%,11,1,0,4,5,2022-04-30,16:31,Ceara,Bragantino,4-3-3,4-2-3-1,Bragantino,0,1,CE,SP,0,2022
7669,4,Atletico-MG,21,5,70%,582,88%,15,4,0,2,10,2022-04-30,18:30,Goias,Atletico-MG,5-4-1,4-3-3,-,2,2,GO,MG,1,2022
7669,4,Goias,7,2,30%,253,70%,20,5,0,0,0,2022-04-30,18:30,Goias,Atletico-MG,5-4-1,4-3-3,-,2,2,GO,MG,1,2022
7670,4,Atletico-GO,14,7,49%,473,85%,14,0,0,0,6,2022-04-30,19:00,Cuiaba,Atletico-GO,4-2-3-1,4-2-3-1,-,1,1,MT,GO,1,2022
7670,4,Cuiaba,17,5,51%,475,89%,12,2,0,1,4,2022-04-30,19:00,Cuiaba,Atletico-GO,4-2-3-1,4-2-3-1,-,1,1,MT,GO,1,2022
7671,4,Juventude,7,4,39%,256,72%,18,5,0,2,4,2022-05-01,11:01,Botafogo-RJ,Juventude,4-2-3-1,4-2-3-1,-,1,1,RJ,RS,1,2022
7671,4,Botafogo-RJ,17,4,61%,402,83%,14,2,0,2,6,2022-05-01,11:01,Botafogo-RJ,Juventude,4-2-3-1,4-2-3-1,-,1,1,RJ,RS,1,2022
7672,4,Fortaleza,15,5,44%,335,73%,14,3,0,4,4,2022-05-01,16:00,Corinthians,Fortaleza,4-3-3,3-4-1-2,Corinthians,1,0,SP,CE,0,2022
7672,4,Corinthians,6,3,56%,422,80%,14,1,0,1,9,2022-05-01,16:00,Corinthians,Fortaleza,4-3-3,3-4-1-2,Corinthians,1,0,SP,CE,3,2022
7673,4,Coritiba,20,8,55%,438,89%,13,0,0,1,8,2022-05-01,16:00,Coritiba,Fluminense,4-2-3-1,4-1-2-1-2,Coritiba,3,2,PR,RJ,3,2022
7673,4,Fluminense,7,4,45%,386,81%,16,2,1,2,1,2022-05-01,16:00,Coritiba,Fluminense,4-2-3-1,4-1-2-1-2,Coritiba,3,2,PR,RJ,0,2022
7674,4,Avai,11,4,39%,378,78%,16,4,0,0,2,2022-05-01,19:00,Internacional,Avai,4-3-3,4-3-3,-,0,0,RS,SC,1,2022
7674,4,Internacional,23,3,61%,537,85%,15,2,0,0,18,2022-05-01,19:00,Internacional,Avai,4-3-3,4-3-3,-,0,0,RS,SC,1,2022
7675,4,Santos,8,3,43%,353,81%,8,4,0,0,4,2022-05-02,20:00,Sao Paulo,Santos,4-4-2,4-4-2,Sao Paulo,2,1,SP,SP,0,2022
7675,4,Sao Paulo,10,3,57%,459,86%,15,2,0,2,2,2022-05-02,20:00,Sao Paulo,Santos,4-4-2,4-4-2,Sao Paulo,2,1,SP,SP,3,2022
7686,5,America-MG,12,9,31%,261,59%,22,3,1,3,3,2022-05-07,16:30,Atletico-MG,America-MG,4-4-2,4-1-4-1,America-MG,1,2,MG,MG,3,2022
7686,5,Atletico-MG,23,8,69%,539,80%,7,4,0,3,11,2022-05-07,16:30,Atletico-MG,America-MG,4-4-2,4-1-4-1,America-MG,1,2,MG,MG,0,2022
7687,5,Athletico-PR,15,9,40%,285,74%,19,5,0,1,4,2022-05-07,20:30,Athletico-PR,Ceara,4-2-3-1,4-2-3-1,Athletico-PR,1,0,PR,CE,3,2022
7687,5,Ceara,16,3,60%,408,78%,8,4,0,1,9,2022-05-07,20:30,Athletico-PR,Ceara,4-2-3-1,4-2-3-1,Athletico-PR,1,0,PR,CE,0,2022
7688,5,Flamengo,17,8,53%,408,81%,13,1,0,8,10,2022-05-08,11:01,Flamengo,Botafogo-RJ,4-2-3-1,4-2-3-1,Botafogo-RJ,0,1,RJ,RJ,0,2022
7688,5,Botafogo-RJ,13,8,47%,387,77%,18,3,0,1,4,2022-05-08,11:01,Flamengo,Botafogo-RJ,4-2-3-1,4-2-3-1,Botafogo-RJ,0,1,RJ,RJ,3,2022
7689,5,Palmeiras,19,5,48%,357,85%,10,1,0,3,6,2022-05-08,16:00,Palmeiras,Fluminense,4-2-3-1,4-2-3-1,-,1,1,SP,RJ,1,2022
7689,5,Fluminense,8,2,52%,403,83%,13,2,0,0,3,2022-05-08,16:00,Palmeiras,Fluminense,4-2-3-1,4-2-3-1,-,1,1,SP,RJ,1,2022
7690,5,Atletico-GO,33,7,77%,531,87%,12,4,0,2,12,2022-05-08,16:00,Atletico-GO,Goias,4-2-3-1,5-4-1,Goias,0,1,GO,GO,0,2022
7690,5,Goias,6,3,23%,173,60%,11,2,1,2,0,2022-05-08,16:00,Atletico-GO,Goias,4-2-3-1,5-4-1,Goias,0,1,GO,GO,3,2022
7691,5,Corinthians,4,1,42%,416,80%,9,2,0,1,1,2022-05-08,18:00,Bragantino,Corinthians,4-2-3-1,4-2-3-1,Corinthians,0,1,SP,SP,3,2022
7691,5,Bragantino,8,2,58%,537,83%,11,1,0,3,1,2022-05-08,18:00,Bragantino,Corinthians,4-2-3-1,4-2-3-1,Corinthians,0,1,SP,SP,0,2022
7692,5,Cuiaba,16,3,53%,454,88%,12,2,0,2,8,2022-05-08,18:00,Santos,Cuiaba,4-2-3-1,4-2-3-1,Santos,4,1,SP,MT,0,2022
7692,5,Santos,12,7,47%,417,83%,14,1,0,1,4,2022-05-08,18:00,Santos,Cuiaba,4-2-3-1,4-2-3-1,Santos,4,1,SP,MT,3,2022
7694,5,Sao Paulo,4,2,46%,339,72%,14,3,0,2,4,2022-05-08,18:59,Fortaleza,Sao Paulo,3-4-1-2,4-1-4-1,-,1,1,CE,SP,1,2022
7694,5,Fortaleza,12,3,54%,383,79%,16,2,0,3,9,2022-05-08,18:59,Fortaleza,Sao Paulo,3-4-1-2,4-1-4-1,-,1,1,CE,SP,1,2022
7693,5,Internacional,8,3,43%,359,76%,13,5,0,1,3,2022-05-08,19:00,Juventude,Internacional,4-3-3,4-3-3,-,1,1,RS,RS,1,2022
7693,5,Juventude,12,5,57%,454,82%,22,5,0,2,6,2022-05-08,19:00,Juventude,Internacional,4-3-3,4-3-3,-,1,1,RS,RS,1,2022
7695,5,Coritiba,8,4,42%,385,79%,13,3,0,1,7,2022-05-09,20:01,Avai,Coritiba,4-3-3,4-2-3-1,Avai,2,1,SC,PR,0,2022
7695,5,Avai,12,6,58%,546,84%,14,3,0,0,5,2022-05-09,20:01,Avai,Coritiba,4-3-3,4-2-3-1,Avai,2,1,SC,PR,3,2022
7696,7,Atletico-MG,18,4,63%,648,84%,5,2,0,2,10,2022-05-11,20:30,Bragantino,Atletico-MG,4-2-3-1,4-2-3-1,-,1,1,SP,MG,1,2022
7696,7,Bragantino,6,1,37%,384,77%,13,3,1,1,3,2022-05-11,20:30,Bragantino,Atletico-MG,4-2-3-1,4-2-3-1,-,1,1,SP,MG,1,2022
7706,6,Palmeiras,14,7,48%,388,79%,11,2,0,3,7,2022-05-14,16:30,Palmeiras,Bragantino,4-2-3-1,4-2-3-1,Palmeiras,2,0,SP,SP,3,2022
7706,6,Bragantino,11,2,52%,410,81%,14,2,0,0,4,2022-05-14,16:30,Palmeiras,Bragantino,4-2-3-1,4-2-3-1,Palmeiras,2,0,SP,SP,0,2022
7707,6,Flamengo,11,4,59%,486,83%,22,5,0,0,3,2022-05-14,16:30,Ceara,Flamengo,4-2-3-1,4-2-3-1,-,2,2,CE,RJ,1,2022
7707,6,Ceara,15,5,41%,333,82%,18,5,0,4,8,2022-05-14,16:30,Ceara,Flamengo,4-2-3-1,4-2-3-1,-,2,2,CE,RJ,1,2022
7709,6,Atletico-MG,14,7,57%,526,82%,16,1,0,2,10,2022-05-14,18:59,Atletico-MG,Atletico-GO,4-2-3-1,4-2-3-1,Atletico-MG,2,0,MG,GO,3,2022
7709,6,Atletico-GO,5,0,43%,400,80%,14,2,0,1,2,2022-05-14,18:59,Atletico-MG,Atletico-GO,4-2-3-1,4-2-3-1,Atletico-MG,2,0,MG,GO,0,2022
7708,6,Corinthians,15,9,53%,426,86%,7,2,0,3,6,2022-05-14,19:01,Internacional,Corinthians,4-4-1-1,4-3-1-2,-,2,2,RS,SP,1,2022
7708,6,Internacional,13,5,47%,385,82%,8,2,0,1,5,2022-05-14,19:01,Internacional,Corinthians,4-4-1-1,4-3-1-2,-,2,2,RS,SP,1,2022
7710,6,Athletico-PR,12,3,36%,290,76%,12,2,0,1,5,2022-05-14,21:01,Fluminense,Athletico-PR,4-1-2-1-2,4-3-3,Fluminense,2,1,RJ,PR,0,2022
7710,6,Fluminense,11,6,64%,525,86%,12,3,0,1,4,2022-05-14,21:01,Fluminense,Athletico-PR,4-1-2-1-2,4-3-3,Fluminense,2,1,RJ,PR,3,2022
7711,6,Cuiaba,6,3,26%,215,72%,15,1,1,0,3,2022-05-15,16:00,Sao Paulo,Cuiaba,4-1-2-1-2,4-2-3-1,Sao Paulo,2,1,SP,MT,0,2022
7711,6,Sao Paulo,21,9,74%,593,88%,5,2,0,1,15,2022-05-15,16:00,Sao Paulo,Cuiaba,4-1-2-1-2,4-2-3-1,Sao Paulo,2,1,SP,MT,3,2022
7712,6,Coritiba,17,7,59%,410,85%,11,1,0,4,7,2022-05-15,17:30,Coritiba,America-MG,4-2-3-1,3-1-4-2,Coritiba,1,0,PR,MG,3,2022
7712,6,America-MG,9,2,41%,294,79%,23,4,1,1,4,2022-05-15,17:30,Coritiba,America-MG,4-2-3-1,3-1-4-2,Coritiba,1,0,PR,MG,0,2022
7713,6,Botafogo-RJ,13,6,63%,512,84%,14,3,0,3,5,2022-05-15,18:00,Botafogo-RJ,Fortaleza,4-2-3-1,3-4-1-2,Botafogo-RJ,3,1,RJ,CE,3,2022
7713,6,Fortaleza,10,3,37%,302,73%,15,0,1,2,1,2022-05-15,18:00,Botafogo-RJ,Fortaleza,4-2-3-1,3-4-1-2,Botafogo-RJ,3,1,RJ,CE,0,2022
7714,6,Avai,17,5,64%,545,84%,18,2,0,0,6,2022-05-15,18:00,Avai,Juventude,4-3-3,4-4-2,Juventude,1,2,SC,RS,0,2022
7714,6,Juventude,5,3,36%,302,78%,16,5,2,0,6,2022-05-15,18:00,Avai,Juventude,4-3-3,4-4-2,Juventude,1,2,SC,RS,3,2022
7715,6,Santos,16,3,69%,507,88%,11,0,0,2,9,2022-05-15,18:59,Goias,Santos,5-4-1,4-2-3-1,Goias,1,0,GO,SP,0,2022
7715,6,Goias,10,5,31%,243,72%,14,0,0,0,5,2022-05-15,18:59,Goias,Santos,5-4-1,4-2-3-1,Goias,1,0,GO,SP,3,2022
7697,7,Coritiba,14,6,42%,358,81%,13,1,2,1,5,2022-05-21,16:30,Atletico-GO,Coritiba,4-2-3-1,4-2-3-1,Atletico-GO,2,0,GO,PR,0,2022
7697,7,Atletico-GO,17,3,58%,498,85%,14,4,0,1,3,2022-05-21,16:30,Atletico-GO,Coritiba,4-2-3-1,4-2-3-1,Atletico-GO,2,0,GO,PR,3,2022
7698,7,Goias,3,0,36%,316,77%,19,3,0,3,4,2022-05-21,16:31,Flamengo,Goias,4-4-2,5-4-1,Flamengo,1,0,RJ,GO,0,2022
7698,7,Flamengo,11,6,64%,580,88%,14,1,0,1,6,2022-05-21,16:31,Flamengo,Goias,4-4-2,5-4-1,Flamengo,1,0,RJ,GO,3,2022
7699,7,Ceara,11,4,49%,394,79%,13,5,1,1,2,2022-05-21,18:29,Santos,Ceara,4-2-3-1,4-3-3,-,0,0,SP,CE,1,2022
7699,7,Santos,16,3,51%,382,80%,9,1,0,2,6,2022-05-21,18:29,Santos,Ceara,4-2-3-1,4-3-3,-,0,0,SP,CE,1,2022
7700,7,Juventude,13,3,45%,380,79%,20,3,0,1,7,2022-05-21,19:00,Juventude,Palmeiras,4-3-3,4-3-3,Palmeiras,0,3,RS,SP,0,2022
7700,7,Palmeiras,20,8,55%,465,83%,6,0,0,2,7,2022-05-21,19:00,Juventude,Palmeiras,4-3-3,4-3-3,Palmeiras,0,3,RS,SP,3,2022
7701,7,Cuiaba,11,3,42%,319,78%,9,1,2,2,4,2022-05-21,20:59,Cuiaba,Internacional,4-2-3-1,4-4-1-1,-,1,1,MT,RS,1,2022
7701,7,Internacional,14,4,58%,426,83%,12,7,0,1,11,2022-05-21,20:59,Cuiaba,Internacional,4-2-3-1,4-4-1-1,-,1,1,MT,RS,1,2022
7702,7,Botafogo-RJ,8,5,58%,516,82%,9,1,0,1,5,2022-05-21,21:00,America-MG,Botafogo-RJ,4-4-2,4-2-3-1,-,1,1,MG,RJ,1,2022
7702,7,America-MG,12,4,42%,377,74%,19,2,0,3,3,2022-05-21,21:00,America-MG,Botafogo-RJ,4-4-2,4-2-3-1,-,1,1,MG,RJ,1,2022
7704,7,Fluminense,7,3,36%,290,73%,14,1,0,3,5,2022-05-22,15:59,Fortaleza,Fluminense,3-4-1-2,4-4-1-1,Fluminense,0,1,CE,RJ,3,2022
7704,7,Fortaleza,23,8,64%,486,84%,13,1,0,0,12,2022-05-22,15:59,Fortaleza,Fluminense,3-4-1-2,4-4-1-1,Fluminense,0,1,CE,RJ,0,2022
7703,7,Sao Paulo,14,7,44%,414,74%,12,3,0,2,8,2022-05-22,16:02,Corinthians,Sao Paulo,3-4-1-2,3-4-3,-,1,1,SP,SP,1,2022
7703,7,Corinthians,13,5,56%,513,80%,11,2,0,2,8,2022-05-22,16:02,Corinthians,Sao Paulo,3-4-1-2,3-4-3,-,1,1,SP,SP,1,2022
7705,7,Athletico-PR,12,3,42%,345,73%,23,2,0,1,5,2022-05-22,19:00,Athletico-PR,Avai,4-2-3-1,4-3-3,Athletico-PR,2,1,PR,SC,3,2022
7705,7,Avai,9,4,58%,464,81%,17,6,0,0,4,2022-05-22,19:00,Athletico-PR,Avai,4-2-3-1,4-3-3,Athletico-PR,2,1,PR,SC,0,2022
7716,8,Goias,17,2,52%,358,81%,18,2,0,0,6,2022-05-28,16:30,Goias,Bragantino,5-4-1,4-2-3-1,-,1,1,GO,SP,1,2022
7716,8,Bragantino,14,4,48%,357,78%,22,3,1,1,1,2022-05-28,16:30,Goias,Bragantino,5-4-1,4-2-3-1,-,1,1,GO,SP,1,2022
7717,8,Ceara,7,4,48%,356,80%,10,5,0,3,3,2022-05-28,19:01,Sao Paulo,Ceara,3-4-2-1,4-3-3,-,2,2,SP,CE,1,2022
7717,8,Sao Paulo,15,5,52%,372,81%,19,2,1,2,8,2022-05-28,19:01,Sao Paulo,Ceara,3-4-2-1,4-3-3,-,2,2,SP,CE,1,2022
7718,8,Juventude,16,8,37%,334,76%,16,3,0,0,7,2022-05-28,20:30,Fortaleza,Juventude,4-2-3-1,4-4-2,-,1,1,CE,RS,1,2022
7718,8,Fortaleza,14,3,63%,553,84%,10,2,0,1,8,2022-05-28,20:30,Fortaleza,Juventude,4-2-3-1,4-4-2,-,1,1,CE,RS,1,2022
7720,8,Palmeiras,17,4,56%,477,87%,15,1,0,2,4,2022-05-29,15:59,Santos,Palmeiras,4-3-3,4-2-3-1,Palmeiras,0,1,SP,SP,3,2022
7720,8,Santos,18,4,44%,384,80%,19,5,0,1,3,2022-05-29,15:59,Santos,Palmeiras,4-3-3,4-2-3-1,Palmeiras,0,1,SP,SP,0,2022
7719,8,Botafogo-RJ,18,3,73%,485,83%,12,3,0,4,9,2022-05-29,16:01,Coritiba,Botafogo-RJ,4-2-3-1,4-2-3-1,Coritiba,1,0,PR,RJ,0,2022
7719,8,Coritiba,15,5,27%,188,59%,10,5,0,3,5,2022-05-29,16:01,Coritiba,Botafogo-RJ,4-2-3-1,4-2-3-1,Coritiba,1,0,PR,RJ,3,2022
7721,8,Athletico-PR,19,8,41%,333,78%,17,0,0,4,8,2022-05-29,17:59,Cuiaba,Athletico-PR,4-2-3-1,4-2-3-1,Athletico-PR,0,1,MT,PR,3,2022
7721,8,Cuiaba,10,0,59%,460,86%,9,5,0,0,8,2022-05-29,17:59,Cuiaba,Athletico-PR,4-2-3-1,4-2-3-1,Athletico-PR,0,1,MT,PR,0,2022
7722,8,Corinthians,7,4,63%,541,81%,13,2,0,0,6,2022-05-29,18:01,Corinthians,America-MG,4-3-3,4-1-4-1,-,1,1,SP,MG,1,2022
7722,8,America-MG,13,5,37%,316,69%,19,1,0,1,5,2022-05-29,18:01,Corinthians,America-MG,4-3-3,4-1-4-1,-,1,1,SP,MG,1,2022
7723,8,Flamengo,7,3,37%,302,76%,16,5,1,4,2,2022-05-29,18:01,Fluminense,Flamengo,4-4-1-1,4-2-3-1,Flamengo,1,2,RJ,RJ,3,2022
7723,8,Fluminense,17,6,63%,505,86%,9,3,1,2,12,2022-05-29,18:01,Fluminense,Flamengo,4-4-1-1,4-2-3-1,Flamengo,1,2,RJ,RJ,0,2022
7724,8,Atletico-MG,27,7,62%,496,83%,14,3,0,2,13,2022-05-29,18:59,Atletico-MG,Avai,4-4-2,4-1-4-1,Atletico-MG,2,1,MG,SC,3,2022
7724,8,Avai,5,1,38%,321,75%,10,2,1,0,0,2022-05-29,18:59,Atletico-MG,Avai,4-4-2,4-1-4-1,Atletico-MG,2,1,MG,SC,0,2022
7725,8,Atletico-GO,20,7,56%,524,84%,16,2,0,0,12,2022-05-30,19:59,Internacional,Atletico-GO,4-4-1-1,4-2-3-1,-,1,1,RS,GO,1,2022
7725,8,Internacional,10,5,44%,433,83%,7,1,0,0,3,2022-05-30,19:59,Internacional,Atletico-GO,4-4-1-1,4-2-3-1,-,1,1,RS,GO,1,2022
7685,3,Ceara,19,7,60%,451,87%,18,4,0,2,1,2022-06-01,20:29,Fortaleza,Ceara,3-4-1-2,4-3-3,Ceara,0,1,CE,CE,3,2022
7685,3,Fortaleza,11,3,40%,299,73%,18,5,1,0,4,2022-06-01,20:29,Fortaleza,Ceara,3-4-1-2,4-3-3,Ceara,0,1,CE,CE,0,2022
7726,9,Cuiaba,5,2,48%,421,76%,11,1,0,4,4,2022-06-04,16:30,America-MG,Cuiaba,4-1-4-1,4-2-3-1,America-MG,2,1,MG,MT,0,2022
7726,9,America-MG,16,6,52%,448,76%,11,0,0,3,8,2022-06-04,16:30,America-MG,Cuiaba,4-1-4-1,4-2-3-1,America-MG,2,1,MG,MT,3,2022
7728,9,Coritiba,14,6,49%,419,80%,9,4,0,1,6,2022-06-04,18:59,Ceara,Coritiba,4-2-3-1,4-2-3-1,-,1,1,CE,PR,1,2022
7728,9,Ceara,22,10,51%,424,84%,14,1,0,4,5,2022-06-04,18:59,Ceara,Coritiba,4-2-3-1,4-2-3-1,-,1,1,CE,PR,1,2022
7727,9,Santos,14,3,59%,421,81%,11,3,0,0,6,2022-06-04,19:00,Athletico-PR,Santos,4-2-3-1,4-3-3,-,2,2,PR,SP,1,2022
7727,9,Athletico-PR,14,4,41%,296,78%,21,5,0,2,7,2022-06-04,19:00,Athletico-PR,Santos,4-2-3-1,4-3-3,-,2,2,PR,SP,1,2022
7729,9,Sao Paulo,16,4,46%,387,73%,23,2,0,2,7,2022-06-04,19:01,Avai,Sao Paulo,4-3-3,3-4-3,-,1,1,SC,SP,1,2022
7729,9,Avai,17,6,54%,445,77%,11,2,0,1,4,2022-06-04,19:01,Avai,Sao Paulo,4-3-3,3-4-3,-,1,1,SC,SP,1,2022
7730,9,Corinthians,10,1,43%,435,83%,11,3,0,0,0,2022-06-04,20:31,Atletico-GO,Corinthians,4-2-3-1,4-2-3-1,Corinthians,0,1,GO,SP,3,2022
7730,9,Atletico-GO,14,3,57%,528,85%,9,3,0,3,9,2022-06-04,20:31,Atletico-GO,Corinthians,4-2-3-1,4-2-3-1,Corinthians,0,1,GO,SP,0,2022
7731,9,Juventude,11,3,48%,251,40%,21,3,0,5,5,2022-06-05,11:00,Juventude,Fluminense,4-3-3,4-2-3-1,Juventude,1,0,RS,RJ,3,2022
7731,9,Fluminense,6,2,52%,259,39%,10,4,1,1,7,2022-06-05,11:00,Juventude,Fluminense,4-3-3,4-2-3-1,Juventude,1,0,RS,RJ,0,2022
7732,9,Fortaleza,12,6,34%,280,75%,21,4,0,5,3,2022-06-05,16:00,Flamengo,Fortaleza,4-3-3,3-4-2-1,Fortaleza,1,2,RJ,CE,3,2022
7732,9,Flamengo,11,3,66%,526,87%,9,3,0,2,9,2022-06-05,16:00,Flamengo,Fortaleza,4-3-3,3-4-2-1,Fortaleza,1,2,RJ,CE,0,2022
7733,9,Palmeiras,16,3,49%,367,78%,8,1,0,0,6,2022-06-05,16:00,Palmeiras,Atletico-MG,4-2-3-1,4-2-3-1,-,0,0,SP,MG,1,2022
7733,9,Atletico-MG,11,3,51%,378,82%,19,3,0,4,2,2022-06-05,16:00,Palmeiras,Atletico-MG,4-2-3-1,4-2-3-1,-,0,0,SP,MG,1,2022
7734,9,Bragantino,8,2,48%,434,82%,20,3,0,2,7,2022-06-05,18:59,Bragantino,Internacional,4-2-3-1,4-4-1-1,Internacional,0,2,SP,RS,0,2022
7734,9,Internacional,9,5,52%,479,82%,12,3,0,1,3,2022-06-05,18:59,Bragantino,Internacional,4-2-3-1,4-4-1-1,Internacional,0,2,SP,RS,3,2022
7735,9,Botafogo-RJ,16,5,63%,464,85%,11,2,0,1,9,2022-06-06,20:00,Botafogo-RJ,Goias,4-3-3,5-4-1,Goias,1,2,RJ,GO,0,2022
7735,9,Goias,11,4,37%,282,70%,22,2,0,1,2,2022-06-06,20:00,Botafogo-RJ,Goias,4-3-3,5-4-1,Goias,1,2,RJ,GO,3,2022
7736,10,Cuiaba,11,4,39%,354,79%,10,1,1,0,4,2022-06-07,21:30,Cuiaba,Corinthians,4-2-3-1,3-4-3,Cuiaba,1,0,MT,SP,3,2022
7736,10,Corinthians,11,4,61%,552,87%,11,2,0,0,3,2022-06-07,21:30,Cuiaba,Corinthians,4-2-3-1,3-4-3,Cuiaba,1,0,MT,SP,0,2022
7737,10,Ceara,7,3,43%,348,70%,20,3,0,0,4,2022-06-08,19:00,America-MG,Ceara,4-1-4-1,4-3-3,Ceara,0,2,MG,CE,3,2022
7737,10,America-MG,16,3,57%,452,78%,18,2,0,3,4,2022-06-08,19:00,America-MG,Ceara,4-1-4-1,4-3-3,Ceara,0,2,MG,CE,0,2022
7738,10,Athletico-PR,7,6,45%,340,68%,10,4,0,1,5,2022-06-08,19:04,Juventude,Athletico-PR,4-4-2,4-2-3-1,Athletico-PR,1,3,RS,PR,3,2022
7738,10,Juventude,17,4,55%,385,75%,9,2,0,0,11,2022-06-08,19:04,Juventude,Athletico-PR,4-4-2,4-2-3-1,Athletico-PR,1,3,RS,PR,0,2022
7739,10,Atletico-GO,13,5,53%,429,79%,12,1,0,1,8,2022-06-08,20:29,Atletico-GO,Avai,4-2-3-1,4-3-3,Atletico-GO,2,1,GO,SC,3,2022
7739,10,Avai,10,3,47%,394,79%,12,3,1,0,6,2022-06-08,20:29,Atletico-GO,Avai,4-2-3-1,4-3-3,Atletico-GO,2,1,GO,SC,0,2022
7740,10,Flamengo,13,3,69%,551,88%,16,4,0,1,7,2022-06-08,20:30,Bragantino,Flamengo,4-2-3-1,4-4-2,Bragantino,1,0,SP,RJ,0,2022
7740,10,Bragantino,12,2,31%,253,77%,11,1,1,2,5,2022-06-08,20:30,Bragantino,Flamengo,4-2-3-1,4-4-2,Bragantino,1,0,SP,RJ,3,2022
7741,10,Fluminense,13,9,43%,332,78%,13,3,0,1,1,2022-06-08,21:30,Fluminense,Atletico-MG,4-4-1-1,4-4-2,Fluminense,5,3,RJ,MG,3,2022
7741,10,Atletico-MG,11,6,57%,425,84%,15,3,0,3,9,2022-06-08,21:30,Fluminense,Atletico-MG,4-4-1-1,4-4-2,Fluminense,5,3,RJ,MG,0,2022
7742,10,Internacional,11,6,48%,411,79%,16,1,0,1,3,2022-06-08,21:30,Santos,Internacional,4-2-3-1,4-2-3-1,-,1,1,SP,RS,1,2022
7742,10,Santos,22,6,52%,414,80%,11,2,0,2,10,2022-06-08,21:30,Santos,Internacional,4-2-3-1,4-2-3-1,-,1,1,SP,RS,1,2022
7743,10,Botafogo-RJ,12,3,53%,440,85%,14,1,0,0,4,2022-06-09,19:00,Palmeiras,Botafogo-RJ,4-2-3-1,4-1-4-1,Palmeiras,4,0,SP,RJ,0,2022
7743,10,Palmeiras,14,6,47%,391,83%,16,1,0,3,7,2022-06-09,19:00,Palmeiras,Botafogo-RJ,4-2-3-1,4-1-4-1,Palmeiras,4,0,SP,RJ,3,2022
7744,10,Sao Paulo,16,4,60%,467,83%,13,3,0,1,10,2022-06-09,20:00,Coritiba,Sao Paulo,4-2-3-1,3-1-4-2,-,1,1,PR,SP,1,2022
7744,10,Coritiba,11,2,40%,318,77%,12,3,0,1,1,2022-06-09,20:00,Coritiba,Sao Paulo,4-2-3-1,3-1-4-2,-,1,1,PR,SP,1,2022
7745,10,Goias,12,2,48%,379,82%,18,2,0,2,2,2022-06-09,20:00,Fortaleza,Goias,3-4-1-2,5-4-1,-,1,1,CE,GO,1,2022
7745,10,Fortaleza,20,4,52%,391,80%,12,1,0,5,6,2022-06-09,20:00,Fortaleza,Goias,3-4-1-2,5-4-1,-,1,1,CE,GO,1,2022
7746,11,Juventude,8,2,42%,427,81%,12,4,0,4,5,2022-06-11,16:31,Corinthians,Juventude,4-2-3-1,4-4-2,Corinthians,2,0,SP,RS,0,2022
7746,11,Corinthians,13,3,58%,573,86%,15,1,0,3,4,2022-06-11,16:31,Corinthians,Juventude,4-2-3-1,4-4-2,Corinthians,2,0,SP,RS,3,2022
7747,11,Atletico-MG,16,4,68%,601,88%,11,4,0,1,5,2022-06-11,19:00,Atletico-MG,Santos,4-2-3-1,4-2-3-1,-,1,1,MG,SP,1,2022
7747,11,Santos,12,6,32%,277,79%,16,4,1,2,6,2022-06-11,19:00,Atletico-MG,Santos,4-2-3-1,4-2-3-1,-,1,1,MG,SP,1,2022
7749,11,Cuiaba,19,5,43%,334,77%,14,1,0,0,5,2022-06-11,19:00,Cuiaba,Bragantino,4-3-3,4-2-3-1,-,1,1,MT,SP,1,2022
7749,11,Bragantino,8,4,57%,450,81%,15,3,0,0,4,2022-06-11,19:00,Cuiaba,Bragantino,4-3-3,4-2-3-1,-,1,1,MT,SP,1,2022
7748,11,Fluminense,15,4,47%,404,84%,10,3,1,2,10,2022-06-11,19:01,Fluminense,Atletico-GO,4-2-3-1,4-2-3-1,Atletico-GO,0,2,RJ,GO,0,2022
7748,11,Atletico-GO,17,9,53%,484,84%,13,2,0,3,6,2022-06-11,19:01,Fluminense,Atletico-GO,4-2-3-1,4-2-3-1,Atletico-GO,0,2,RJ,GO,3,2022
7750,11,Flamengo,16,3,68%,599,88%,14,3,0,1,4,2022-06-11,21:00,Internacional,Flamengo,4-4-1-1,4-3-3,Internacional,3,1,RS,RJ,0,2022
7750,11,Internacional,11,4,32%,290,76%,15,3,0,3,4,2022-06-11,21:00,Internacional,Flamengo,4-4-1-1,4-3-3,Internacional,3,1,RS,RJ,3,2022
7751,11,Goias,12,4,49%,360,81%,20,6,0,1,2,2022-06-12,16:00,Goias,Ceara,3-4-3,4-3-3,-,1,1,GO,CE,1,2022
7751,11,Ceara,20,6,51%,369,75%,14,2,1,3,10,2022-06-12,16:00,Goias,Ceara,3-4-3,4-3-3,-,1,1,GO,CE,1,2022
7752,11,Sao Paulo,15,2,47%,406,77%,14,2,0,2,2,2022-06-12,16:00,Sao Paulo,America-MG,3-5-2,4-1-4-1,Sao Paulo,1,0,SP,MG,3,2022
7752,11,America-MG,11,5,53%,438,75%,16,2,0,0,4,2022-06-12,16:00,Sao Paulo,America-MG,3-5-2,4-1-4-1,Sao Paulo,1,0,SP,MG,0,2022
7753,11,Palmeiras,16,6,53%,466,86%,13,2,0,2,6,2022-06-12,18:01,Coritiba,Palmeiras,5-4-1,4-2-3-1,Palmeiras,0,2,PR,SP,3,2022
7753,11,Coritiba,11,4,47%,410,84%,11,1,1,1,5,2022-06-12,18:01,Coritiba,Palmeiras,5-4-1,4-2-3-1,Palmeiras,0,2,PR,SP,0,2022
7754,11,Fortaleza,23,6,64%,500,80%,13,1,0,1,7,2022-06-12,18:59,Fortaleza,Athletico-PR,4-2-3-1,4-2-3-1,-,0,0,CE,PR,1,2022
7754,11,Athletico-PR,7,0,36%,293,66%,12,3,0,2,1,2022-06-12,18:59,Fortaleza,Athletico-PR,4-2-3-1,4-2-3-1,-,0,0,CE,PR,1,2022
7755,11,Botafogo-RJ,22,7,51%,415,74%,19,4,0,1,7,2022-06-13,19:00,Botafogo-RJ,Avai,4-2-3-1,4-1-4-1,Avai,0,1,RJ,SC,0,2022
7755,11,Avai,9,2,49%,409,76%,22,4,1,5,1,2022-06-13,19:00,Botafogo-RJ,Avai,4-2-3-1,4-1-4-1,Avai,0,1,RJ,SC,3,2022
7756,12,Juventude,10,1,34%,326,76%,19,1,1,0,4,2022-06-14,21:30,Juventude,Santos,3-5-2,4-2-3-1,Santos,1,2,RS,SP,0,2022
7756,12,Santos,18,9,66%,630,87%,14,2,0,2,9,2022-06-14,21:30,Juventude,Santos,3-5-2,4-2-3-1,Santos,1,2,RS,SP,3,2022
7757,12,Ceara,16,3,53%,482,81%,14,2,0,1,5,2022-06-15,19:00,Ceara,Atletico-MG,4-3-3,4-2-2-2,-,0,0,CE,MG,1,2022
7757,12,Atletico-MG,14,2,47%,456,79%,17,3,0,0,2,2022-06-15,19:00,Ceara,Atletico-MG,4-3-3,4-2-2-2,-,0,0,CE,MG,1,2022
7758,12,Coritiba,16,5,47%,413,80%,12,1,0,1,5,2022-06-15,19:00,Bragantino,Coritiba,4-2-3-1,4-2-3-1,Bragantino,4,2,SP,PR,0,2022
7758,12,Bragantino,18,7,53%,449,80%,13,2,0,1,4,2022-06-15,19:00,Bragantino,Coritiba,4-2-3-1,4-2-3-1,Bragantino,4,2,SP,PR,3,2022
7759,12,Internacional,16,8,47%,407,80%,14,3,0,0,2,2022-06-15,20:30,Goias,Internacional,3-4-3,4-3-1-2,Internacional,1,2,GO,RS,3,2022
7759,12,Goias,7,3,53%,425,84%,11,4,0,4,8,2022-06-15,20:30,Goias,Internacional,3-4-3,4-3-1-2,Internacional,1,2,GO,RS,0,2022
7760,12,Flamengo,15,6,63%,622,90%,17,1,0,3,4,2022-06-15,20:30,Flamengo,Cuiaba,4-3-3,4-4-2,Flamengo,2,0,RJ,MT,3,2022
7760,12,Cuiaba,6,1,37%,352,84%,14,2,0,0,3,2022-06-15,20:30,Flamengo,Cuiaba,4-3-3,4-4-2,Flamengo,2,0,RJ,MT,0,2022
7762,12,Fluminense,20,3,79%,685,89%,9,1,0,1,8,2022-06-15,21:30,America-MG,Fluminense,4-1-4-1,4-2-3-1,-,0,0,MG,RJ,1,2022
7762,12,America-MG,9,4,21%,183,64%,12,3,1,0,3,2022-06-15,21:30,America-MG,Fluminense,4-1-4-1,4-2-3-1,-,0,0,MG,RJ,1,2022
7761,12,Athletico-PR,21,2,43%,384,82%,12,2,1,3,11,2022-06-15,21:32,Athletico-PR,Corinthians,4-2-3-1,4-2-3-1,-,1,1,PR,SP,1,2022
7761,12,Corinthians,11,6,57%,522,86%,9,2,1,0,4,2022-06-15,21:32,Athletico-PR,Corinthians,4-2-3-1,4-2-3-1,-,1,1,PR,SP,1,2022
7763,12,Botafogo-RJ,17,3,32%,276,71%,17,6,0,1,3,2022-06-16,16:00,Botafogo-RJ,Sao Paulo,3-4-3,3-4-1-2,Botafogo-RJ,1,0,RJ,SP,3,2022
7763,12,Sao Paulo,6,2,68%,573,82%,17,3,0,4,3,2022-06-16,16:00,Botafogo-RJ,Sao Paulo,3-4-3,3-4-1-2,Botafogo-RJ,1,0,RJ,SP,0,2022
7764,12,Atletico-GO,10,2,51%,392,83%,16,1,1,2,4,2022-06-16,17:59,Palmeiras,Atletico-GO,4-2-3-1,4-2-3-1,Palmeiras,4,2,SP,GO,0,2022
7764,12,Palmeiras,29,12,49%,361,82%,12,2,0,2,12,2022-06-16,17:59,Palmeiras,Atletico-GO,4-2-3-1,4-2-3-1,Palmeiras,4,2,SP,GO,3,2022
7765,12,Avai,12,4,51%,435,80%,16,1,0,2,3,2022-06-16,19:00,Avai,Fortaleza,4-1-4-1,4-4-1-1,Avai,3,2,SC,CE,3,2022
7765,12,Fortaleza,4,3,49%,424,81%,17,3,0,2,4,2022-06-16,19:00,Avai,Fortaleza,4-1-4-1,4-4-1-1,Avai,3,2,SC,CE,0,2022
7766,13,Ceara,9,1,55%,454,83%,10,2,0,6,6,2022-06-18,18:59,Cuiaba,Ceara,4-4-2,4-3-3,-,0,0,MT,CE,1,2022
7766,13,Cuiaba,14,1,45%,368,79%,15,0,0,1,7,2022-06-18,18:59,Cuiaba,Ceara,4-4-2,4-3-3,-,0,0,MT,CE,1,2022
7767,13,Santos,12,5,43%,341,81%,13,4,0,0,3,2022-06-18,21:00,Santos,Bragantino,4-2-3-1,4-2-3-1,-,2,2,SP,SP,1,2022
7767,13,Bragantino,18,7,57%,441,85%,18,3,0,0,9,2022-06-18,21:00,Santos,Bragantino,4-2-3-1,4-2-3-1,-,2,2,SP,SP,1,2022
7768,13,Flamengo,10,3,52%,406,85%,13,1,0,1,8,2022-06-19,15:59,Atletico-MG,Flamengo,4-2-3-1,4-2-3-1,Atletico-MG,2,0,MG,RJ,0,2022
7768,13,Atletico-MG,16,3,48%,373,84%,18,4,0,1,9,2022-06-19,15:59,Atletico-MG,Flamengo,4-2-3-1,4-2-3-1,Atletico-MG,2,0,MG,RJ,3,2022
7769,13,Coritiba,24,3,61%,372,80%,12,4,2,3,12,2022-06-19,16:01,Coritiba,Athletico-PR,4-2-3-1,4-2-3-1,Athletico-PR,0,1,PR,PR,0,2022
7769,13,Athletico-PR,10,3,39%,251,70%,11,6,0,2,1,2022-06-19,16:01,Coritiba,Athletico-PR,4-2-3-1,4-2-3-1,Athletico-PR,0,1,PR,PR,3,2022
7770,13,Goias,9,2,33%,300,73%,13,4,0,1,4,2022-06-19,16:01,Corinthians,Goias,4-2-3-1,4-4-2,Corinthians,1,0,SP,GO,0,2022
7770,13,Corinthians,17,3,67%,603,85%,7,1,0,3,6,2022-06-19,16:01,Corinthians,Goias,4-2-3-1,4-4-2,Corinthians,1,0,SP,GO,3,2022
7771,13,Botafogo-RJ,10,6,22%,178,60%,13,6,2,3,2,2022-06-19,18:00,Internacional,Botafogo-RJ,4-1-2-1-2,3-4-3,Botafogo-RJ,2,3,RS,RJ,3,2022
7771,13,Internacional,18,8,78%,597,87%,13,4,2,5,7,2022-06-19,18:00,Internacional,Botafogo-RJ,4-1-2-1-2,3-4-3,Botafogo-RJ,2,3,RS,RJ,0,2022
7772,13,Fortaleza,18,8,51%,355,70%,8,1,0,1,5,2022-06-19,18:00,Fortaleza,America-MG,3-4-3,4-1-4-1,Fortaleza,1,0,CE,MG,3,2022
7772,13,America-MG,14,4,49%,325,69%,5,0,0,5,8,2022-06-19,18:00,Fortaleza,America-MG,3-4-3,4-1-4-1,Fortaleza,1,0,CE,MG,0,2022
7773,13,Juventude,5,3,34%,276,72%,11,4,1,1,2,2022-06-19,18:01,Atletico-GO,Juventude,4-2-3-1,4-3-3,Atletico-GO,3,1,GO,RS,0,2022
7773,13,Atletico-GO,26,6,66%,513,87%,15,3,0,1,7,2022-06-19,18:01,Atletico-GO,Juventude,4-2-3-1,4-3-3,Atletico-GO,3,1,GO,RS,3,2022
7774,13,Fluminense,19,3,49%,479,87%,8,0,0,1,6,2022-06-19,19:01,Fluminense,Avai,4-2-3-1,4-1-4-1,Fluminense,2,0,RJ,SC,3,2022
7774,13,Avai,9,4,51%,486,83%,15,3,0,4,3,2022-06-19,19:01,Fluminense,Avai,4-2-3-1,4-1-4-1,Fluminense,2,0,RJ,SC,0,2022
7775,13,Sao Paulo,12,3,39%,287,73%,17,3,0,1,3,2022-06-20,20:00,Sao Paulo,Palmeiras,3-1-4-2,4-3-1-2,Palmeiras,1,2,SP,SP,0,2022
7775,13,Palmeiras,23,7,61%,446,82%,9,1,0,2,7,2022-06-20,20:00,Sao Paulo,Palmeiras,3-1-4-2,4-3-1-2,Palmeiras,1,2,SP,SP,3,2022
7776,14,Internacional,15,8,56%,550,88%,9,2,0,0,1,2022-06-24,21:29,Internacional,Coritiba,4-3-3,4-2-3-1,Internacional,3,0,RS,PR,3,2022
7776,14,Coritiba,14,4,44%,427,88%,16,4,0,2,9,2022-06-24,21:29,Internacional,Coritiba,4-3-3,4-2-3-1,Internacional,3,0,RS,PR,0,2022
7777,14,Bragantino,23,6,70%,560,87%,11,1,0,3,10,2022-06-25,16:30,Athletico-PR,Bragantino,4-2-3-1,4-2-3-1,Athletico-PR,4,2,PR,SP,0,2022
7777,14,Athletico-PR,10,6,30%,247,68%,14,4,0,0,5,2022-06-25,16:30,Athletico-PR,Bragantino,4-2-3-1,4-2-3-1,Athletico-PR,4,2,PR,SP,3,2022
7778,14,Flamengo,23,7,53%,430,78%,17,1,0,2,7,2022-06-25,19:00,Flamengo,America-MG,4-3-1-2,4-1-4-1,Flamengo,3,0,RJ,MG,3,2022
7778,14,America-MG,15,5,47%,387,77%,13,2,0,1,7,2022-06-25,19:00,Flamengo,America-MG,4-3-1-2,4-1-4-1,Flamengo,3,0,RJ,MG,0,2022
7779,14,Santos,7,2,38%,335,73%,10,3,0,4,2,2022-06-25,19:00,Corinthians,Santos,4-1-4-1,4-2-3-1,-,0,0,SP,SP,1,2022
7779,14,Corinthians,9,1,62%,527,85%,20,3,0,0,3,2022-06-25,19:00,Corinthians,Santos,4-1-4-1,4-2-3-1,-,0,0,SP,SP,1,2022
7780,14,Atletico-MG,17,6,67%,663,90%,14,0,0,1,1,2022-06-25,20:59,Atletico-MG,Fortaleza,3-4-2-1,3-4-3,Atletico-MG,3,2,MG,CE,3,2022
7780,14,Fortaleza,8,3,33%,328,77%,15,5,0,0,3,2022-06-25,20:59,Atletico-MG,Fortaleza,3-4-2-1,3-4-3,Atletico-MG,3,2,MG,CE,0,2022
7781,14,Avai,7,4,49%,395,78%,18,4,0,0,2,2022-06-26,16:01,Avai,Palmeiras,4-1-4-1,4-2-3-1,-,2,2,SC,SP,1,2022
7781,14,Palmeiras,15,4,51%,392,74%,17,1,0,1,5,2022-06-26,16:01,Avai,Palmeiras,4-1-4-1,4-2-3-1,-,2,2,SC,SP,1,2022
7782,14,Fluminense,11,3,80%,730,89%,14,2,0,1,6,2022-06-26,16:03,Botafogo-RJ,Fluminense,3-4-3,4-2-3-1,Fluminense,0,1,RJ,RJ,3,2022
7782,14,Botafogo-RJ,9,1,20%,182,66%,18,3,0,1,1,2022-06-26,16:03,Botafogo-RJ,Fluminense,3-4-3,4-2-3-1,Fluminense,0,1,RJ,RJ,0,2022
7783,14,Goias,15,5,46%,311,71%,14,3,0,2,4,2022-06-26,18:00,Goias,Cuiaba,3-4-3,4-3-3,Goias,1,0,GO,MT,3,2022
7783,14,Cuiaba,13,2,54%,356,75%,16,3,1,0,6,2022-06-26,18:00,Goias,Cuiaba,3-4-3,4-3-3,Goias,1,0,GO,MT,0,2022
7784,14,Atletico-GO,7,2,51%,369,81%,18,2,0,6,2,2022-06-26,18:00,Ceara,Atletico-GO,4-3-3,4-2-3-1,-,1,1,CE,GO,1,2022
7784,14,Ceara,10,5,49%,352,82%,16,2,0,0,4,2022-06-26,18:00,Ceara,Atletico-GO,4-3-3,4-2-3-1,-,1,1,CE,GO,1,2022
7785,14,Juventude,4,2,41%,400,80%,7,4,0,1,1,2022-06-26,18:01,Sao Paulo,Juventude,3-1-4-2,4-2-3-1,-,0,0,SP,RS,1,2022
7785,14,Sao Paulo,29,9,59%,527,87%,15,3,0,0,16,2022-06-26,18:01,Sao Paulo,Juventude,3-1-4-2,4-2-3-1,-,0,0,SP,RS,1,2022
7786,15,Juventude,17,3,56%,574,90%,11,2,0,1,6,2022-07-02,16:29,Juventude,Atletico-MG,4-2-3-1,4-2-3-1,Atletico-MG,1,2,RS,MG,0,2022
7786,15,Atletico-MG,8,4,44%,475,88%,11,1,0,0,6,2022-07-02,16:29,Juventude,Atletico-MG,4-2-3-1,4-2-3-1,Atletico-MG,1,2,RS,MG,3,2022
7787,15,Fluminense,15,6,58%,519,90%,11,0,0,4,6,2022-07-02,16:31,Fluminense,Corinthians,4-2-3-1,3-4-3,Fluminense,4,0,RJ,SP,3,2022
7787,15,Corinthians,3,2,42%,374,82%,12,3,0,0,4,2022-07-02,16:31,Fluminense,Corinthians,4-2-3-1,3-4-3,Fluminense,4,0,RJ,SP,0,2022
7788,15,Flamengo,12,6,54%,489,86%,13,2,0,0,3,2022-07-02,19:00,Santos,Flamengo,4-2-3-1,4-3-3,Flamengo,1,2,SP,RJ,3,2022
7788,15,Santos,16,7,46%,418,82%,15,4,0,2,7,2022-07-02,19:00,Santos,Flamengo,4-2-3-1,4-3-3,Flamengo,1,2,SP,RJ,0,2022
7789,15,Ceara,9,4,61%,391,84%,24,4,0,3,3,2022-07-02,19:00,Ceara,Internacional,4-2-3-1,4-2-3-1,-,1,1,CE,RS,1,2022
7789,15,Internacional,12,5,39%,257,77%,20,3,1,0,2,2022-07-02,19:00,Ceara,Internacional,4-2-3-1,4-2-3-1,-,1,1,CE,RS,1,2022
7790,15,Palmeiras,35,7,72%,553,84%,12,1,1,0,9,2022-07-02,21:00,Palmeiras,Athletico-PR,3-4-3,4-2-3-1,Athletico-PR,0,2,SP,PR,0,2022
7790,15,Athletico-PR,13,5,28%,231,60%,15,2,0,0,2,2022-07-02,21:00,Palmeiras,Athletico-PR,3-4-3,4-2-3-1,Athletico-PR,0,2,SP,PR,3,2022
7791,15,Cuiaba,13,3,40%,374,76%,12,0,0,2,4,2022-07-03,11:00,Avai,Cuiaba,4-3-3,4-1-4-1,Cuiaba,1,2,SC,MT,3,2022
7791,15,Avai,12,3,60%,562,84%,10,0,0,3,4,2022-07-03,11:00,Avai,Cuiaba,4-3-3,4-1-4-1,Cuiaba,1,2,SC,MT,0,2022
7792,15,Sao Paulo,8,2,47%,346,78%,20,7,0,1,0,2022-07-03,16:00,Atletico-GO,Sao Paulo,4-2-3-1,3-4-2-1,Sao Paulo,1,2,GO,SP,3,2022
7792,15,Atletico-GO,11,3,53%,376,81%,9,5,0,2,3,2022-07-03,16:00,Atletico-GO,Sao Paulo,4-2-3-1,3-4-2-1,Sao Paulo,1,2,GO,SP,0,2022
7793,15,Goias,21,3,47%,377,78%,8,2,0,2,3,2022-07-03,18:00,America-MG,Goias,4-1-4-1,3-4-2-1,America-MG,1,0,MG,GO,0,2022
7793,15,America-MG,21,5,53%,412,77%,14,2,0,2,11,2022-07-03,18:00,America-MG,Goias,4-1-4-1,3-4-2-1,America-MG,1,0,MG,GO,3,2022
7794,15,Fortaleza,22,7,63%,479,87%,22,3,0,1,6,2022-07-03,18:46,Coritiba,Fortaleza,4-2-3-1,3-4-1-2,Coritiba,2,1,PR,CE,0,2022
7794,15,Coritiba,11,4,37%,288,75%,11,2,1,1,2,2022-07-03,18:46,Coritiba,Fortaleza,4-2-3-1,3-4-1-2,Coritiba,2,1,PR,CE,3,2022
7795,15,Botafogo-RJ,9,1,35%,248,67%,19,4,0,0,4,2022-07-04,20:00,Bragantino,Botafogo-RJ,4-2-3-1,3-4-1-2,Botafogo-RJ,0,1,SP,RJ,3,2022
7795,15,Bragantino,18,6,65%,434,77%,11,1,1,6,9,2022-07-04,20:00,Bragantino,Botafogo-RJ,4-2-3-1,3-4-1-2,Botafogo-RJ,0,1,SP,RJ,0,2022
7796,16,Bragantino,37,13,46%,355,76%,5,1,0,1,19,2022-07-09,16:30,Bragantino,Avai,4-2-3-1,4-3-3,Bragantino,4,0,SP,SC,3,2022
7796,16,Avai,8,2,54%,434,81%,6,3,0,0,7,2022-07-09,16:30,Bragantino,Avai,4-2-3-1,4-3-3,Bragantino,4,0,SP,SC,0,2022
7797,16,Fluminense,18,6,60%,501,87%,16,2,0,0,9,2022-07-09,19:05,Fluminense,Ceara,4-2-3-1,4-2-4-0,Fluminense,2,1,RJ,CE,3,2022
7797,16,Ceara,17,6,40%,344,79%,17,3,0,2,10,2022-07-09,19:05,Fluminense,Ceara,4-2-3-1,4-2-4-0,Fluminense,2,1,RJ,CE,0,2022
7798,16,Athletico-PR,20,4,66%,481,86%,10,1,0,3,2,2022-07-09,20:30,Goias,Athletico-PR,3-5-2,4-2-3-1,Goias,2,1,GO,PR,0,2022
7798,16,Goias,11,3,34%,256,70%,15,2,0,0,2,2022-07-09,20:30,Goias,Athletico-PR,3-5-2,4-2-3-1,Goias,2,1,GO,PR,3,2022
7799,16,Coritiba,19,2,47%,350,81%,19,1,0,0,11,2022-07-10,11:01,Coritiba,Juventude,4-2-3-1,4-4-2,-,2,2,PR,RS,1,2022
7799,16,Juventude,15,6,53%,426,81%,11,2,0,0,7,2022-07-10,11:01,Coritiba,Juventude,4-2-3-1,4-4-2,-,2,2,PR,RS,1,2022
7800,16,Flamengo,12,4,51%,457,82%,12,4,0,1,3,2022-07-10,16:01,Corinthians,Flamengo,4-2-3-1,4-3-1-2,Corinthians,1,0,SP,RJ,0,2022
7800,16,Corinthians,7,2,49%,433,81%,7,2,0,3,6,2022-07-10,16:01,Corinthians,Flamengo,4-2-3-1,4-3-1-2,Corinthians,1,0,SP,RJ,3,2022
7802,16,Palmeiras,12,5,61%,454,83%,15,1,0,2,6,2022-07-10,18:00,Fortaleza,Palmeiras,3-4-1-2,4-2-3-1,-,0,0,CE,SP,1,2022
7802,16,Fortaleza,12,6,39%,295,74%,9,0,0,1,2,2022-07-10,18:00,Fortaleza,Palmeiras,3-4-1-2,4-2-3-1,-,0,0,CE,SP,1,2022
7803,16,Atletico-MG,11,2,60%,496,84%,12,1,0,2,7,2022-07-10,18:00,Atletico-MG,Sao Paulo,4-2-3-1,3-1-4-2,-,0,0,MG,SP,1,2022
7803,16,Sao Paulo,6,2,40%,340,78%,16,1,0,0,4,2022-07-10,18:00,Atletico-MG,Sao Paulo,4-2-3-1,3-1-4-2,-,0,0,MG,SP,1,2022
7801,16,Santos,19,5,48%,349,79%,13,5,0,0,9,2022-07-10,18:01,Santos,Atletico-GO,4-2-3-1,4-2-3-1,Santos,1,0,SP,GO,3,2022
7801,16,Atletico-GO,16,4,52%,370,83%,18,4,0,0,10,2022-07-10,18:01,Santos,Atletico-GO,4-2-3-1,4-2-3-1,Santos,1,0,SP,GO,0,2022
7804,16,Botafogo-RJ,6,2,54%,473,82%,11,1,2,2,2,2022-07-10,19:02,Cuiaba,Botafogo-RJ,4-1-4-1,3-4-2-1,Cuiaba,2,0,MT,RJ,0,2022
7804,16,Cuiaba,14,6,46%,404,81%,7,1,0,2,5,2022-07-10,19:02,Cuiaba,Botafogo-RJ,4-1-4-1,3-4-2-1,Cuiaba,2,0,MT,RJ,3,2022
7805,16,America-MG,9,7,32%,309,71%,8,5,0,2,2,2022-07-11,19:59,Internacional,America-MG,4-3-1-2,4-1-4-1,Internacional,1,0,RS,MG,0,2022
7805,16,Internacional,21,4,68%,647,86%,5,0,0,2,13,2022-07-11,19:59,Internacional,America-MG,4-3-1-2,4-1-4-1,Internacional,1,0,RS,MG,3,2022
7806,17,Athletico-PR,17,5,60%,501,84%,7,1,0,4,5,2022-07-16,16:30,Athletico-PR,Internacional,4-2-3-1,4-2-3-1,-,0,0,PR,RS,1,2022
7806,17,Internacional,17,3,40%,338,73%,13,2,0,2,5,2022-07-16,16:30,Athletico-PR,Internacional,4-2-3-1,4-2-3-1,-,0,0,PR,RS,1,2022
7807,17,Flamengo,17,4,55%,543,90%,13,0,0,0,8,2022-07-16,18:59,Flamengo,Coritiba,4-1-4-1,4-4-2,Flamengo,2,0,RJ,PR,3,2022
7807,17,Coritiba,17,0,45%,447,87%,11,1,0,1,6,2022-07-16,18:59,Flamengo,Coritiba,4-1-4-1,4-4-2,Flamengo,2,0,RJ,PR,0,2022
7808,17,Santos,6,2,59%,474,83%,12,3,0,1,8,2022-07-16,19:00,Avai,Santos,4-1-4-1,4-2-3-1,Avai,1,0,SC,SP,0,2022
7808,17,Avai,14,4,41%,338,76%,17,5,0,3,6,2022-07-16,19:00,Avai,Santos,4-1-4-1,4-2-3-1,Avai,1,0,SC,SP,3,2022
7809,17,Ceara,18,7,44%,434,82%,18,1,0,2,6,2022-07-16,21:00,Ceara,Corinthians,4-4-2,4-2-3-1,Ceara,3,1,CE,SP,3,2022
7809,17,Corinthians,11,4,56%,542,84%,5,1,0,1,2,2022-07-16,21:00,Ceara,Corinthians,4-4-2,4-2-3-1,Ceara,3,1,CE,SP,0,2022
7810,17,Goias,16,2,38%,307,75%,16,3,0,2,4,2022-07-17,11:02,Juventude,Goias,4-1-4-1,4-4-2,-,0,0,RS,GO,1,2022
7810,17,Juventude,23,1,62%,473,83%,16,2,0,1,7,2022-07-17,11:02,Juventude,Goias,4-1-4-1,4-4-2,-,0,0,RS,GO,1,2022
7811,17,Fluminense,15,3,64%,583,86%,7,2,0,1,3,2022-07-17,16:03,Sao Paulo,Fluminense,4-4-2,4-2-3-1,-,2,2,SP,RJ,1,2022
7811,17,Sao Paulo,6,2,36%,328,76%,17,4,0,5,5,2022-07-17,16:03,Sao Paulo,Fluminense,4-4-2,4-2-3-1,-,2,2,SP,RJ,1,2022
7813,17,Fortaleza,9,5,37%,334,79%,9,0,0,0,6,2022-07-17,18:00,Atletico-GO,Fortaleza,4-2-3-1,3-4-2-1,Fortaleza,0,1,GO,CE,3,2022
7813,17,Atletico-GO,15,3,63%,555,87%,7,1,0,1,5,2022-07-17,18:00,Atletico-GO,Fortaleza,4-2-3-1,3-4-2-1,Fortaleza,0,1,GO,CE,0,2022
7812,17,Botafogo-RJ,14,2,37%,275,76%,21,4,0,1,6,2022-07-17,18:02,Botafogo-RJ,Atletico-MG,4-2-3-1,4-2-3-1,Atletico-MG,0,1,RJ,MG,0,2022
7812,17,Atletico-MG,15,4,63%,487,88%,18,3,0,3,2,2022-07-17,18:02,Botafogo-RJ,Atletico-MG,4-2-3-1,4-2-3-1,Atletico-MG,0,1,RJ,MG,3,2022
7814,17,America-MG,25,4,56%,490,84%,8,3,0,2,10,2022-07-17,19:00,America-MG,Bragantino,4-1-4-1,4-2-3-1,Bragantino,0,3,MG,SP,0,2022
7814,17,Bragantino,16,6,44%,408,81%,18,1,0,1,4,2022-07-17,19:00,America-MG,Bragantino,4-1-4-1,4-2-3-1,Bragantino,0,3,MG,SP,3,2022
7815,17,Cuiaba,6,1,38%,310,73%,12,1,0,1,4,2022-07-18,20:00,Palmeiras,Cuiaba,4-2-3-1,3-4-3,Palmeiras,1,0,SP,MT,0,2022
7815,17,Palmeiras,16,8,62%,494,84%,17,3,0,3,11,2022-07-18,20:00,Palmeiras,Cuiaba,4-2-3-1,3-4-3,Palmeiras,1,0,SP,MT,3,2022
7816,18,Avai,16,2,55%,444,83%,14,2,0,1,3,2022-07-19,22:17,Ceara,Avai,4-2-3-1,4-1-4-1,Ceara,1,0,CE,SC,0,2022
7816,18,Ceara,14,5,45%,366,77%,17,0,0,1,3,2022-07-19,22:17,Ceara,Avai,4-2-3-1,4-1-4-1,Ceara,1,0,CE,SC,3,2022
7818,18,Goias,15,5,26%,211,73%,19,2,0,2,2,2022-07-20,18:59,Goias,Fluminense,4-4-2,4-2-3-1,Fluminense,2,3,GO,RJ,0,2022
7818,18,Fluminense,17,10,74%,603,90%,9,0,0,0,3,2022-07-20,18:59,Goias,Fluminense,4-4-2,4-2-3-1,Fluminense,2,3,GO,RJ,3,2022
7817,18,Bragantino,14,7,56%,406,78%,14,4,0,1,4,2022-07-20,19:00,Bragantino,Fortaleza,4-2-3-1,3-4-2-1,Bragantino,2,1,SP,CE,3,2022
7817,18,Fortaleza,10,3,44%,319,70%,18,3,0,1,9,2022-07-20,19:00,Bragantino,Fortaleza,4-2-3-1,3-4-2-1,Bragantino,2,1,SP,CE,0,2022
7819,18,Atletico-GO,15,5,58%,527,85%,8,0,0,1,2,2022-07-20,19:30,Athletico-PR,Atletico-GO,4-2-3-1,4-2-3-1,Athletico-PR,4,1,PR,GO,0,2022
7819,18,Athletico-PR,15,9,42%,383,80%,15,3,0,2,3,2022-07-20,19:30,Athletico-PR,Atletico-GO,4-2-3-1,4-2-3-1,Athletico-PR,4,1,PR,GO,3,2022
7820,18,Flamengo,27,12,63%,550,91%,14,3,0,2,5,2022-07-20,20:29,Flamengo,Juventude,4-3-1-2,4-1-4-1,Flamengo,4,0,RJ,RS,3,2022
7820,18,Juventude,8,2,37%,317,82%,13,3,1,1,4,2022-07-20,20:29,Flamengo,Juventude,4-3-1-2,4-1-4-1,Flamengo,4,0,RJ,RS,0,2022
7821,18,Internacional,15,7,34%,297,82%,11,4,0,3,4,2022-07-20,20:29,Internacional,Sao Paulo,4-2-3-1,3-1-4-2,-,3,3,RS,SP,1,2022
7821,18,Sao Paulo,8,4,66%,586,88%,10,5,0,4,3,2022-07-20,20:29,Internacional,Sao Paulo,4-2-3-1,3-1-4-2,-,3,3,RS,SP,1,2022
7822,18,Santos,16,7,35%,298,75%,15,2,0,2,4,2022-07-20,21:30,Santos,Botafogo-RJ,4-2-3-1,4-2-3-1,Santos,2,0,SP,RJ,3,2022
7822,18,Botafogo-RJ,23,10,65%,553,87%,18,2,0,2,4,2022-07-20,21:30,Santos,Botafogo-RJ,4-2-3-1,4-2-3-1,Santos,2,0,SP,RJ,0,2022
7823,18,Coritiba,8,4,38%,372,82%,15,3,0,1,2,2022-07-20,21:33,Corinthians,Coritiba,4-2-3-1,4-1-4-1,Corinthians,3,1,SP,PR,0,2022
7823,18,Corinthians,19,6,62%,584,89%,16,1,0,1,9,2022-07-20,21:33,Corinthians,Coritiba,4-2-3-1,4-1-4-1,Corinthians,3,1,SP,PR,3,2022
7824,18,Atletico-MG,7,4,69%,672,90%,10,1,0,1,2,2022-07-21,18:59,Cuiaba,Atletico-MG,4-1-4-1,4-2-3-1,-,1,1,MT,MG,1,2022
7824,18,Cuiaba,16,8,31%,296,77%,7,1,0,1,4,2022-07-21,18:59,Cuiaba,Atletico-MG,4-1-4-1,4-2-3-1,-,1,1,MT,MG,1,2022
7825,18,America-MG,15,3,48%,399,77%,16,5,0,1,7,2022-07-21,20:00,America-MG,Palmeiras,4-3-3,4-2-3-1,Palmeiras,0,1,MG,SP,0,2022
7825,18,Palmeiras,17,5,52%,419,81%,6,3,0,2,7,2022-07-21,20:00,America-MG,Palmeiras,4-3-3,4-2-3-1,Palmeiras,0,1,MG,SP,3,2022
7826,19,Goias,13,9,36%,308,80%,11,5,0,3,3,2022-07-23,18:59,Sao Paulo,Goias,4-4-2,4-4-2,-,3,3,SP,GO,1,2022
7826,19,Sao Paulo,20,4,64%,541,86%,7,2,0,0,6,2022-07-23,18:59,Sao Paulo,Goias,4-4-2,4-4-2,-,3,3,SP,GO,1,2022
7827,19,Athletico-PR,16,4,46%,410,80%,15,2,0,3,11,2022-07-23,21:01,Botafogo-RJ,Athletico-PR,4-2-3-1,4-2-3-1,Botafogo-RJ,2,0,RJ,PR,0,2022
7827,19,Botafogo-RJ,17,6,54%,494,82%,16,0,0,0,2,2022-07-23,21:01,Botafogo-RJ,Athletico-PR,4-2-3-1,4-2-3-1,Botafogo-RJ,2,0,RJ,PR,3,2022
7828,19,Flamengo,19,8,58%,453,85%,19,1,0,0,5,2022-07-24,11:03,Avai,Flamengo,4-3-3,4-1-2-1-2,Flamengo,1,2,SC,RJ,3,2022
7828,19,Avai,13,4,42%,333,81%,19,1,0,1,6,2022-07-24,11:03,Avai,Flamengo,4-3-3,4-1-2-1-2,Flamengo,1,2,SC,RJ,0,2022
7830,19,Palmeiras,18,9,52%,391,83%,13,0,0,4,12,2022-07-24,16:00,Palmeiras,Internacional,4-2-3-1,4-1-2-1-2,Palmeiras,2,1,SP,RS,3,2022
7830,19,Internacional,11,5,48%,374,77%,15,1,0,1,5,2022-07-24,16:00,Palmeiras,Internacional,4-2-3-1,4-1-2-1-2,Palmeiras,2,1,SP,RS,0,2022
7831,19,Ceara,17,4,56%,429,85%,14,3,0,1,3,2022-07-24,16:00,Juventude,Ceara,4-1-4-1,4-2-3-1,Juventude,1,0,RS,CE,0,2022
7831,19,Juventude,13,7,44%,337,81%,20,1,0,1,8,2022-07-24,16:00,Juventude,Ceara,4-1-4-1,4-2-3-1,Juventude,1,0,RS,CE,3,2022
7829,19,Fluminense,24,7,61%,528,82%,11,5,1,2,9,2022-07-24,16:02,Fluminense,Bragantino,4-2-2-2,4-2-3-1,Fluminense,2,1,RJ,SP,3,2022
7829,19,Bragantino,5,2,39%,331,72%,20,2,0,4,5,2022-07-24,16:02,Fluminense,Bragantino,4-2-2-2,4-2-3-1,Fluminense,2,1,RJ,SP,0,2022
7833,19,America-MG,10,3,35%,318,67%,12,1,0,2,3,2022-07-24,17:59,Atletico-GO,America-MG,4-2-3-1,4-1-4-1,America-MG,0,1,GO,MG,3,2022
7833,19,Atletico-GO,23,6,65%,554,83%,4,0,0,2,6,2022-07-24,17:59,Atletico-GO,America-MG,4-2-3-1,4-1-4-1,America-MG,0,1,GO,MG,0,2022
7832,19,Corinthians,7,3,47%,474,79%,12,1,0,0,0,2022-07-24,18:01,Atletico-MG,Corinthians,4-2-3-1,4-2-3-1,Corinthians,1,2,MG,SP,3,2022
7832,19,Atletico-MG,14,6,53%,521,83%,11,2,0,2,5,2022-07-24,18:01,Atletico-MG,Corinthians,4-2-3-1,4-2-3-1,Corinthians,1,2,MG,SP,0,2022
7834,19,Fortaleza,27,2,53%,381,80%,11,4,0,3,7,2022-07-24,18:59,Fortaleza,Santos,4-4-2,4-1-4-1,-,0,0,CE,SP,1,2022
7834,19,Santos,11,3,47%,375,71%,11,4,0,1,5,2022-07-24,18:59,Fortaleza,Santos,4-4-2,4-1-4-1,-,0,0,CE,SP,1,2022
7835,19,Cuiaba,8,0,58%,490,84%,12,3,0,1,4,2022-07-25,20:01,Coritiba,Cuiaba,4-2-3-1,4-1-4-1,Coritiba,1,0,PR,MT,0,2022
7835,19,Coritiba,4,2,42%,365,75%,16,4,1,0,4,2022-07-25,20:01,Coritiba,Cuiaba,4-2-3-1,4-1-4-1,Coritiba,1,0,PR,MT,3,2022
7836,20,Coritiba,20,3,51%,355,80%,11,2,1,3,7,2022-07-30,16:31,Goias,Coritiba,4-4-2,5-4-1,Goias,1,0,GO,PR,0,2022
7836,20,Goias,18,4,49%,356,79%,18,1,0,1,3,2022-07-30,16:31,Goias,Coritiba,4-4-2,5-4-1,Goias,1,0,GO,PR,3,2022
7837,20,Palmeiras,16,7,53%,424,86%,11,3,0,5,5,2022-07-30,16:32,Ceara,Palmeiras,4-2-3-1,4-2-3-1,Palmeiras,1,2,CE,SP,3,2022
7837,20,Ceara,12,7,47%,373,79%,14,3,1,0,6,2022-07-30,16:32,Ceara,Palmeiras,4-2-3-1,4-2-3-1,Palmeiras,1,2,CE,SP,0,2022
7838,20,Corinthians,16,4,49%,484,78%,6,0,0,1,3,2022-07-30,19:01,Corinthians,Botafogo-RJ,4-2-3-1,4-2-3-1,Corinthians,1,0,SP,RJ,3,2022
7838,20,Botafogo-RJ,10,3,51%,488,80%,6,0,0,0,4,2022-07-30,19:01,Corinthians,Botafogo-RJ,4-2-3-1,4-2-3-1,Corinthians,1,0,SP,RJ,0,2022
7839,20,Atletico-GO,5,1,48%,433,84%,16,7,1,0,3,2022-07-30,20:29,Flamengo,Atletico-GO,4-4-2,4-1-4-1,Flamengo,4,1,RJ,GO,0,2022
7839,20,Flamengo,16,6,52%,469,85%,12,0,0,1,6,2022-07-30,20:29,Flamengo,Atletico-GO,4-4-2,4-1-4-1,Flamengo,4,1,RJ,GO,3,2022
7841,20,Atletico-MG,21,5,69%,600,88%,12,1,0,1,7,2022-07-31,15:59,Internacional,Atletico-MG,4-4-2,4-2-3-1,Internacional,3,0,RS,MG,0,2022
7841,20,Internacional,9,3,31%,277,70%,13,1,0,1,1,2022-07-31,15:59,Internacional,Atletico-MG,4-4-2,4-2-3-1,Internacional,3,0,RS,MG,3,2022
7840,20,Athletico-PR,10,4,39%,312,75%,15,3,0,1,6,2022-07-31,16:01,Athletico-PR,Sao Paulo,4-2-3-1,4-1-3-2,Athletico-PR,1,0,PR,SP,3,2022
7840,20,Sao Paulo,12,2,61%,484,85%,13,4,0,1,5,2022-07-31,16:01,Athletico-PR,Sao Paulo,4-2-3-1,4-1-3-2,Athletico-PR,1,0,PR,SP,0,2022
7842,20,Fortaleza,7,2,43%,344,77%,10,4,0,1,3,2022-07-31,18:00,Cuiaba,Fortaleza,4-1-4-1,4-4-2,Fortaleza,0,1,MT,CE,3,2022
7842,20,Cuiaba,19,5,57%,429,80%,11,2,0,0,10,2022-07-31,18:00,Cuiaba,Fortaleza,4-1-4-1,4-4-2,Fortaleza,0,1,MT,CE,0,2022
7843,20,America-MG,18,6,47%,372,76%,16,1,0,0,7,2022-07-31,18:00,America-MG,Avai,4-3-3,4-3-3,America-MG,3,1,MG,SC,3,2022
7843,20,Avai,10,3,53%,422,79%,17,0,0,2,7,2022-07-31,18:00,America-MG,Avai,4-3-3,4-3-3,America-MG,3,1,MG,SC,0,2022
7844,20,Bragantino,23,5,52%,445,85%,11,1,0,2,7,2022-07-31,19:00,Bragantino,Juventude,4-2-3-1,4-1-4-1,Bragantino,1,0,SP,RS,3,2022
7844,20,Juventude,9,3,48%,421,79%,15,1,0,1,5,2022-07-31,19:00,Bragantino,Juventude,4-2-3-1,4-1-4-1,Bragantino,1,0,SP,RS,0,2022
7845,20,Santos,10,3,32%,314,79%,14,2,0,2,5,2022-08-01,20:00,Santos,Fluminense,4-2-3-1,4-2-3-1,-,2,2,SP,RJ,1,2022
7845,20,Fluminense,12,7,68%,660,91%,12,5,0,0,5,2022-08-01,20:00,Santos,Fluminense,4-2-3-1,4-2-3-1,-,2,2,SP,RJ,1,2022
7846,21,Juventude,15,3,66%,506,83%,12,1,0,2,13,2022-08-06,16:30,Juventude,America-MG,4-4-2,4-3-3,America-MG,0,1,RS,MG,0,2022
7846,21,America-MG,10,4,34%,278,69%,18,2,0,1,2,2022-08-06,16:30,Juventude,America-MG,4-4-2,4-3-3,America-MG,0,1,RS,MG,3,2022
7847,21,Ceara,16,5,61%,533,84%,9,4,0,1,8,2022-08-06,16:31,Botafogo-RJ,Ceara,4-2-3-1,4-2-3-1,-,1,1,RJ,CE,1,2022
7847,21,Botafogo-RJ,11,4,39%,347,77%,23,3,0,0,3,2022-08-06,16:31,Botafogo-RJ,Ceara,4-2-3-1,4-2-3-1,-,1,1,RJ,CE,1,2022
7849,21,Bragantino,21,6,58%,449,86%,10,1,0,1,10,2022-08-06,19:00,Atletico-GO,Bragantino,4-2-3-1,4-3-3,Atletico-GO,2,1,GO,SP,0,2022
7849,21,Atletico-GO,11,4,42%,338,79%,10,2,0,1,8,2022-08-06,19:00,Atletico-GO,Bragantino,4-2-3-1,4-3-3,Atletico-GO,2,1,GO,SP,3,2022
7848,21,Corinthians,14,4,59%,522,81%,12,1,0,2,8,2022-08-06,19:01,Avai,Corinthians,4-3-3,4-2-3-1,-,1,1,SC,SP,1,2022
7848,21,Avai,7,2,41%,367,78%,11,2,0,4,2,2022-08-06,19:01,Avai,Corinthians,4-3-3,4-2-3-1,-,1,1,SC,SP,1,2022
7850,21,Flamengo,20,7,45%,423,79%,7,2,0,1,3,2022-08-06,20:32,Sao Paulo,Flamengo,4-3-3,4-3-3,Flamengo,0,2,SP,RJ,3,2022
7850,21,Sao Paulo,13,5,55%,495,83%,12,2,0,1,5,2022-08-06,20:32,Sao Paulo,Flamengo,4-3-3,4-3-3,Flamengo,0,2,SP,RJ,0,2022
7851,21,Fluminense,11,5,65%,558,88%,11,2,0,1,11,2022-08-07,16:00,Fluminense,Cuiaba,4-2-3-1,3-4-3,Fluminense,1,0,RJ,MT,3,2022
7851,21,Cuiaba,9,1,35%,300,77%,14,1,0,2,6,2022-08-07,16:00,Fluminense,Cuiaba,4-2-3-1,3-4-3,Fluminense,1,0,RJ,MT,0,2022
7852,21,Goias,8,2,43%,342,80%,10,3,0,1,4,2022-08-07,16:00,Palmeiras,Goias,4-2-3-1,3-5-2,Palmeiras,3,0,SP,GO,0,2022
7852,21,Palmeiras,19,8,57%,438,84%,12,2,0,3,5,2022-08-07,16:00,Palmeiras,Goias,4-2-3-1,3-5-2,Palmeiras,3,0,SP,GO,3,2022
7853,21,Fortaleza,16,7,33%,266,74%,12,1,1,1,7,2022-08-07,18:00,Fortaleza,Internacional,4-2-3-1,4-2-3-1,Fortaleza,3,0,CE,RS,3,2022
7853,21,Internacional,8,2,67%,547,87%,15,5,0,0,5,2022-08-07,18:00,Fortaleza,Internacional,4-2-3-1,4-2-3-1,Fortaleza,3,0,CE,RS,0,2022
7854,21,Athletico-PR,10,5,36%,287,79%,14,2,0,1,2,2022-08-07,18:59,Atletico-MG,Athletico-PR,4-2-3-1,4-2-3-1,Athletico-PR,2,3,MG,PR,3,2022
7854,21,Atletico-MG,21,8,64%,504,87%,10,1,0,0,11,2022-08-07,18:59,Atletico-MG,Athletico-PR,4-2-3-1,4-2-3-1,Athletico-PR,2,3,MG,PR,0,2022
7855,21,Coritiba,15,2,48%,427,82%,23,3,0,0,6,2022-08-08,20:04,Coritiba,Santos,4-3-3,4-2-3-1,Santos,1,2,PR,SP,0,2022
7855,21,Santos,17,5,52%,464,85%,10,3,0,2,7,2022-08-08,20:04,Coritiba,Santos,4-3-3,4-2-3-1,Santos,1,2,PR,SP,3,2022
7856,22,Avai,13,3,54%,391,81%,10,2,0,2,2,2022-08-13,16:30,Goias,Avai,4-2-3-1,4-3-3,-,1,1,GO,SC,1,2022
7856,22,Goias,17,2,46%,314,78%,13,0,1,1,6,2022-08-13,16:30,Goias,Avai,4-2-3-1,4-3-3,-,1,1,GO,SC,1,2022
7857,22,Palmeiras,9,3,42%,369,76%,10,2,0,4,3,2022-08-13,19:02,Corinthians,Palmeiras,4-3-3,4-2-3-1,Palmeiras,0,1,SP,SP,3,2022
7857,22,Corinthians,14,4,58%,490,81%,15,2,0,1,5,2022-08-13,19:02,Corinthians,Palmeiras,4-3-3,4-2-3-1,Palmeiras,0,1,SP,SP,0,2022
7858,22,Cuiaba,13,4,44%,341,80%,14,4,0,4,5,2022-08-13,20:30,Cuiaba,Juventude,3-4-2-1,5-3-2,Cuiaba,1,0,MT,RS,3,2022
7858,22,Juventude,5,3,56%,443,82%,14,4,1,2,4,2022-08-13,20:30,Cuiaba,Juventude,3-4-2-1,5-3-2,Cuiaba,1,0,MT,RS,0,2022
7859,22,Atletico-GO,11,2,45%,396,78%,10,3,0,3,3,2022-08-13,21:00,Botafogo-RJ,Atletico-GO,4-2-3-1,4-2-3-1,-,0,0,RJ,GO,1,2022
7859,22,Botafogo-RJ,14,5,55%,459,84%,18,0,1,0,8,2022-08-13,21:00,Botafogo-RJ,Atletico-GO,4-2-3-1,4-2-3-1,-,0,0,RJ,GO,1,2022
7860,22,Coritiba,7,2,40%,370,75%,7,3,0,0,1,2022-08-14,11:01,Coritiba,Atletico-MG,4-3-3,4-1-4-1,Atletico-MG,0,1,PR,MG,0,2022
7860,22,Atletico-MG,19,7,60%,531,82%,20,0,0,0,9,2022-08-14,11:01,Coritiba,Atletico-MG,4-3-3,4-1-4-1,Atletico-MG,0,1,PR,MG,3,2022
7861,22,Fortaleza,12,6,35%,266,63%,13,4,0,1,8,2022-08-14,16:00,Ceara,Fortaleza,4-2-3-1,4-2-3-1,Fortaleza,0,1,CE,CE,3,2022
7861,22,Ceara,13,3,65%,483,78%,9,3,0,2,4,2022-08-14,16:00,Ceara,Fortaleza,4-2-3-1,4-2-3-1,Fortaleza,0,1,CE,CE,0,2022
7862,22,Athletico-PR,5,3,30%,260,76%,14,2,0,1,4,2022-08-14,16:00,Flamengo,Athletico-PR,4-3-3,4-2-3-1,Flamengo,5,0,RJ,PR,0,2022
7862,22,Flamengo,19,13,70%,571,91%,13,3,0,0,12,2022-08-14,16:00,Flamengo,Athletico-PR,4-3-3,4-2-3-1,Flamengo,5,0,RJ,PR,3,2022
7863,22,Sao Paulo,16,4,52%,381,77%,17,1,0,4,13,2022-08-14,16:02,Sao Paulo,Bragantino,3-4-1-2,4-2-3-1,Sao Paulo,3,0,SP,SP,3,2022
7863,22,Bragantino,11,4,48%,362,82%,10,0,0,1,4,2022-08-14,16:02,Sao Paulo,Bragantino,3-4-1-2,4-2-3-1,Sao Paulo,3,0,SP,SP,0,2022
7864,22,America-MG,16,5,39%,343,68%,16,1,0,1,6,2022-08-14,18:03,America-MG,Santos,4-3-3,4-2-3-1,America-MG,1,0,MG,SP,3,2022
7864,22,Santos,11,2,61%,541,79%,9,0,0,1,6,2022-08-14,18:03,America-MG,Santos,4-3-3,4-2-3-1,America-MG,1,0,MG,SP,0,2022
7865,22,Internacional,15,5,32%,295,80%,21,1,0,1,6,2022-08-14,18:59,Internacional,Fluminense,4-1-4-1,4-2-3-1,Internacional,3,0,RS,RJ,3,2022
7865,22,Fluminense,8,0,68%,628,90%,12,1,0,2,5,2022-08-14,18:59,Internacional,Fluminense,4-1-4-1,4-2-3-1,Internacional,3,0,RS,RJ,0,2022
7866,23,Goias,5,3,27%,233,63%,13,0,0,2,0,2022-08-20,16:30,Atletico-MG,Goias,4-1-4-1,4-1-4-1,Goias,0,1,MG,GO,3,2022
7866,23,Atletico-MG,28,7,73%,591,85%,10,0,0,0,7,2022-08-20,16:30,Atletico-MG,Goias,4-1-4-1,4-1-4-1,Goias,0,1,MG,GO,0,2022
7867,23,Fluminense,15,6,64%,571,88%,13,1,0,1,11,2022-08-20,19:00,Fluminense,Coritiba,4-2-3-1,4-3-3,Fluminense,5,2,RJ,PR,3,2022
7867,23,Coritiba,7,3,36%,334,82%,13,2,0,3,3,2022-08-20,19:00,Fluminense,Coritiba,4-2-3-1,4-3-3,Fluminense,5,2,RJ,PR,0,2022
7868,23,Juventude,11,5,34%,289,71%,19,2,0,2,2,2022-08-21,11:00,Juventude,Botafogo-RJ,4-1-4-1,4-2-3-1,-,2,2,RS,RJ,1,2022
7868,23,Botafogo-RJ,18,9,66%,557,86%,11,2,0,3,4,2022-08-21,11:00,Juventude,Botafogo-RJ,4-1-4-1,4-2-3-1,-,2,2,RS,RJ,1,2022
7869,23,Flamengo,11,5,43%,385,76%,16,2,0,0,4,2022-08-21,16:00,Palmeiras,Flamengo,4-2-3-1,4-3-3,-,1,1,SP,RJ,1,2022
7869,23,Palmeiras,20,3,57%,487,83%,11,0,0,1,10,2022-08-21,16:00,Palmeiras,Flamengo,4-2-3-1,4-3-3,-,1,1,SP,RJ,1,2022
7870,23,Athletico-PR,18,9,59%,532,83%,10,0,0,2,2,2022-08-21,18:00,Athletico-PR,America-MG,4-2-3-1,4-3-3,-,1,1,PR,MG,1,2022
7870,23,America-MG,12,3,41%,369,75%,10,0,0,2,7,2022-08-21,18:00,Athletico-PR,America-MG,4-2-3-1,4-3-3,-,1,1,PR,MG,1,2022
7871,23,Cuiaba,23,7,64%,484,88%,8,2,0,4,17,2022-08-21,18:00,Atletico-GO,Cuiaba,4-2-3-1,4-1-4-1,-,1,1,GO,MT,1,2022
7871,23,Atletico-GO,7,2,36%,300,76%,14,2,1,1,3,2022-08-21,18:00,Atletico-GO,Cuiaba,4-2-3-1,4-1-4-1,-,1,1,GO,MT,1,2022
7872,23,Fortaleza,13,4,36%,284,73%,14,1,0,0,4,2022-08-21,18:00,Fortaleza,Corinthians,4-4-2,4-2-3-1,Fortaleza,1,0,CE,SP,3,2022
7872,23,Corinthians,7,1,64%,494,81%,7,2,0,0,7,2022-08-21,18:00,Fortaleza,Corinthians,4-4-2,4-2-3-1,Fortaleza,1,0,CE,SP,0,2022
7873,23,Ceara,8,2,42%,325,73%,16,4,0,2,2,2022-08-21,18:00,Bragantino,Ceara,4-2-3-1,4-2-3-1,-,1,1,SP,CE,1,2022
7873,23,Bragantino,28,11,58%,427,83%,23,3,0,1,10,2022-08-21,18:00,Bragantino,Ceara,4-2-3-1,4-2-3-1,-,1,1,SP,CE,1,2022
7874,23,Sao Paulo,18,6,72%,669,87%,9,2,0,0,9,2022-08-21,19:00,Santos,Sao Paulo,4-5-1,3-4-1-2,Santos,1,0,SP,SP,0,2022
7874,23,Santos,13,5,28%,269,77%,12,4,0,1,5,2022-08-21,19:00,Santos,Sao Paulo,4-5-1,3-4-1-2,Santos,1,0,SP,SP,3,2022
7875,23,Avai,10,2,49%,464,79%,15,5,0,0,8,2022-08-22,20:03,Avai,Internacional,4-3-3,4-4-1-1,Internacional,0,1,SC,RS,0,2022
7875,23,Internacional,14,5,51%,476,80%,9,1,0,0,4,2022-08-22,20:03,Avai,Internacional,4-3-3,4-4-1-1,Internacional,0,1,SC,RS,3,2022
7876,24,Atletico-GO,10,2,70%,486,85%,9,2,1,1,3,2022-08-27,16:30,Goias,Atletico-GO,4-1-4-1,4-2-3-1,Goias,2,1,GO,GO,0,2022
7876,24,Goias,15,6,30%,211,72%,14,2,1,1,3,2022-08-27,16:30,Goias,Atletico-GO,4-1-4-1,4-2-3-1,Goias,2,1,GO,GO,3,2022
7877,24,Coritiba,12,3,43%,358,79%,14,4,0,0,4,2022-08-27,16:30,Coritiba,Avai,4-3-3,4-3-3,Coritiba,1,0,PR,SC,3,2022
7877,24,Avai,12,2,57%,460,85%,14,3,0,2,5,2022-08-27,16:30,Coritiba,Avai,4-3-3,4-3-3,Coritiba,1,0,PR,SC,0,2022
7878,24,Palmeiras,9,2,39%,350,82%,16,3,0,2,3,2022-08-27,19:00,Fluminense,Palmeiras,4-2-3-1,4-2-3-1,-,1,1,RJ,SP,1,2022
7878,24,Fluminense,17,3,61%,544,90%,16,3,0,0,3,2022-08-27,19:00,Fluminense,Palmeiras,4-2-3-1,4-2-3-1,-,1,1,RJ,SP,1,2022
7879,24,Athletico-PR,8,2,40%,289,73%,15,1,0,1,3,2022-08-27,21:00,Ceara,Athletico-PR,4-2-3-1,4-2-3-1,-,0,0,CE,PR,1,2022
7879,24,Ceara,19,4,60%,402,81%,9,0,0,1,8,2022-08-27,21:00,Ceara,Athletico-PR,4-2-3-1,4-2-3-1,-,0,0,CE,PR,1,2022
7881,24,America-MG,9,5,43%,313,72%,23,4,0,0,6,2022-08-28,16:00,America-MG,Atletico-MG,4-3-3,4-1-4-1,-,1,1,MG,MG,1,2022
7881,24,Atletico-MG,16,4,57%,421,78%,14,4,0,1,1,2022-08-28,16:00,America-MG,Atletico-MG,4-3-3,4-1-4-1,-,1,1,MG,MG,1,2022
7880,24,Sao Paulo,15,8,72%,613,85%,10,2,0,1,7,2022-08-28,16:02,Sao Paulo,Fortaleza,3-5-2,4-2-3-1,Fortaleza,0,1,SP,CE,0,2022
7880,24,Fortaleza,5,1,28%,242,64%,10,2,0,4,2,2022-08-28,16:02,Sao Paulo,Fortaleza,3-5-2,4-2-3-1,Fortaleza,0,1,SP,CE,3,2022
7882,24,Botafogo-RJ,14,4,45%,417,80%,19,3,0,0,3,2022-08-28,18:00,Botafogo-RJ,Flamengo,4-2-3-1,4-3-3,Flamengo,0,1,RJ,RJ,0,2022
7882,24,Flamengo,6,1,55%,502,79%,14,2,0,2,4,2022-08-28,18:00,Botafogo-RJ,Flamengo,4-2-3-1,4-3-3,Flamengo,0,1,RJ,RJ,3,2022
7883,24,Cuiaba,21,7,46%,366,77%,13,0,0,0,14,2022-08-28,18:00,Cuiaba,Santos,3-4-3,4-3-3,-,0,0,MT,SP,1,2022
7883,24,Santos,7,1,54%,451,82%,6,0,0,4,2,2022-08-28,18:00,Cuiaba,Santos,3-4-3,4-3-3,-,0,0,MT,SP,1,2022
7884,24,Internacional,24,13,55%,521,87%,4,0,0,0,10,2022-08-29,20:00,Internacional,Juventude,4-4-1-1,4-1-4-1,Internacional,4,0,RS,RS,3,2022
7884,24,Juventude,7,1,45%,435,82%,10,3,0,0,1,2022-08-29,20:00,Internacional,Juventude,4-4-1-1,4-1-4-1,Internacional,4,0,RS,RS,0,2022
7885,24,Corinthians,14,4,47%,437,74%,12,1,0,1,5,2022-08-29,21:30,Corinthians,Bragantino,4-3-3,4-2-3-1,Corinthians,1,0,SP,SP,3,2022
7885,24,Bragantino,15,5,53%,488,81%,8,1,0,5,5,2022-08-29,21:30,Corinthians,Bragantino,4-3-3,4-2-3-1,Corinthians,1,0,SP,SP,0,2022
7886,25,Juventude,20,7,39%,283,79%,18,6,0,1,7,2022-09-03,16:29,Juventude,Avai,3-4-2-1,4-2-3-1,-,1,1,RS,SC,1,2022
7886,25,Avai,9,2,61%,468,86%,15,6,0,4,3,2022-09-03,16:29,Juventude,Avai,3-4-2-1,4-2-3-1,-,1,1,RS,SC,1,2022
7887,25,Palmeiras,11,3,60%,445,77%,12,4,0,3,11,2022-09-03,19:00,Bragantino,Palmeiras,4-2-3-1,4-2-3-1,-,2,2,SP,SP,1,2022
7887,25,Bragantino,11,2,40%,323,72%,14,4,0,2,2,2022-09-03,19:00,Bragantino,Palmeiras,4-2-3-1,4-2-3-1,-,2,2,SP,SP,1,2022
7888,25,Athletico-PR,7,2,26%,241,72%,15,2,0,1,6,2022-09-03,19:02,Athletico-PR,Fluminense,4-2-3-1,4-2-3-1,Athletico-PR,1,0,PR,RJ,3,2022
7888,25,Fluminense,12,3,74%,699,90%,7,0,0,0,3,2022-09-03,19:02,Athletico-PR,Fluminense,4-2-3-1,4-2-3-1,Athletico-PR,1,0,PR,RJ,0,2022
7889,25,Coritiba,11,2,48%,404,79%,8,3,0,4,5,2022-09-03,20:30,America-MG,Coritiba,4-3-3,4-3-3,America-MG,2,0,MG,PR,0,2022
7889,25,America-MG,25,10,52%,429,82%,19,2,0,0,4,2022-09-03,20:30,America-MG,Coritiba,4-3-3,4-3-3,America-MG,2,0,MG,PR,3,2022
7890,25,Flamengo,15,6,63%,483,86%,12,3,1,0,12,2022-09-04,11:00,Flamengo,Ceara,4-3-3,4-2-3-1,-,1,1,RJ,CE,1,2022
7890,25,Ceara,6,1,37%,296,73%,19,6,1,2,7,2022-09-04,11:00,Flamengo,Ceara,4-3-3,4-2-3-1,-,1,1,RJ,CE,1,2022
7891,25,Internacional,14,4,51%,485,79%,14,2,0,1,8,2022-09-04,16:01,Corinthians,Internacional,4-2-3-1,4-1-2-1-2,-,2,2,SP,RS,1,2022
7891,25,Corinthians,12,4,49%,493,82%,10,2,0,2,2,2022-09-04,16:01,Corinthians,Internacional,4-2-3-1,4-1-2-1-2,-,2,2,SP,RS,1,2022
7892,25,Botafogo-RJ,17,9,43%,291,69%,14,2,0,1,9,2022-09-04,16:01,Fortaleza,Botafogo-RJ,4-2-3-1,4-2-3-1,Botafogo-RJ,1,3,CE,RJ,3,2022
7892,25,Fortaleza,15,4,57%,386,74%,15,1,0,2,5,2022-09-04,16:01,Fortaleza,Botafogo-RJ,4-2-3-1,4-2-3-1,Botafogo-RJ,1,3,CE,RJ,0,2022
7893,25,Atletico-MG,12,7,51%,484,82%,6,2,0,3,3,2022-09-04,18:00,Atletico-GO,Atletico-MG,4-4-2,4-4-2,Atletico-MG,0,2,GO,MG,3,2022
7893,25,Atletico-GO,12,2,49%,451,83%,12,1,0,1,5,2022-09-04,18:00,Atletico-GO,Atletico-MG,4-4-2,4-4-2,Atletico-MG,0,2,GO,MG,0,2022
7894,25,Cuiaba,12,4,33%,277,74%,18,3,0,5,7,2022-09-04,18:59,Cuiaba,Sao Paulo,3-4-3,4-2-3-1,-,1,1,MT,SP,1,2022
7894,25,Sao Paulo,10,2,67%,574,87%,9,1,1,4,5,2022-09-04,18:59,Cuiaba,Sao Paulo,3-4-3,4-2-3-1,-,1,1,MT,SP,1,2022
7895,25,Goias,9,4,33%,270,65%,16,2,0,0,2,2022-09-05,19:59,Santos,Goias,4-3-3,4-1-4-1,Goias,1,2,SP,GO,3,2022
7895,25,Santos,24,8,67%,516,84%,8,1,0,1,13,2022-09-05,19:59,Santos,Goias,4-3-3,4-1-4-1,Goias,1,2,SP,GO,0,2022
7896,26,Atletico-MG,21,6,62%,592,84%,8,1,0,1,7,2022-09-07,17:00,Atletico-MG,Bragantino,4-1-4-1,4-2-3-1,-,1,1,MG,SP,1,2022
7896,26,Bragantino,6,2,38%,363,80%,10,2,0,1,5,2022-09-07,17:00,Atletico-MG,Bragantino,4-1-4-1,4-2-3-1,-,1,1,MG,SP,1,2022
7898,26,Ceara,8,4,43%,343,78%,24,4,0,4,3,2022-09-10,16:29,Ceara,Santos,4-2-3-1,4-3-3,Ceara,2,1,CE,SP,3,2022
7898,26,Santos,10,4,57%,452,84%,17,3,0,2,5,2022-09-10,16:29,Ceara,Santos,4-2-3-1,4-3-3,Ceara,2,1,CE,SP,0,2022
7897,26,Cuiaba,1,0,32%,331,72%,14,3,0,0,3,2022-09-10,16:30,Internacional,Cuiaba,4-3-3,3-4-2-1,Internacional,1,0,RS,MT,0,2022
7897,26,Internacional,16,3,68%,716,89%,16,1,0,2,4,2022-09-10,16:30,Internacional,Cuiaba,4-3-3,3-4-2-1,Internacional,1,0,RS,MT,3,2022
7899,26,Fortaleza,11,3,33%,245,72%,19,2,0,6,6,2022-09-10,19:00,Fluminense,Fortaleza,4-2-3-1,4-2-3-1,Fluminense,2,1,RJ,CE,0,2022
7899,26,Fluminense,15,7,67%,514,85%,7,1,0,5,5,2022-09-10,19:00,Fluminense,Fortaleza,4-2-3-1,4-2-3-1,Fluminense,2,1,RJ,CE,3,2022
7900,26,Juventude,6,1,33%,251,65%,15,3,0,1,3,2022-09-10,21:01,Palmeiras,Juventude,4-2-3-1,3-4-1-2,Palmeiras,2,1,SP,RS,0,2022
7900,26,Palmeiras,24,9,67%,498,85%,6,0,0,3,14,2022-09-10,21:01,Palmeiras,Juventude,4-2-3-1,3-4-1-2,Palmeiras,2,1,SP,RS,3,2022
7901,26,Avai,15,3,70%,550,85%,17,3,0,1,7,2022-09-11,11:01,Avai,Athletico-PR,4-2-3-1,4-2-3-1,-,1,1,SC,PR,1,2022
7901,26,Athletico-PR,9,2,30%,250,67%,20,3,1,1,2,2022-09-11,11:01,Avai,Athletico-PR,4-2-3-1,4-2-3-1,-,1,1,SC,PR,1,2022
7902,26,Botafogo-RJ,20,5,47%,366,76%,11,1,0,1,6,2022-09-11,11:02,Botafogo-RJ,America-MG,4-2-3-1,4-3-3,-,0,0,RJ,MG,1,2022
7902,26,America-MG,12,2,53%,421,74%,20,5,0,3,11,2022-09-11,11:02,Botafogo-RJ,America-MG,4-2-3-1,4-3-3,-,0,0,RJ,MG,1,2022
7904,26,Coritiba,13,5,42%,322,74%,16,6,0,1,7,2022-09-11,16:02,Coritiba,Atletico-GO,4-2-3-1,4-2-3-1,Coritiba,2,0,PR,GO,3,2022
7904,26,Atletico-GO,15,4,58%,454,85%,11,3,1,2,8,2022-09-11,16:02,Coritiba,Atletico-GO,4-2-3-1,4-2-3-1,Coritiba,2,0,PR,GO,0,2022
7903,26,Sao Paulo,13,3,43%,355,74%,11,3,0,1,3,2022-09-11,16:03,Sao Paulo,Corinthians,4-2-2-2,4-1-4-1,-,1,1,SP,SP,1,2022
7903,26,Corinthians,18,7,57%,473,80%,14,1,0,3,7,2022-09-11,16:03,Sao Paulo,Corinthians,4-2-2-2,4-1-4-1,-,1,1,SP,SP,1,2022
7905,26,Goias,7,4,28%,219,73%,14,3,0,1,4,2022-09-11,19:00,Goias,Flamengo,4-1-4-1,4-3-3,-,1,1,GO,RJ,1,2022
7905,26,Flamengo,15,6,72%,548,89%,14,1,0,0,9,2022-09-11,19:00,Goias,Flamengo,4-1-4-1,4-3-3,-,1,1,GO,RJ,1,2022
7906,27,Avai,9,4,39%,307,72%,16,4,0,2,2,2022-09-17,16:32,Avai,Atletico-MG,4-2-3-1,4-2-3-1,Avai,1,0,SC,MG,3,2022
7906,27,Atletico-MG,13,3,61%,458,79%,20,3,0,1,10,2022-09-17,16:32,Avai,Atletico-MG,4-2-3-1,4-2-3-1,Avai,1,0,SC,MG,0,2022
7907,27,Botafogo-RJ,12,4,54%,420,80%,12,2,0,1,5,2022-09-17,19:00,Botafogo-RJ,Coritiba,4-2-3-1,4-2-3-1,Botafogo-RJ,2,0,RJ,PR,3,2022
7907,27,Coritiba,18,2,46%,347,79%,17,4,0,3,10,2022-09-17,19:00,Botafogo-RJ,Coritiba,4-2-3-1,4-2-3-1,Botafogo-RJ,2,0,RJ,PR,0,2022
7908,27,Goias,5,2,40%,295,72%,16,5,0,0,2,2022-09-18,11:01,Bragantino,Goias,4-3-3,4-2-3-1,-,1,1,SP,GO,1,2022
7908,27,Bragantino,21,6,60%,431,82%,14,0,0,0,5,2022-09-18,11:01,Bragantino,Goias,4-3-3,4-2-3-1,-,1,1,SP,GO,1,2022
7910,27,Ceara,8,1,39%,329,75%,15,5,2,0,4,2022-09-18,15:59,Ceara,Sao Paulo,4-2-3-1,4-4-2,Sao Paulo,0,2,CE,SP,0,2022
7910,27,Sao Paulo,21,7,61%,512,84%,11,2,0,0,10,2022-09-18,15:59,Ceara,Sao Paulo,4-2-3-1,4-4-2,Sao Paulo,0,2,CE,SP,3,2022
7909,27,Flamengo,18,6,49%,415,86%,12,1,2,4,6,2022-09-18,16:00,Flamengo,Fluminense,4-1-2-1-2,4-2-3-1,Fluminense,1,2,RJ,RJ,0,2022
7909,27,Fluminense,12,4,51%,440,84%,10,4,3,0,2,2022-09-18,16:00,Flamengo,Fluminense,4-1-2-1-2,4-2-3-1,Fluminense,1,2,RJ,RJ,3,2022
7912,27,Juventude,18,8,62%,498,82%,14,2,0,1,14,2022-09-18,17:59,Juventude,Fortaleza,3-4-3,4-3-3,-,1,1,RS,CE,1,2022
7912,27,Fortaleza,11,1,38%,324,75%,17,3,0,1,2,2022-09-18,17:59,Juventude,Fortaleza,3-4-3,4-3-3,-,1,1,RS,CE,1,2022
7911,27,Corinthians,11,3,55%,462,81%,12,3,0,1,8,2022-09-18,18:00,America-MG,Corinthians,4-2-3-1,4-1-4-1,America-MG,1,0,MG,SP,0,2022
7911,27,America-MG,16,7,45%,379,81%,14,1,0,2,4,2022-09-18,18:00,America-MG,Corinthians,4-2-3-1,4-1-4-1,America-MG,1,0,MG,SP,3,2022
7913,27,Palmeiras,19,4,55%,432,82%,12,3,1,1,8,2022-09-18,18:30,Palmeiras,Santos,4-2-3-1,4-4-2,Palmeiras,1,0,SP,SP,3,2022
7913,27,Santos,17,3,45%,374,80%,12,4,0,1,5,2022-09-18,18:30,Palmeiras,Santos,4-2-3-1,4-4-2,Palmeiras,1,0,SP,SP,0,2022
7914,27,Athletico-PR,17,3,64%,455,83%,9,3,0,2,8,2022-09-18,19:01,Athletico-PR,Cuiaba,4-2-3-1,5-4-1,-,2,2,PR,MT,1,2022
7914,27,Cuiaba,11,5,36%,258,70%,10,1,1,2,4,2022-09-18,19:01,Athletico-PR,Cuiaba,4-2-3-1,5-4-1,-,2,2,PR,MT,1,2022
7915,27,Atletico-GO,19,4,55%,398,82%,19,3,0,0,10,2022-09-19,20:05,Atletico-GO,Internacional,4-2-3-1,4-3-3,Internacional,1,2,GO,RS,0,2022
7915,27,Internacional,13,4,45%,356,80%,13,2,0,1,2,2022-09-19,20:05,Atletico-GO,Internacional,4-2-3-1,4-3-3,Internacional,1,2,GO,RS,3,2022
7916,28,Sao Paulo,17,6,61%,568,89%,13,2,0,1,9,2022-09-25,20:01,Sao Paulo,Avai,4-4-2,4-2-3-1,Sao Paulo,4,0,SP,SC,3,2022
7916,28,Avai,7,2,39%,363,82%,8,4,0,1,4,2022-09-25,20:01,Sao Paulo,Avai,4-4-2,4-2-3-1,Sao Paulo,4,0,SP,SC,0,2022
7917,28,Santos,11,4,48%,358,75%,19,3,0,1,5,2022-09-27,21:00,Santos,Athletico-PR,4-4-2,4-2-3-1,Santos,2,0,SP,PR,3,2022
7917,28,Athletico-PR,14,3,52%,389,80%,21,3,0,2,4,2022-09-27,21:00,Santos,Athletico-PR,4-4-2,4-2-3-1,Santos,2,0,SP,PR,0,2022
7921,28,Flamengo,7,3,73%,668,88%,15,5,0,0,3,2022-09-28,18:59,Fortaleza,Flamengo,4-3-1-2,4-3-3,Fortaleza,3,2,CE,RJ,0,2022
7921,28,Fortaleza,20,8,27%,241,77%,15,2,0,3,7,2022-09-28,18:59,Fortaleza,Flamengo,4-3-1-2,4-3-3,Fortaleza,3,2,CE,RJ,3,2022
7919,28,Corinthians,19,8,65%,611,87%,5,0,0,1,5,2022-09-28,19:00,Corinthians,Atletico-GO,4-2-3-1,5-4-1,Corinthians,2,1,SP,GO,3,2022
7919,28,Atletico-GO,11,5,35%,330,80%,14,3,0,0,4,2022-09-28,19:00,Corinthians,Atletico-GO,4-2-3-1,5-4-1,Corinthians,2,1,SP,GO,0,2022
7920,28,Fluminense,21,6,62%,658,91%,5,1,0,2,5,2022-09-28,19:00,Fluminense,Juventude,4-2-3-1,3-5-2,Fluminense,4,0,RJ,RS,3,2022
7920,28,Juventude,10,3,38%,409,83%,9,1,0,3,5,2022-09-28,19:00,Fluminense,Juventude,4-2-3-1,3-5-2,Fluminense,4,0,RJ,RS,0,2022
7918,28,Ceara,11,3,69%,557,88%,9,4,0,3,3,2022-09-28,19:01,Coritiba,Ceara,4-2-3-1,4-2-3-1,Coritiba,1,0,PR,CE,0,2022
7918,28,Coritiba,14,4,31%,256,75%,12,2,0,3,7,2022-09-28,19:01,Coritiba,Ceara,4-2-3-1,4-2-3-1,Coritiba,1,0,PR,CE,3,2022
7922,28,Cuiaba,11,3,42%,311,72%,13,1,0,2,2,2022-09-28,21:42,Cuiaba,America-MG,3-5-2,4-1-4-1,Cuiaba,2,1,MT,MG,3,2022
7922,28,America-MG,18,8,58%,426,79%,14,6,0,1,4,2022-09-28,21:42,Cuiaba,America-MG,3-5-2,4-1-4-1,Cuiaba,2,1,MT,MG,0,2022
7925,28,Goias,6,1,44%,328,74%,16,4,0,2,6,2022-09-28,21:44,Goias,Botafogo-RJ,4-2-3-1,4-2-3-1,Botafogo-RJ,0,1,GO,RJ,0,2022
7925,28,Botafogo-RJ,17,6,56%,394,79%,14,4,0,1,11,2022-09-28,21:44,Goias,Botafogo-RJ,4-2-3-1,4-2-3-1,Botafogo-RJ,0,1,GO,RJ,3,2022
7923,28,Bragantino,12,5,41%,384,78%,15,2,0,0,3,2022-09-28,21:45,Internacional,Bragantino,4-2-3-1,4-2-3-1,-,0,0,RS,SP,1,2022
7923,28,Internacional,12,6,59%,544,83%,14,1,0,2,6,2022-09-28,21:45,Internacional,Bragantino,4-2-3-1,4-2-3-1,-,0,0,RS,SP,1,2022
7924,28,Palmeiras,10,3,32%,245,65%,13,3,0,3,9,2022-09-28,21:45,Atletico-MG,Palmeiras,4-2-3-1,3-4-1-2,Palmeiras,0,1,MG,SP,3,2022
7924,28,Atletico-MG,16,3,68%,516,84%,11,3,0,2,7,2022-09-28,21:45,Atletico-MG,Palmeiras,4-2-3-1,3-4-1-2,Palmeiras,0,1,MG,SP,0,2022
7926,29,Fluminense,5,2,71%,627,89%,4,2,1,3,1,2022-10-01,15:00,Atletico-MG,Fluminense,4-2-3-1,4-2-3-1,Atletico-MG,2,0,MG,RJ,0,2022
7926,29,Atletico-MG,14,5,29%,250,78%,16,2,0,1,10,2022-10-01,15:00,Atletico-MG,Fluminense,4-2-3-1,4-2-3-1,Atletico-MG,2,0,MG,RJ,3,2022
7928,29,Ceara,16,4,62%,407,80%,15,3,0,0,5,2022-10-01,15:01,Ceara,America-MG,4-2-3-1,4-3-3,America-MG,1,2,CE,MG,0,2022
7928,29,America-MG,10,4,38%,261,65%,23,4,0,1,4,2022-10-01,15:01,Ceara,America-MG,4-2-3-1,4-3-3,America-MG,1,2,CE,MG,3,2022
7927,29,Santos,11,2,53%,503,86%,13,4,0,1,5,2022-10-01,15:02,Internacional,Santos,4-3-3,4-2-3-1,Internacional,1,0,RS,SP,0,2022
7927,29,Internacional,9,3,47%,455,83%,7,1,0,3,2,2022-10-01,15:02,Internacional,Santos,4-3-3,4-2-3-1,Internacional,1,0,RS,SP,3,2022
7929,29,Atletico-GO,9,3,41%,312,76%,13,4,0,0,3,2022-10-01,19:00,Avai,Atletico-GO,4-1-2-1-2,4-2-3-1,Atletico-GO,1,2,SC,GO,3,2022
7929,29,Avai,20,3,59%,419,81%,7,2,0,2,11,2022-10-01,19:00,Avai,Atletico-GO,4-1-2-1-2,4-2-3-1,Atletico-GO,1,2,SC,GO,0,2022
7930,29,Athletico-PR,17,6,52%,336,83%,12,3,0,0,11,2022-10-01,19:00,Athletico-PR,Juventude,4-2-3-1,4-2-3-1,Athletico-PR,2,0,PR,RS,3,2022
7930,29,Juventude,6,1,48%,333,81%,11,5,0,0,2,2022-10-01,19:00,Athletico-PR,Juventude,4-2-3-1,4-2-3-1,Athletico-PR,2,0,PR,RS,0,2022
7931,29,Bragantino,5,3,32%,328,83%,6,0,1,1,1,2022-10-01,19:00,Flamengo,Bragantino,4-3-1-2,4-3-3,Flamengo,4,1,RJ,SP,0,2022
7931,29,Flamengo,23,9,68%,671,90%,7,1,0,0,10,2022-10-01,19:00,Flamengo,Bragantino,4-3-1-2,4-3-3,Flamengo,4,1,RJ,SP,3,2022
7932,29,Goias,12,3,55%,421,81%,11,3,0,3,6,2022-10-01,19:00,Goias,Fortaleza,4-2-3-1,4-2-3-1,Fortaleza,0,1,GO,CE,0,2022
7932,29,Fortaleza,15,4,45%,357,73%,15,2,0,2,3,2022-10-01,19:00,Goias,Fortaleza,4-2-3-1,4-2-3-1,Fortaleza,0,1,GO,CE,3,2022
7933,29,Cuiaba,9,4,40%,422,81%,5,0,0,2,4,2022-10-01,21:01,Corinthians,Cuiaba,4-1-4-1,5-4-1,Corinthians,2,0,SP,MT,0,2022
7933,29,Corinthians,15,6,60%,650,86%,11,1,0,1,7,2022-10-01,21:01,Corinthians,Cuiaba,4-1-4-1,5-4-1,Corinthians,2,0,SP,MT,3,2022
7934,29,Botafogo-RJ,10,2,48%,399,77%,16,4,0,1,2,2022-10-03,20:00,Botafogo-RJ,Palmeiras,4-2-3-1,4-2-3-1,Palmeiras,1,3,RJ,SP,0,2022
7934,29,Palmeiras,12,5,52%,421,80%,14,1,1,6,6,2022-10-03,20:00,Botafogo-RJ,Palmeiras,4-2-3-1,4-2-3-1,Palmeiras,1,3,RJ,SP,3,2022
7936,30,Juventude,17,2,34%,326,77%,9,1,0,1,2,2022-10-04,21:31,Juventude,Corinthians,4-1-4-1,4-1-4-1,-,2,2,RS,SP,1,2022
7936,30,Corinthians,12,6,66%,650,87%,7,2,0,1,5,2022-10-04,21:31,Juventude,Corinthians,4-1-4-1,4-1-4-1,-,2,2,RS,SP,1,2022
7937,30,Fluminense,13,5,60%,482,86%,13,0,0,1,5,2022-10-05,18:59,Atletico-GO,Fluminense,4-2-3-1,4-2-3-1,Atletico-GO,3,2,GO,RJ,0,2022
7937,30,Atletico-GO,29,10,40%,301,77%,16,4,0,4,12,2022-10-05,18:59,Atletico-GO,Fluminense,4-2-3-1,4-2-3-1,Atletico-GO,3,2,GO,RJ,3,2022
7938,30,Goias,16,5,48%,316,80%,24,4,0,0,3,2022-10-05,19:00,Ceara,Goias,3-4-1-2,4-1-4-1,-,1,1,CE,GO,1,2022
7938,30,Ceara,14,6,52%,339,82%,19,3,1,1,7,2022-10-05,19:00,Ceara,Goias,3-4-1-2,4-1-4-1,-,1,1,CE,GO,1,2022
7939,30,Cuiaba,13,4,54%,461,82%,10,3,0,0,7,2022-10-05,19:00,Bragantino,Cuiaba,4-2-3-1,4-4-2,Bragantino,2,1,SP,MT,0,2022
7939,30,Bragantino,14,5,46%,412,81%,14,2,0,1,2,2022-10-05,19:00,Bragantino,Cuiaba,4-2-3-1,4-4-2,Bragantino,2,1,SP,MT,3,2022
7940,30,Fortaleza,9,2,37%,300,66%,10,1,0,0,4,2022-10-05,19:30,Athletico-PR,Fortaleza,4-2-3-1,4-2-3-1,-,1,1,PR,CE,1,2022
7940,30,Athletico-PR,21,4,63%,484,80%,11,2,0,1,13,2022-10-05,19:30,Athletico-PR,Fortaleza,4-2-3-1,4-2-3-1,-,1,1,PR,CE,1,2022
7941,30,Flamengo,21,6,67%,661,89%,13,3,0,0,11,2022-10-05,21:30,Flamengo,Internacional,4-3-1-2,4-2-3-1,-,0,0,RJ,RS,1,2022
7941,30,Internacional,16,7,33%,338,80%,8,2,0,2,3,2022-10-05,21:30,Flamengo,Internacional,4-3-1-2,4-2-3-1,-,0,0,RJ,RS,1,2022
7942,30,Atletico-MG,12,3,57%,461,80%,18,4,0,1,4,2022-10-05,21:30,Santos,Atletico-MG,4-2-3-1,4-2-3-1,Atletico-MG,1,2,SP,MG,3,2022
7942,30,Santos,10,5,43%,350,78%,18,2,1,4,5,2022-10-05,21:30,Santos,Atletico-MG,4-2-3-1,4-2-3-1,Atletico-MG,1,2,SP,MG,0,2022
7943,30,Palmeiras,19,11,57%,501,89%,16,1,0,4,9,2022-10-06,19:00,Palmeiras,Coritiba,4-2-3-1,4-2-3-1,Palmeiras,4,0,SP,PR,3,2022
7943,30,Coritiba,11,3,43%,396,83%,13,2,0,0,6,2022-10-06,19:00,Palmeiras,Coritiba,4-2-3-1,4-2-3-1,Palmeiras,4,0,SP,PR,0,2022
7945,30,Botafogo-RJ,14,6,43%,346,80%,20,4,0,1,5,2022-10-06,20:00,Avai,Botafogo-RJ,4-1-4-1,4-2-3-1,Botafogo-RJ,1,2,SC,RJ,3,2022
7945,30,Avai,6,2,57%,441,81%,17,2,0,2,3,2022-10-06,20:00,Avai,Botafogo-RJ,4-1-4-1,4-2-3-1,Botafogo-RJ,1,2,SC,RJ,0,2022
7944,30,Sao Paulo,18,4,67%,563,85%,13,4,0,1,3,2022-10-06,20:01,America-MG,Sao Paulo,4-3-3,3-4-1-2,Sao Paulo,1,2,MG,SP,3,2022
7944,30,America-MG,13,4,33%,277,66%,13,2,0,0,3,2022-10-06,20:01,America-MG,Sao Paulo,4-3-3,3-4-1-2,Sao Paulo,1,2,MG,SP,0,2022
7946,31,Flamengo,17,5,55%,405,87%,11,2,0,2,6,2022-10-08,18:59,Cuiaba,Flamengo,5-4-1,4-3-3,Flamengo,1,2,MT,RJ,3,2022
7946,31,Cuiaba,21,5,45%,326,80%,14,2,0,1,7,2022-10-08,18:59,Cuiaba,Flamengo,5-4-1,4-3-3,Flamengo,1,2,MT,RJ,0,2022
7947,31,Athletico-PR,19,4,49%,389,75%,16,0,0,0,6,2022-10-08,21:02,Corinthians,Athletico-PR,4-1-4-1,4-2-3-1,Corinthians,2,1,SP,PR,0,2022
7947,31,Corinthians,7,3,51%,412,78%,10,1,0,4,5,2022-10-08,21:02,Corinthians,Athletico-PR,4-1-4-1,4-2-3-1,Corinthians,2,1,SP,PR,3,2022
7948,31,Internacional,20,11,61%,463,85%,15,1,0,0,6,2022-10-09,11:01,Internacional,Goias,4-2-3-1,4-1-4-1,Internacional,4,2,RS,GO,3,2022
7948,31,Goias,16,8,39%,290,78%,23,7,0,0,6,2022-10-09,11:01,Internacional,Goias,4-2-3-1,4-1-4-1,Internacional,4,2,RS,GO,0,2022
7950,31,Avai,10,2,66%,624,86%,11,1,0,0,6,2022-10-09,16:00,Fortaleza,Avai,4-4-2,4-2-3-1,Fortaleza,2,0,CE,SC,0,2022
7950,31,Fortaleza,16,5,34%,327,80%,16,1,0,1,3,2022-10-09,16:00,Fortaleza,Avai,4-4-2,4-2-3-1,Fortaleza,2,0,CE,SC,3,2022
7949,31,Botafogo-RJ,7,1,32%,248,66%,8,2,0,3,4,2022-10-09,16:02,Sao Paulo,Botafogo-RJ,3-4-1-2,4-2-3-1,Botafogo-RJ,0,1,SP,RJ,3,2022
7949,31,Sao Paulo,8,2,68%,500,81%,16,3,1,4,10,2022-10-09,16:02,Sao Paulo,Botafogo-RJ,3-4-1-2,4-2-3-1,Botafogo-RJ,0,1,SP,RJ,0,2022
7951,31,Coritiba,6,2,34%,269,66%,7,0,1,2,5,2022-10-09,18:00,Coritiba,Bragantino,4-2-3-1,4-2-3-1,Coritiba,2,1,PR,SP,3,2022
7951,31,Bragantino,17,4,66%,488,85%,12,3,0,2,8,2022-10-09,18:00,Coritiba,Bragantino,4-2-3-1,4-2-3-1,Coritiba,2,1,PR,SP,0,2022
7952,31,Atletico-MG,16,2,64%,565,85%,12,3,0,3,16,2022-10-09,18:00,Atletico-MG,Ceara,4-2-3-1,4-3-3,-,0,0,MG,CE,1,2022
7952,31,Ceara,5,2,36%,328,76%,18,5,0,1,0,2022-10-09,18:00,Atletico-MG,Ceara,4-2-3-1,4-3-3,-,0,0,MG,CE,1,2022
7953,31,America-MG,18,8,37%,303,73%,18,3,0,4,7,2022-10-09,18:02,Fluminense,America-MG,4-2-3-1,4-3-3,America-MG,0,2,RJ,MG,3,2022
7953,31,Fluminense,22,10,63%,511,85%,8,1,0,4,8,2022-10-09,18:02,Fluminense,America-MG,4-2-3-1,4-3-3,America-MG,0,2,RJ,MG,0,2022
7954,31,Atletico-GO,10,2,43%,350,77%,15,4,0,1,4,2022-10-10,18:29,Atletico-GO,Palmeiras,5-4-1,4-2-3-1,-,1,1,GO,SP,1,2022
7954,31,Palmeiras,17,6,57%,451,84%,8,2,0,1,9,2022-10-10,18:29,Atletico-GO,Palmeiras,5-4-1,4-2-3-1,-,1,1,GO,SP,1,2022
7955,31,Santos,19,8,51%,437,85%,13,2,0,0,3,2022-10-10,20:00,Santos,Juventude,4-2-3-1,4-1-4-1,Santos,4,1,SP,RS,3,2022
7955,31,Juventude,16,3,49%,432,84%,10,0,0,1,8,2022-10-10,20:00,Santos,Juventude,4-2-3-1,4-1-4-1,Santos,4,1,SP,RS,0,2022
7956,32,Flamengo,7,4,37%,348,78%,12,4,0,0,0,2022-10-15,20:30,Flamengo,Atletico-MG,4-3-3,4-2-3-1,Flamengo,1,0,RJ,MG,3,2022
7956,32,Atletico-MG,13,3,63%,563,85%,12,0,0,1,10,2022-10-15,20:30,Flamengo,Atletico-MG,4-3-3,4-2-3-1,Flamengo,1,0,RJ,MG,0,2022
7957,32,Fortaleza,9,4,33%,234,64%,24,2,1,1,8,2022-10-15,20:31,America-MG,Fortaleza,4-1-4-1,4-4-2,Fortaleza,1,2,MG,CE,3,2022
7957,32,America-MG,19,7,67%,457,82%,10,1,0,1,4,2022-10-15,20:31,America-MG,Fortaleza,4-1-4-1,4-4-2,Fortaleza,1,2,MG,CE,0,2022
7959,32,Sao Paulo,5,1,44%,305,75%,14,3,2,0,3,2022-10-16,15:59,Palmeiras,Sao Paulo,4-2-3-1,3-4-1-2,-,0,0,SP,SP,1,2022
7959,32,Palmeiras,19,8,56%,358,85%,9,3,0,2,15,2022-10-16,15:59,Palmeiras,Sao Paulo,4-2-3-1,3-4-1-2,-,0,0,SP,SP,1,2022
7958,32,Ceara,22,4,66%,377,78%,11,4,0,3,10,2022-10-16,16:00,Ceara,Cuiaba,3-4-3,5-4-1,-,1,1,CE,MT,1,2022
7958,32,Cuiaba,10,1,34%,211,52%,20,4,1,1,7,2022-10-16,16:00,Ceara,Cuiaba,3-4-3,5-4-1,-,1,1,CE,MT,1,2022
7960,32,Juventude,20,6,51%,470,88%,10,2,0,0,7,2022-10-16,18:00,Juventude,Atletico-GO,4-2-3-1,4-2-3-1,-,1,1,RS,GO,1,2022
7960,32,Atletico-GO,8,3,49%,472,82%,19,1,0,1,4,2022-10-16,18:00,Juventude,Atletico-GO,4-2-3-1,4-2-3-1,-,1,1,RS,GO,1,2022
7961,32,Botafogo-RJ,12,3,51%,488,84%,15,3,0,1,3,2022-10-16,18:00,Botafogo-RJ,Internacional,4-2-3-1,4-2-3-1,Internacional,0,1,RJ,RS,0,2022
7961,32,Internacional,11,1,49%,475,78%,13,5,0,3,4,2022-10-16,18:00,Botafogo-RJ,Internacional,4-2-3-1,4-2-3-1,Internacional,0,1,RJ,RS,3,2022
7962,32,Fluminense,17,7,58%,565,84%,15,0,0,1,5,2022-10-16,19:00,Avai,Fluminense,4-4-2,4-2-2-2,Fluminense,0,3,SC,RJ,3,2022
7962,32,Avai,15,3,42%,407,83%,12,2,0,2,9,2022-10-16,19:00,Avai,Fluminense,4-4-2,4-2-2-2,Fluminense,0,3,SC,RJ,0,2022
7963,32,Coritiba,15,3,46%,343,78%,11,2,0,0,4,2022-10-16,19:00,Athletico-PR,Coritiba,4-2-3-1,4-2-3-1,Athletico-PR,1,0,PR,PR,0,2022
7963,32,Athletico-PR,15,7,54%,387,79%,21,3,0,3,10,2022-10-16,19:00,Athletico-PR,Coritiba,4-2-3-1,4-2-3-1,Athletico-PR,1,0,PR,PR,3,2022
7964,32,Santos,9,3,43%,335,76%,11,4,0,1,2,2022-10-17,20:00,Bragantino,Santos,4-2-3-1,4-2-3-1,Santos,0,2,SP,SP,3,2022
7964,32,Bragantino,19,3,57%,400,82%,21,3,1,1,15,2022-10-17,20:00,Bragantino,Santos,4-2-3-1,4-2-3-1,Santos,0,2,SP,SP,0,2022
7935,29,Sao Paulo,19,7,61%,554,87%,12,2,0,5,5,2022-10-20,20:00,Sao Paulo,Coritiba,3-5-2,4-4-2,Sao Paulo,3,1,SP,PR,3,2022
7935,29,Coritiba,13,4,39%,347,80%,12,6,0,2,3,2022-10-20,20:00,Sao Paulo,Coritiba,3-5-2,4-4-2,Sao Paulo,3,1,SP,PR,0,2022
7966,33,Bragantino,11,6,47%,376,78%,16,0,0,1,4,2022-10-22,16:29,Bragantino,Athletico-PR,4-2-3-1,4-2-3-1,Bragantino,4,2,SP,PR,3,2022
7966,33,Athletico-PR,9,4,53%,412,78%,13,3,0,0,4,2022-10-22,16:29,Bragantino,Athletico-PR,4-2-3-1,4-2-3-1,Bragantino,4,2,SP,PR,0,2022
7967,33,America-MG,9,3,46%,348,72%,17,1,0,1,4,2022-10-22,19:00,America-MG,Flamengo,4-1-4-1,4-3-3,Flamengo,1,2,MG,RJ,0,2022
7967,33,Flamengo,15,6,54%,413,75%,10,1,0,3,11,2022-10-22,19:00,America-MG,Flamengo,4-1-4-1,4-3-3,Flamengo,1,2,MG,RJ,3,2022
7968,33,Santos,12,3,53%,486,84%,15,1,1,1,7,2022-10-22,19:00,Santos,Corinthians,4-2-3-1,4-3-3,Corinthians,0,1,SP,SP,0,2022
7968,33,Corinthians,8,2,47%,454,82%,11,3,1,0,4,2022-10-22,19:00,Santos,Corinthians,4-2-3-1,4-3-3,Corinthians,0,1,SP,SP,3,2022
7969,33,Avai,10,2,51%,401,85%,7,2,0,0,7,2022-10-22,21:00,Palmeiras,Avai,4-2-3-1,4-2-3-1,Palmeiras,3,0,SP,SC,0,2022
7969,33,Palmeiras,22,9,49%,384,86%,12,2,0,3,9,2022-10-22,21:00,Palmeiras,Avai,4-2-3-1,4-2-3-1,Palmeiras,3,0,SP,SC,3,2022
7971,33,Juventude,13,3,40%,410,88%,6,2,0,2,5,2022-10-23,15:59,Juventude,Sao Paulo,4-2-3-1,3-5-2,Sao Paulo,1,2,RS,SP,0,2022
7971,33,Sao Paulo,13,6,60%,599,90%,10,2,0,1,6,2022-10-23,15:59,Juventude,Sao Paulo,4-2-3-1,3-5-2,Sao Paulo,1,2,RS,SP,3,2022
7970,33,Fluminense,18,7,65%,623,89%,15,3,0,3,9,2022-10-23,16:00,Fluminense,Botafogo-RJ,4-2-2-2,4-3-3,-,2,2,RJ,RJ,1,2022
7970,33,Botafogo-RJ,12,5,35%,341,81%,11,2,0,2,2,2022-10-23,16:00,Fluminense,Botafogo-RJ,4-2-2-2,4-3-3,-,2,2,RJ,RJ,1,2022
7973,33,Atletico-GO,12,5,40%,330,78%,20,3,0,1,4,2022-10-23,17:59,Atletico-GO,Ceara,4-3-3,3-4-2-1,Atletico-GO,1,0,GO,CE,3,2022
7973,33,Ceara,12,2,60%,497,84%,13,2,0,3,5,2022-10-23,17:59,Atletico-GO,Ceara,4-3-3,3-4-2-1,Atletico-GO,1,0,GO,CE,0,2022
7974,33,Goias,5,3,29%,227,64%,16,4,0,5,4,2022-10-23,18:00,Cuiaba,Goias,3-5-1-1,5-4-1,Goias,1,2,MT,GO,3,2022
7974,33,Cuiaba,24,4,71%,558,84%,11,3,0,2,6,2022-10-23,18:00,Cuiaba,Goias,3-5-1-1,5-4-1,Goias,1,2,MT,GO,0,2022
7972,33,Coritiba,12,2,35%,272,77%,16,3,0,3,7,2022-10-23,18:01,Coritiba,Internacional,4-2-3-1,4-1-2-1-2,-,1,1,PR,RS,1,2022
7972,33,Internacional,11,3,65%,527,87%,10,1,0,2,6,2022-10-23,18:01,Coritiba,Internacional,4-2-3-1,4-1-2-1-2,-,1,1,PR,RS,1,2022
7975,33,Atletico-MG,9,3,69%,519,84%,10,1,0,0,11,2022-10-24,20:00,Fortaleza,Atletico-MG,4-3-3,4-2-3-1,-,0,0,CE,MG,1,2022
7975,33,Fortaleza,4,0,31%,235,60%,22,4,0,3,2,2022-10-24,20:00,Fortaleza,Atletico-MG,4-3-3,4-2-3-1,-,0,0,CE,MG,1,2022
7976,34,Flamengo,19,12,55%,523,85%,14,3,0,1,7,2022-10-25,21:44,Flamengo,Santos,4-3-3,4-2-3-1,Flamengo,3,2,RJ,SP,3,2022
7976,34,Santos,8,4,45%,439,82%,16,4,0,2,2,2022-10-25,21:44,Flamengo,Santos,4-3-3,4-2-3-1,Flamengo,3,2,RJ,SP,0,2022
7977,34,Athletico-PR,11,1,28%,235,70%,7,3,1,0,0,2022-10-25,21:46,Athletico-PR,Palmeiras,4-2-3-1,4-2-3-1,Palmeiras,1,3,PR,SP,0,2022
7977,34,Palmeiras,17,6,72%,576,88%,10,5,0,2,9,2022-10-25,21:46,Athletico-PR,Palmeiras,4-2-3-1,4-2-3-1,Palmeiras,1,3,PR,SP,3,2022
7978,34,Botafogo-RJ,18,8,42%,329,80%,12,1,0,1,5,2022-10-26,19:30,Botafogo-RJ,Bragantino,4-2-3-1,4-2-3-1,Botafogo-RJ,2,1,RJ,SP,3,2022
7978,34,Bragantino,5,1,58%,448,80%,12,4,0,2,4,2022-10-26,19:30,Botafogo-RJ,Bragantino,4-2-3-1,4-2-3-1,Botafogo-RJ,2,1,RJ,SP,0,2022
7980,34,Ceara,13,3,37%,316,78%,15,2,0,0,5,2022-10-26,21:45,Internacional,Ceara,4-2-3-1,4-4-2,Internacional,2,1,RS,CE,0,2022
7980,34,Internacional,21,6,63%,526,87%,8,0,0,2,5,2022-10-26,21:45,Internacional,Ceara,4-2-3-1,4-4-2,Internacional,2,1,RS,CE,3,2022
7981,34,Goias,12,5,45%,343,71%,14,2,0,1,3,2022-10-26,21:45,Goias,America-MG,4-1-4-1,4-1-4-1,-,2,2,GO,MG,1,2022
7981,34,America-MG,16,5,55%,405,80%,23,3,0,0,8,2022-10-26,21:45,Goias,America-MG,4-1-4-1,4-1-4-1,-,2,2,GO,MG,1,2022
7979,34,Fluminense,15,6,53%,480,86%,9,3,0,1,3,2022-10-26,21:48,Corinthians,Fluminense,4-2-3-1,4-2-2-2,Fluminense,0,2,SP,RJ,3,2022
7979,34,Corinthians,14,5,47%,429,82%,16,2,0,1,6,2022-10-26,21:48,Corinthians,Fluminense,4-2-3-1,4-2-2-2,Fluminense,0,2,SP,RJ,0,2022
7982,34,Fortaleza,14,7,52%,441,79%,15,1,0,1,3,2022-10-27,19:00,Fortaleza,Coritiba,4-2-3-1,4-1-4-1,Fortaleza,3,1,CE,PR,3,2022
7982,34,Coritiba,16,7,48%,412,76%,12,1,1,1,3,2022-10-27,19:00,Fortaleza,Coritiba,4-2-3-1,4-1-4-1,Fortaleza,3,1,CE,PR,0,2022
7983,34,Sao Paulo,13,2,54%,459,84%,10,2,0,2,4,2022-10-27,19:00,Sao Paulo,Atletico-GO,3-5-2,4-3-3,Sao Paulo,2,1,SP,GO,3,2022
7983,34,Atletico-GO,19,8,46%,392,85%,12,4,1,0,7,2022-10-27,19:00,Sao Paulo,Atletico-GO,3-5-2,4-3-3,Sao Paulo,2,1,SP,GO,0,2022
7984,34,Juventude,9,4,39%,354,85%,13,1,0,3,4,2022-10-27,19:30,Atletico-MG,Juventude,4-2-3-1,4-2-3-1,Atletico-MG,1,0,MG,RS,0,2022
7984,34,Atletico-MG,14,3,61%,555,89%,13,2,0,3,3,2022-10-27,19:30,Atletico-MG,Juventude,4-2-3-1,4-2-3-1,Atletico-MG,1,0,MG,RS,3,2022
7985,34,Cuiaba,11,3,48%,420,79%,15,1,0,0,10,2022-10-27,19:59,Cuiaba,Avai,4-1-4-1,4-2-3-1,Cuiaba,1,0,MT,SC,3,2022
7985,34,Avai,13,7,52%,459,84%,11,1,0,1,6,2022-10-27,19:59,Cuiaba,Avai,4-1-4-1,4-2-3-1,Cuiaba,1,0,MT,SC,0,2022
7965,32,Goias,12,3,28%,236,67%,11,2,0,2,2,2022-10-29,19:31,Goias,Corinthians,5-4-1,4-3-3,-,0,0,GO,SP,1,2022
7965,32,Corinthians,21,2,72%,613,86%,11,3,0,1,4,2022-10-29,19:31,Goias,Corinthians,5-4-1,4-3-3,-,0,0,GO,SP,1,2022
7986,35,Fluminense,17,5,71%,690,92%,8,2,0,2,7,2022-10-31,20:00,Ceara,Fluminense,4-2-3-1,4-2-2-2,Fluminense,0,1,CE,RJ,3,2022
7986,35,Ceara,14,3,29%,283,80%,11,1,1,2,4,2022-10-31,20:00,Ceara,Fluminense,4-2-3-1,4-2-2-2,Fluminense,0,1,CE,RJ,0,2022
7987,35,Botafogo-RJ,23,5,68%,561,87%,4,1,0,0,11,2022-11-01,19:02,Botafogo-RJ,Cuiaba,4-2-3-1,3-4-1-2,Cuiaba,0,2,RJ,MT,0,2022
7987,35,Cuiaba,13,5,32%,277,71%,18,1,0,1,3,2022-11-01,19:02,Botafogo-RJ,Cuiaba,4-2-3-1,3-4-1-2,Cuiaba,0,2,RJ,MT,3,2022
7988,35,Atletico-MG,9,3,55%,417,79%,16,5,0,2,6,2022-11-01,21:31,Sao Paulo,Atletico-MG,3-5-2,4-2-3-1,-,2,2,SP,MG,1,2022
7988,35,Sao Paulo,12,4,45%,344,77%,10,3,0,2,7,2022-11-01,21:31,Sao Paulo,Atletico-MG,3-5-2,4-2-3-1,-,2,2,SP,MG,1,2022
7989,35,Athletico-PR,17,5,45%,366,77%,10,2,0,0,5,2022-11-02,16:00,Athletico-PR,Goias,4-1-2-1-2,3-4-3,Athletico-PR,3,2,PR,GO,3,2022
7989,35,Goias,12,3,55%,435,78%,11,1,0,0,6,2022-11-02,16:00,Athletico-PR,Goias,4-1-2-1-2,3-4-3,Athletico-PR,3,2,PR,GO,0,2022
7990,35,America-MG,20,7,52%,435,80%,9,0,0,2,7,2022-11-02,16:00,America-MG,Internacional,4-1-4-1,4-4-1-1,America-MG,1,0,MG,RS,3,2022
7990,35,Internacional,13,3,48%,414,76%,12,0,0,2,8,2022-11-02,16:00,America-MG,Internacional,4-1-4-1,4-4-1-1,America-MG,1,0,MG,RS,0,2022
7993,35,Santos,9,6,45%,392,81%,10,2,0,0,7,2022-11-02,18:59,Atletico-GO,Santos,4-2-3-1,4-3-3,Santos,2,3,GO,SP,3,2022
7993,35,Atletico-GO,22,6,55%,468,85%,15,3,0,4,4,2022-11-02,18:59,Atletico-GO,Santos,4-2-3-1,4-3-3,Santos,2,3,GO,SP,0,2022
7991,35,Coritiba,19,7,62%,441,81%,18,4,0,3,4,2022-11-02,19:00,Juventude,Coritiba,4-2-3-1,4-1-4-1,Coritiba,0,1,RS,PR,3,2022
7991,35,Juventude,10,2,38%,280,65%,11,3,0,0,4,2022-11-02,19:00,Juventude,Coritiba,4-2-3-1,4-1-4-1,Coritiba,0,1,RS,PR,0,2022
7992,35,Bragantino,12,6,51%,436,77%,17,1,0,0,7,2022-11-02,19:00,Avai,Bragantino,4-2-3-1,4-2-3-1,Bragantino,1,2,SC,SP,3,2022
7992,35,Avai,8,1,49%,419,75%,17,2,0,0,2,2022-11-02,19:00,Avai,Bragantino,4-2-3-1,4-2-3-1,Bragantino,1,2,SC,SP,0,2022
7995,35,Corinthians,7,6,48%,518,84%,14,1,0,1,0,2022-11-02,21:30,Flamengo,Corinthians,4-3-3,4-2-3-1,Corinthians,1,2,RJ,SP,3,2022
7995,35,Flamengo,15,3,52%,542,86%,9,0,0,1,6,2022-11-02,21:30,Flamengo,Corinthians,4-3-3,4-2-3-1,Corinthians,1,2,RJ,SP,0,2022
7994,35,Palmeiras,18,9,56%,522,85%,11,3,0,3,4,2022-11-02,21:31,Palmeiras,Fortaleza,4-2-3-1,4-2-3-1,Palmeiras,4,0,SP,CE,3,2022
7994,35,Fortaleza,8,3,44%,419,79%,16,1,0,2,2,2022-11-02,21:31,Palmeiras,Fortaleza,4-2-3-1,4-2-3-1,Palmeiras,4,0,SP,CE,0,2022
7997,36,Fluminense,18,8,66%,633,88%,16,1,0,1,8,2022-11-05,16:30,Fluminense,Sao Paulo,4-2-2-2,3-1-4-2,Fluminense,3,1,RJ,SP,3,2022
7997,36,Sao Paulo,8,4,34%,333,80%,16,0,1,2,3,2022-11-05,16:30,Fluminense,Sao Paulo,4-2-2-2,3-1-4-2,Fluminense,3,1,RJ,SP,0,2022
7996,36,Santos,9,5,57%,477,86%,14,3,0,1,9,2022-11-05,16:33,Santos,Avai,4-2-3-1,4-5-1,-,1,1,SP,SC,1,2022
7996,36,Avai,16,6,43%,377,81%,13,0,0,0,4,2022-11-05,16:33,Santos,Avai,4-2-3-1,4-5-1,-,1,1,SP,SC,1,2022
7998,36,America-MG,13,8,41%,320,68%,9,2,0,1,3,2022-11-05,19:00,Bragantino,America-MG,4-2-3-1,4-1-4-1,America-MG,1,4,SP,MG,3,2022
7998,36,Bragantino,14,4,59%,447,80%,17,6,0,3,5,2022-11-05,19:00,Bragantino,America-MG,4-2-3-1,4-1-4-1,America-MG,1,4,SP,MG,0,2022
7999,36,Goias,8,1,52%,309,83%,15,4,0,1,5,2022-11-05,19:00,Goias,Juventude,4-2-3-1,4-2-3-1,Goias,1,0,GO,RS,3,2022
7999,36,Juventude,14,2,48%,283,78%,22,6,0,0,8,2022-11-05,19:00,Goias,Juventude,4-2-3-1,4-2-3-1,Goias,1,0,GO,RS,0,2022
8000,36,Ceara,12,4,36%,319,78%,12,4,0,2,11,2022-11-05,20:33,Corinthians,Ceara,4-2-3-1,4-5-1,Corinthians,1,0,SP,CE,0,2022
8000,36,Corinthians,15,2,64%,566,85%,10,4,0,4,9,2022-11-05,20:33,Corinthians,Ceara,4-2-3-1,4-5-1,Corinthians,1,0,SP,CE,3,2022
8001,36,Athletico-PR,14,1,44%,357,77%,20,1,1,1,5,2022-11-05,20:59,Internacional,Athletico-PR,4-4-1-1,4-2-3-1,Internacional,2,0,RS,PR,0,2022
8001,36,Internacional,11,5,56%,442,79%,5,0,0,1,10,2022-11-05,20:59,Internacional,Athletico-PR,4-4-1-1,4-2-3-1,Internacional,2,0,RS,PR,3,2022
8002,36,Fortaleza,18,6,57%,415,82%,9,2,0,2,11,2022-11-06,16:00,Fortaleza,Atletico-GO,4-2-3-1,4-2-3-1,-,1,1,CE,GO,1,2022
8002,36,Atletico-GO,13,6,43%,333,75%,12,4,1,1,3,2022-11-06,16:00,Fortaleza,Atletico-GO,4-2-3-1,4-2-3-1,-,1,1,CE,GO,1,2022
8003,36,Flamengo,13,1,68%,515,87%,11,3,0,3,8,2022-11-06,16:01,Coritiba,Flamengo,4-1-4-1,4-3-3,Coritiba,1,0,PR,RJ,0,2022
8003,36,Coritiba,9,4,32%,245,69%,13,5,0,0,5,2022-11-06,16:01,Coritiba,Flamengo,4-1-4-1,4-3-3,Coritiba,1,0,PR,RJ,3,2022
8004,36,Cuiaba,12,4,33%,254,64%,13,2,0,2,4,2022-11-06,18:30,Cuiaba,Palmeiras,3-4-1-2,4-2-3-1,-,1,1,MT,SP,1,2022
8004,36,Palmeiras,28,12,67%,493,81%,8,0,0,3,9,2022-11-06,18:30,Cuiaba,Palmeiras,3-4-1-2,4-2-3-1,-,1,1,MT,SP,1,2022
8005,36,Botafogo-RJ,8,2,33%,270,68%,19,5,0,2,2,2022-11-07,20:01,Atletico-MG,Botafogo-RJ,4-2-3-1,3-4-2-1,Botafogo-RJ,0,2,MG,RJ,3,2022
8005,36,Atletico-MG,11,1,67%,530,84%,10,2,0,5,6,2022-11-07,20:01,Atletico-MG,Botafogo-RJ,4-2-3-1,3-4-2-1,Botafogo-RJ,0,2,MG,RJ,0,2022
8006,37,Sao Paulo,10,2,59%,511,89%,11,4,0,2,7,2022-11-08,21:33,Sao Paulo,Internacional,3-4-1-2,4-2-3-1,Internacional,0,1,SP,RS,0,2022
8006,37,Internacional,8,3,41%,374,82%,12,5,0,2,2,2022-11-08,21:33,Sao Paulo,Internacional,3-4-1-2,4-2-3-1,Internacional,0,1,SP,RS,3,2022
8008,37,Goias,9,1,23%,192,72%,11,1,2,3,3,2022-11-09,19:00,Fluminense,Goias,4-2-2-2,4-4-2,Fluminense,3,0,RJ,GO,0,2022
8008,37,Fluminense,23,9,77%,639,90%,10,3,0,6,11,2022-11-09,19:00,Fluminense,Goias,4-2-2-2,4-4-2,Fluminense,3,0,RJ,GO,3,2022
8007,37,Corinthians,9,3,48%,375,78%,8,5,1,1,7,2022-11-09,19:02,Coritiba,Corinthians,4-1-4-1,4-1-4-1,-,2,2,PR,SP,1,2022
8007,37,Coritiba,13,5,52%,384,83%,15,4,0,1,5,2022-11-09,19:02,Coritiba,Corinthians,4-1-4-1,4-1-4-1,-,2,2,PR,SP,1,2022
8009,37,Avai,14,3,41%,300,79%,17,4,0,2,6,2022-11-09,19:02,Avai,Ceara,4-5-1,4-2-3-1,Avai,2,0,SC,CE,3,2022
8009,37,Ceara,15,3,59%,428,84%,21,5,0,1,6,2022-11-09,19:02,Avai,Ceara,4-5-1,4-2-3-1,Avai,2,0,SC,CE,0,2022
8010,37,Fortaleza,26,13,56%,432,87%,17,1,0,1,7,2022-11-09,20:29,Fortaleza,Bragantino,4-2-3-1,4-2-3-1,Fortaleza,6,0,CE,SP,3,2022
8010,37,Bragantino,4,1,44%,350,80%,12,4,0,0,0,2022-11-09,20:29,Fortaleza,Bragantino,4-2-3-1,4-2-3-1,Fortaleza,6,0,CE,SP,0,2022
8013,37,Atletico-GO,26,7,64%,497,80%,8,1,0,1,7,2022-11-09,21:28,Atletico-GO,Athletico-PR,4-2-3-1,4-2-3-1,-,1,1,GO,PR,1,2022
8013,37,Athletico-PR,12,4,36%,283,72%,12,0,0,0,4,2022-11-09,21:28,Atletico-GO,Athletico-PR,4-2-3-1,4-2-3-1,-,1,1,GO,PR,1,2022
8011,37,Flamengo,10,3,64%,512,86%,14,3,0,0,4,2022-11-09,21:29,Juventude,Flamengo,4-2-3-1,4-3-3,-,2,2,RS,RJ,1,2022
8011,37,Juventude,11,4,36%,294,75%,17,7,0,0,2,2022-11-09,21:29,Juventude,Flamengo,4-2-3-1,4-3-3,-,2,2,RS,RJ,1,2022
8012,37,Palmeiras,26,9,58%,401,80%,11,4,0,1,10,2022-11-09,21:30,Palmeiras,America-MG,4-2-3-1,4-1-4-1,Palmeiras,2,1,SP,MG,3,2022
8012,37,America-MG,6,2,42%,286,72%,11,2,0,2,3,2022-11-09,21:30,Palmeiras,America-MG,4-2-3-1,4-1-4-1,Palmeiras,2,1,SP,MG,0,2022
8015,37,Cuiaba,6,1,34%,326,78%,11,4,0,1,5,2022-11-10,20:00,Atletico-MG,Cuiaba,4-2-3-1,4-2-3-1,Atletico-MG,3,0,MG,MT,0,2022
8015,37,Atletico-MG,14,7,66%,635,90%,12,1,0,1,3,2022-11-10,20:00,Atletico-MG,Cuiaba,4-2-3-1,4-2-3-1,Atletico-MG,3,0,MG,MT,3,2022
8014,37,Santos,4,0,55%,467,84%,17,4,1,1,4,2022-11-10,20:02,Botafogo-RJ,Santos,4-2-3-1,4-2-3-1,Botafogo-RJ,3,0,RJ,SP,0,2022
8014,37,Botafogo-RJ,14,7,45%,391,83%,15,2,0,6,3,2022-11-10,20:02,Botafogo-RJ,Santos,4-2-3-1,4-2-3-1,Botafogo-RJ,3,0,RJ,SP,3,2022
8016,38,Flamengo,17,4,66%,579,91%,14,0,0,1,10,2022-11-12,16:01,Flamengo,Avai,4-3-3,4-5-1,Avai,1,2,RJ,SC,0,2022
8016,38,Avai,15,8,34%,313,81%,11,1,0,0,3,2022-11-12,16:01,Flamengo,Avai,4-3-3,4-5-1,Avai,1,2,RJ,SC,3,2022
8017,38,Athletico-PR,25,10,40%,271,75%,19,1,0,2,6,2022-11-13,16:03,Athletico-PR,Botafogo-RJ,4-1-4-1,4-2-3-1,Athletico-PR,3,0,PR,RJ,3,2022
8017,38,Botafogo-RJ,9,4,60%,415,83%,13,1,0,0,3,2022-11-13,16:03,Athletico-PR,Botafogo-RJ,4-1-4-1,4-2-3-1,Athletico-PR,3,0,PR,RJ,0,2022
8018,38,Ceara,22,9,62%,467,84%,16,4,0,1,8,2022-11-13,16:03,Ceara,Juventude,4-2-3-1,4-1-2-1-2,Ceara,4,1,CE,RS,3,2022
8018,38,Juventude,9,4,38%,297,76%,16,4,0,0,3,2022-11-13,16:03,Ceara,Juventude,4-2-3-1,4-1-2-1-2,Ceara,4,1,CE,RS,0,2022
8019,38,America-MG,36,9,60%,420,82%,14,3,0,0,17,2022-11-13,16:03,America-MG,Atletico-GO,4-3-3,4-2-3-1,-,1,1,MG,GO,1,2022
8019,38,Atletico-GO,4,3,40%,319,73%,12,2,1,3,5,2022-11-13,16:03,America-MG,Atletico-GO,4-3-3,4-2-3-1,-,1,1,MG,GO,1,2022
8020,38,Fortaleza,13,6,53%,396,79%,14,3,0,2,7,2022-11-13,16:03,Santos,Fortaleza,4-2-3-1,4-4-2,Fortaleza,0,2,SP,CE,3,2022
8020,38,Santos,14,3,47%,361,78%,17,1,0,0,5,2022-11-13,16:03,Santos,Fortaleza,4-2-3-1,4-4-2,Fortaleza,0,2,SP,CE,0,2022
8021,38,Cuiaba,17,8,57%,505,88%,9,1,0,2,8,2022-11-13,16:03,Cuiaba,Coritiba,4-1-4-1,4-1-4-1,Cuiaba,2,1,MT,PR,3,2022
8021,38,Coritiba,4,2,43%,389,82%,8,3,1,2,1,2022-11-13,16:03,Cuiaba,Coritiba,4-1-4-1,4-1-4-1,Cuiaba,2,1,MT,PR,0,2022
8022,38,Fluminense,8,4,59%,463,82%,15,2,0,0,9,2022-11-13,16:03,Bragantino,Fluminense,4-2-3-1,4-2-3-1,Fluminense,0,1,SP,RJ,3,2022
8022,38,Bragantino,13,4,41%,319,77%,16,3,0,5,4,2022-11-13,16:03,Bragantino,Fluminense,4-2-3-1,4-2-3-1,Fluminense,0,1,SP,RJ,0,2022
8023,38,Corinthians,17,4,59%,494,84%,11,3,0,1,5,2022-11-13,16:03,Corinthians,Atletico-MG,4-1-4-1,4-2-3-1,Atletico-MG,0,1,SP,MG,0,2022
8023,38,Atletico-MG,17,7,41%,351,82%,19,6,0,0,4,2022-11-13,16:03,Corinthians,Atletico-MG,4-1-4-1,4-2-3-1,Atletico-MG,0,1,SP,MG,3,2022
8024,38,Palmeiras,11,2,52%,306,82%,17,3,0,2,5,2022-11-13,16:03,Internacional,Palmeiras,4-2-3-1,4-2-3-1,Internacional,3,0,RS,SP,0,2022
8024,38,Internacional,15,8,48%,287,77%,13,2,0,1,6,2022-11-13,16:03,Internacional,Palmeiras,4-2-3-1,4-2-3-1,Internacional,3,0,RS,SP,3,2022
8025,38,Goias,6,2,35%,330,80%,12,2,0,1,3,2022-11-13,16:03,Goias,Sao Paulo,4-2-3-1,4-1-2-1-2,Sao Paulo,0,4,GO,SP,0,2022
8025,38,Sao Paulo,13,7,65%,591,90%,14,1,0,0,4,2022-11-13,16:03,Goias,Sao Paulo,4-2-3-1,4-1-2-1-2,Sao Paulo,0,4,GO,SP,3,2022
8026,1,Cuiaba,12,4,48%,427,79%,12,3,1,2,4,2023-04-15,16:01,Palmeiras,Cuiaba,4-2-3-1,4-2-3-1,Palmeiras,2,1,SP,MT,0,2023
8026,1,Palmeiras,17,5,52%,455,84%,23,2,0,3,4,2023-04-15,16:01,Palmeiras,Cuiaba,4-2-3-1,4-2-3-1,Palmeiras,2,1,SP,MT,3,2023
8027,1,America-MG,17,2,45%,333,79%,25,3,0,2,11,2023-04-15,16:02,America-MG,Fluminense,4-2-3-1,4-2-2-2,Fluminense,0,3,MG,RJ,0,2023
8027,1,Fluminense,15,8,55%,440,83%,9,2,0,3,1,2023-04-15,16:02,America-MG,Fluminense,4-2-3-1,4-2-2-2,Fluminense,0,3,MG,RJ,3,2023
8029,1,Bragantino,13,7,57%,435,77%,20,3,0,2,4,2023-04-15,18:31,Bragantino,Bahia,4-2-3-1,3-4-3,Bragantino,2,1,SP,BA,3,2023
8029,1,Bahia,9,3,43%,343,72%,13,1,0,3,7,2023-04-15,18:31,Bragantino,Bahia,4-2-3-1,3-4-3,Bragantino,2,1,SP,BA,0,2023
8030,1,Athletico-PR,11,3,43%,368,78%,19,2,0,1,3,2023-04-15,18:31,Athletico-PR,Goias,4-2-3-1,4-2-3-1,Athletico-PR,2,0,PR,GO,3,2023
8030,1,Goias,16,2,57%,478,83%,18,3,0,1,8,2023-04-15,18:31,Athletico-PR,Goias,4-2-3-1,4-2-3-1,Athletico-PR,2,0,PR,GO,0,2023
8031,1,Fortaleza,24,6,47%,399,79%,18,2,0,0,5,2023-04-15,18:32,Fortaleza,Internacional,4-2-2-2,4-2-3-1,-,1,1,CE,RS,1,2023
8031,1,Internacional,11,6,53%,471,80%,13,1,0,2,1,2023-04-15,18:32,Fortaleza,Internacional,4-2-2-2,4-2-3-1,-,1,1,CE,RS,1,2023
8028,1,Botafogo-RJ,12,3,31%,295,77%,20,3,0,2,3,2023-04-15,18:33,Botafogo-RJ,Sao Paulo,4-2-3-1,4-1-4-1,Botafogo-RJ,2,1,RJ,SP,3,2023
8028,1,Sao Paulo,16,8,69%,647,88%,13,2,0,1,7,2023-04-15,18:33,Botafogo-RJ,Sao Paulo,4-2-3-1,4-1-4-1,Botafogo-RJ,2,1,RJ,SP,0,2023
8032,1,Atletico-MG,26,10,75%,601,87%,15,6,0,2,14,2023-04-15,21:00,Atletico-MG,Vasco,4-3-3,4-3-3,Vasco,1,2,MG,RJ,0,2023
8032,1,Vasco,7,3,25%,207,65%,10,5,0,2,3,2023-04-15,21:00,Atletico-MG,Vasco,4-3-3,4-3-3,Vasco,1,2,MG,RJ,3,2023
8034,1,Coritiba,10,3,41%,380,85%,17,3,0,2,3,2023-04-16,16:00,Flamengo,Coritiba,4-2-3-1,4-3-3,Flamengo,3,0,RJ,PR,0,2023
8034,1,Flamengo,15,7,59%,541,88%,20,3,0,1,6,2023-04-16,16:00,Flamengo,Coritiba,4-2-3-1,4-3-3,Flamengo,3,0,RJ,PR,3,2023
8033,1,Corinthians,12,7,41%,405,77%,14,4,0,4,7,2023-04-16,16:03,Corinthians,Cruzeiro,4-2-3-1,4-2-3-1,Corinthians,2,1,SP,MG,3,2023
8033,1,Cruzeiro,8,2,59%,576,85%,12,2,0,3,4,2023-04-16,16:03,Corinthians,Cruzeiro,4-2-3-1,4-2-3-1,Corinthians,2,1,SP,MG,0,2023
8035,1,Santos,16,4,55%,471,81%,16,2,1,1,11,2023-04-16,18:30,Gremio,Santos,4-2-3-1,4-3-3,Gremio,1,0,RS,SP,0,2023
8035,1,Gremio,17,6,45%,402,77%,12,3,0,1,4,2023-04-16,18:30,Gremio,Santos,4-2-3-1,4-3-3,Gremio,1,0,RS,SP,3,2023
8036,2,Athletico-PR,10,1,37%,341,81%,20,3,0,1,6,2023-04-22,16:00,Fluminense,Athletico-PR,4-2-3-1,4-2-3-1,Fluminense,2,0,RJ,PR,0,2023
8036,2,Fluminense,14,4,63%,559,87%,13,3,0,3,10,2023-04-22,16:00,Fluminense,Athletico-PR,4-2-3-1,4-2-3-1,Fluminense,2,0,RJ,PR,3,2023
8038,2,Cuiaba,14,3,33%,245,68%,17,3,0,3,4,2023-04-22,18:30,Cuiaba,Bragantino,4-2-3-1,4-3-3,-,1,1,MT,SP,1,2023
8038,2,Bragantino,7,2,67%,508,80%,21,3,0,2,5,2023-04-22,18:30,Cuiaba,Bragantino,4-2-3-1,4-3-3,-,1,1,MT,SP,1,2023
8037,2,Sao Paulo,17,6,53%,435,83%,18,5,0,1,3,2023-04-22,18:31,Sao Paulo,America-MG,4-1-3-2,4-2-3-1,Sao Paulo,3,0,SP,MG,3,2023
8037,2,America-MG,22,8,47%,385,81%,12,3,0,3,7,2023-04-22,18:31,Sao Paulo,America-MG,4-1-3-2,4-2-3-1,Sao Paulo,3,0,SP,MG,0,2023
8039,2,Gremio,11,7,51%,511,79%,8,2,0,3,5,2023-04-22,20:59,Cruzeiro,Gremio,4-2-3-1,4-2-3-1,Cruzeiro,1,0,MG,RS,0,2023
8039,2,Cruzeiro,21,6,49%,488,80%,21,4,1,1,11,2023-04-22,20:59,Cruzeiro,Gremio,4-2-3-1,4-2-3-1,Cruzeiro,1,0,MG,RS,3,2023
8040,2,Flamengo,16,4,65%,588,87%,13,1,0,3,2,2023-04-23,11:01,Internacional,Flamengo,4-2-3-1,4-1-2-1-2,Internacional,2,1,RS,RJ,0,2023
8040,2,Internacional,16,4,35%,310,81%,14,3,0,2,6,2023-04-23,11:01,Internacional,Flamengo,4-2-3-1,4-1-2-1-2,Internacional,2,1,RS,RJ,3,2023
8041,2,Atletico-MG,15,5,63%,551,84%,21,3,0,1,6,2023-04-23,16:00,Santos,Atletico-MG,4-4-2,4-4-2,-,0,0,SP,MG,1,2023
8041,2,Santos,12,2,37%,316,77%,11,3,0,0,9,2023-04-23,16:00,Santos,Atletico-MG,4-4-2,4-4-2,-,0,0,SP,MG,1,2023
8042,2,Vasco,11,3,35%,255,69%,19,4,0,0,2,2023-04-23,16:00,Vasco,Palmeiras,4-3-3,4-2-3-1,-,2,2,RJ,SP,1,2023
8042,2,Palmeiras,13,7,65%,466,80%,15,3,0,0,5,2023-04-23,16:00,Vasco,Palmeiras,4-3-3,4-2-3-1,-,2,2,RJ,SP,1,2023
8043,2,Fortaleza,16,9,41%,343,78%,10,2,0,2,7,2023-04-23,18:31,Coritiba,Fortaleza,3-1-4-2,4-4-2,Fortaleza,0,3,PR,CE,3,2023
8043,2,Coritiba,18,7,59%,497,84%,9,1,0,2,3,2023-04-23,18:31,Coritiba,Fortaleza,3-1-4-2,4-4-2,Fortaleza,0,3,PR,CE,0,2023
8044,2,Goias,18,7,52%,392,81%,21,5,0,4,5,2023-04-23,19:00,Goias,Corinthians,4-2-3-1,4-2-3-1,Goias,3,1,GO,SP,3,2023
8044,2,Corinthians,10,2,48%,392,80%,23,2,0,1,8,2023-04-23,19:00,Goias,Corinthians,4-2-3-1,4-2-3-1,Goias,3,1,GO,SP,0,2023
8045,2,Bahia,13,5,60%,539,83%,18,1,0,0,6,2023-04-24,20:00,Bahia,Botafogo-RJ,5-4-1,4-2-3-1,Botafogo-RJ,1,2,BA,RJ,0,2023
8045,2,Botafogo-RJ,5,3,40%,366,78%,9,2,0,5,3,2023-04-24,20:00,Bahia,Botafogo-RJ,5-4-1,4-2-3-1,Botafogo-RJ,1,2,BA,RJ,3,2023
8047,3,Sao Paulo,23,6,67%,613,87%,12,1,0,2,6,2023-04-29,16:30,Coritiba,Sao Paulo,3-4-3,4-2-3-1,-,1,1,PR,SP,1,2023
8047,3,Coritiba,16,5,33%,288,73%,14,4,0,2,7,2023-04-29,16:30,Coritiba,Sao Paulo,3-4-3,4-2-3-1,-,1,1,PR,SP,1,2023
8046,3,Fortaleza,20,18,30%,256,76%,8,0,0,2,8,2023-04-29,16:31,Fortaleza,Fluminense,4-4-2,4-2-3-1,Fortaleza,4,2,CE,RJ,3,2023
8046,3,Fluminense,12,3,70%,598,90%,15,3,0,1,5,2023-04-29,16:31,Fortaleza,Fluminense,4-4-2,4-2-3-1,Fortaleza,4,2,CE,RJ,0,2023
8048,3,Palmeiras,21,6,55%,508,84%,20,3,0,0,12,2023-04-29,18:30,Palmeiras,Corinthians,4-2-3-1,4-2-3-1,Palmeiras,2,1,SP,SP,3,2023
8048,3,Corinthians,10,2,45%,437,82%,15,3,0,1,3,2023-04-29,18:30,Palmeiras,Corinthians,4-2-3-1,4-2-3-1,Palmeiras,2,1,SP,SP,0,2023
8049,3,America-MG,19,8,56%,368,76%,16,4,0,1,6,2023-04-29,18:30,Santos,America-MG,4-3-3,4-1-4-1,Santos,3,2,SP,MG,0,2023
8049,3,Santos,12,6,44%,294,73%,19,3,1,0,2,2023-04-29,18:30,Santos,America-MG,4-3-3,4-1-4-1,Santos,3,2,SP,MG,3,2023
8050,3,Bragantino,12,5,44%,369,78%,18,3,2,1,5,2023-04-29,18:30,Bragantino,Cruzeiro,4-2-3-1,4-2-3-1,Cruzeiro,0,3,SP,MG,0,2023
8050,3,Cruzeiro,18,5,56%,471,81%,8,3,0,4,9,2023-04-29,18:30,Bragantino,Cruzeiro,4-2-3-1,4-2-3-1,Cruzeiro,0,3,SP,MG,3,2023
8051,3,Atletico-MG,16,6,59%,574,86%,18,3,0,2,1,2023-04-29,21:00,Atletico-MG,Athletico-PR,4-4-2,4-1-4-1,Atletico-MG,2,1,MG,PR,3,2023
8051,3,Athletico-PR,8,3,41%,398,80%,11,3,1,3,5,2023-04-29,21:00,Atletico-MG,Athletico-PR,4-4-2,4-1-4-1,Atletico-MG,2,1,MG,PR,0,2023
8052,3,Botafogo-RJ,12,6,26%,225,69%,12,2,1,1,2,2023-04-30,16:00,Flamengo,Botafogo-RJ,3-4-2-1,4-2-3-1,Botafogo-RJ,2,3,RJ,RJ,3,2023
8052,3,Flamengo,24,13,74%,642,88%,14,4,0,3,7,2023-04-30,16:00,Flamengo,Botafogo-RJ,3-4-2-1,4-2-3-1,Botafogo-RJ,2,3,RJ,RJ,0,2023
8053,3,Cuiaba,15,4,51%,410,83%,16,3,1,2,7,2023-04-30,18:30,Cuiaba,Gremio,4-2-3-1,4-2-3-1,Gremio,1,2,MT,RS,0,2023
8053,3,Gremio,12,6,49%,432,80%,12,5,0,2,5,2023-04-30,18:30,Cuiaba,Gremio,4-2-3-1,4-2-3-1,Gremio,1,2,MT,RS,3,2023
8054,3,Internacional,18,8,58%,463,86%,16,4,0,1,8,2023-04-30,18:32,Internacional,Goias,4-2-3-1,4-2-3-1,Internacional,1,0,RS,GO,3,2023
8054,3,Goias,15,1,42%,329,81%,10,0,1,4,11,2023-04-30,18:32,Internacional,Goias,4-2-3-1,4-2-3-1,Internacional,1,0,RS,GO,0,2023
8055,3,Bahia,12,6,45%,355,75%,19,4,0,0,6,2023-05-01,20:00,Vasco,Bahia,4-3-3,5-4-1,Bahia,0,1,RJ,BA,3,2023
8055,3,Vasco,15,6,55%,430,80%,19,1,0,5,7,2023-05-01,20:00,Vasco,Bahia,4-3-3,5-4-1,Bahia,0,1,RJ,BA,0,2023
8056,4,Cruzeiro,10,3,56%,496,80%,17,6,0,0,4,2023-05-06,16:00,Cruzeiro,Santos,4-2-3-1,4-2-3-1,Cruzeiro,2,1,MG,SP,3,2023
8056,4,Santos,9,4,44%,397,77%,15,3,0,5,4,2023-05-06,16:00,Cruzeiro,Santos,4-2-3-1,4-2-3-1,Cruzeiro,2,1,MG,SP,0,2023
8057,4,Vasco,8,1,20%,195,59%,19,3,0,1,1,2023-05-06,21:01,Fluminense,Vasco,4-2-3-1,4-3-3,-,1,1,RJ,RJ,1,2023
8057,4,Fluminense,23,9,80%,733,89%,12,3,0,1,9,2023-05-06,21:01,Fluminense,Vasco,4-2-3-1,4-3-3,-,1,1,RJ,RJ,1,2023
8058,4,Cuiaba,9,5,55%,476,80%,12,4,0,2,6,2023-05-07,11:01,America-MG,Cuiaba,4-1-4-1,4-2-3-1,Cuiaba,1,2,MG,MT,3,2023
8058,4,America-MG,15,4,45%,404,78%,19,3,1,5,4,2023-05-07,11:01,America-MG,Cuiaba,4-1-4-1,4-2-3-1,Cuiaba,1,2,MG,MT,0,2023
8059,4,Bahia,15,5,51%,423,79%,28,2,0,1,3,2023-05-07,16:00,Bahia,Coritiba,3-4-3,3-4-3,Bahia,3,1,BA,PR,3,2023
8059,4,Coritiba,10,4,49%,406,79%,24,7,0,2,5,2023-05-07,16:00,Bahia,Coritiba,3-4-3,3-4-3,Bahia,3,1,BA,PR,0,2023
8061,4,Athletico-PR,10,4,39%,349,77%,15,2,0,2,2,2023-05-07,16:00,Athletico-PR,Flamengo,4-4-2,4-4-2,Athletico-PR,2,1,PR,RJ,3,2023
8061,4,Flamengo,14,4,61%,532,84%,11,2,0,0,8,2023-05-07,16:00,Athletico-PR,Flamengo,4-4-2,4-4-2,Athletico-PR,2,1,PR,RJ,0,2023
8060,4,Internacional,15,4,58%,486,87%,9,4,0,3,9,2023-05-07,16:02,Sao Paulo,Internacional,4-2-3-1,4-2-3-1,Sao Paulo,2,0,SP,RS,0,2023
8060,4,Sao Paulo,7,4,42%,374,81%,16,3,0,2,4,2023-05-07,16:02,Sao Paulo,Internacional,4-2-3-1,4-2-3-1,Sao Paulo,2,0,SP,RS,3,2023
8062,4,Gremio,11,3,42%,353,69%,9,5,0,3,4,2023-05-07,18:30,Gremio,Bragantino,4-2-3-1,4-3-3,-,3,3,RS,SP,1,2023
8062,4,Bragantino,21,7,58%,470,75%,20,2,0,2,7,2023-05-07,18:30,Gremio,Bragantino,4-2-3-1,4-3-3,-,3,3,RS,SP,1,2023
8063,4,Botafogo-RJ,22,7,39%,341,81%,14,1,0,0,5,2023-05-07,18:30,Botafogo-RJ,Atletico-MG,4-2-3-1,4-2-2-2,Botafogo-RJ,2,0,RJ,MG,3,2023
8063,4,Atletico-MG,9,1,61%,536,85%,8,3,0,4,9,2023-05-07,18:30,Botafogo-RJ,Atletico-MG,4-2-3-1,4-2-2-2,Botafogo-RJ,2,0,RJ,MG,0,2023
8064,4,Goias,15,4,43%,396,84%,13,2,1,1,4,2023-05-07,18:31,Goias,Palmeiras,4-2-3-1,3-4-2-1,Palmeiras,0,5,GO,SP,0,2023
8064,4,Palmeiras,17,7,57%,524,88%,29,6,0,1,6,2023-05-07,18:31,Goias,Palmeiras,4-2-3-1,3-4-2-1,Palmeiras,0,5,GO,SP,3,2023
8065,4,Fortaleza,16,2,52%,511,88%,9,2,0,2,5,2023-05-08,20:00,Corinthians,Fortaleza,4-2-3-1,4-2-3-1,-,1,1,SP,CE,1,2023
8065,4,Corinthians,21,8,48%,488,85%,6,2,0,3,5,2023-05-08,20:00,Corinthians,Fortaleza,4-2-3-1,4-2-3-1,-,1,1,SP,CE,1,2023
8067,5,Bahia,17,3,60%,550,86%,13,4,0,1,4,2023-05-10,18:59,Santos,Bahia,4-2-3-1,3-4-2-1,Santos,3,0,SP,BA,0,2023
8067,5,Santos,14,9,40%,379,79%,18,3,0,5,1,2023-05-10,18:59,Santos,Bahia,4-2-3-1,3-4-2-1,Santos,3,0,SP,BA,3,2023
8066,5,Internacional,12,3,46%,423,84%,11,2,0,2,4,2023-05-10,19:00,Internacional,Athletico-PR,4-2-3-1,4-3-3,Athletico-PR,0,2,RS,PR,0,2023
8066,5,Athletico-PR,14,5,54%,516,85%,10,4,0,2,3,2023-05-10,19:00,Internacional,Athletico-PR,4-2-3-1,4-3-3,Athletico-PR,0,2,RS,PR,3,2023
8068,5,America-MG,10,3,37%,271,61%,17,3,0,2,4,2023-05-10,19:00,Bragantino,America-MG,4-3-3,4-1-4-1,-,2,2,SP,MG,1,2023
8068,5,Bragantino,20,9,63%,438,78%,16,5,0,3,5,2023-05-10,19:00,Bragantino,America-MG,4-3-3,4-1-4-1,-,2,2,SP,MG,1,2023
8069,5,Cuiaba,7,1,46%,465,86%,12,1,0,0,6,2023-05-10,19:59,Cuiaba,Atletico-MG,4-2-3-1,4-2-2-2,Atletico-MG,0,4,MT,MG,0,2023
8069,5,Atletico-MG,8,7,54%,551,86%,17,2,0,1,1,2023-05-10,19:59,Cuiaba,Atletico-MG,4-2-3-1,4-2-2-2,Atletico-MG,0,4,MT,MG,3,2023
8070,5,Goias,14,6,42%,406,83%,9,1,0,1,7,2023-05-10,20:00,Flamengo,Goias,4-2-3-1,4-2-3-1,Flamengo,2,0,RJ,GO,0,2023
8070,5,Flamengo,23,5,58%,551,89%,22,0,0,1,8,2023-05-10,20:00,Flamengo,Goias,4-2-3-1,4-2-3-1,Flamengo,2,0,RJ,GO,3,2023
8071,5,Fluminense,11,7,52%,469,86%,10,5,1,3,3,2023-05-10,21:29,Cruzeiro,Fluminense,4-2-3-1,4-2-3-1,Fluminense,0,2,MG,RJ,3,2023
8071,5,Cruzeiro,27,5,48%,401,88%,14,1,0,1,16,2023-05-10,21:29,Cruzeiro,Fluminense,4-2-3-1,4-2-3-1,Fluminense,0,2,MG,RJ,0,2023
8072,5,Palmeiras,28,10,59%,562,88%,10,2,0,2,7,2023-05-10,21:29,Palmeiras,Gremio,4-2-3-1,3-4-1-2,Palmeiras,4,1,SP,RS,3,2023
8072,5,Gremio,3,2,41%,407,80%,13,4,0,0,4,2023-05-10,21:29,Palmeiras,Gremio,4-2-3-1,3-4-1-2,Palmeiras,4,1,SP,RS,0,2023
8073,5,Coritiba,10,6,35%,303,73%,22,2,0,1,5,2023-05-11,19:00,Coritiba,Vasco,5-4-1,4-3-3,-,1,1,PR,RJ,1,2023
8073,5,Vasco,7,2,65%,543,83%,15,1,0,3,5,2023-05-11,19:00,Coritiba,Vasco,5-4-1,4-3-3,-,1,1,PR,RJ,1,2023
8074,5,Botafogo-RJ,16,6,54%,604,89%,12,1,0,0,3,2023-05-11,19:30,Botafogo-RJ,Corinthians,4-2-3-1,4-1-4-1,Botafogo-RJ,3,0,RJ,SP,3,2023
8074,5,Corinthians,12,4,46%,527,87%,5,2,0,0,3,2023-05-11,19:30,Botafogo-RJ,Corinthians,4-2-3-1,4-1-4-1,Botafogo-RJ,3,0,RJ,SP,0,2023
8075,5,Sao Paulo,13,1,57%,482,85%,17,3,1,2,10,2023-05-11,20:00,Fortaleza,Sao Paulo,4-4-2,4-3-3,-,0,0,CE,SP,1,2023
8075,5,Fortaleza,16,2,43%,369,80%,9,1,1,3,4,2023-05-11,20:00,Fortaleza,Sao Paulo,4-4-2,4-3-3,-,0,0,CE,SP,1,2023
8076,6,Flamengo,14,5,48%,390,85%,13,5,0,5,4,2023-05-13,16:00,Bahia,Flamengo,3-4-1-2,4-1-4-1,Flamengo,2,3,BA,RJ,3,2023
8076,6,Bahia,20,6,52%,411,84%,16,4,2,0,10,2023-05-13,16:00,Bahia,Flamengo,3-4-1-2,4-1-4-1,Flamengo,2,3,BA,RJ,0,2023
8077,6,Fluminense,7,2,62%,644,87%,14,3,0,0,7,2023-05-13,18:30,Fluminense,Cuiaba,4-2-3-1,4-2-3-1,Fluminense,2,0,RJ,MT,3,2023
8077,6,Cuiaba,13,2,38%,391,85%,10,4,0,4,3,2023-05-13,18:30,Fluminense,Cuiaba,4-2-3-1,4-2-3-1,Fluminense,2,0,RJ,MT,0,2023
8078,6,Palmeiras,22,6,59%,444,81%,12,1,0,3,15,2023-05-13,18:30,Palmeiras,Bragantino,4-2-3-1,4-3-3,-,1,1,SP,SP,1,2023
8078,6,Bragantino,8,3,41%,332,79%,19,4,0,2,6,2023-05-13,18:30,Palmeiras,Bragantino,4-2-3-1,4-3-3,-,1,1,SP,SP,1,2023
8079,6,Internacional,6,4,45%,425,76%,8,3,0,2,3,2023-05-13,21:00,Atletico-MG,Internacional,4-2-2-2,4-2-3-1,Atletico-MG,2,0,MG,RS,0,2023
8079,6,Atletico-MG,14,4,55%,514,79%,14,2,0,0,3,2023-05-13,21:00,Atletico-MG,Internacional,4-2-2-2,4-2-3-1,Atletico-MG,2,0,MG,RS,3,2023
8080,6,Gremio,17,6,57%,514,80%,22,3,0,1,9,2023-05-14,16:00,Gremio,Fortaleza,4-2-3-1,4-2-3-1,-,0,0,RS,CE,1,2023
8080,6,Fortaleza,14,4,43%,389,76%,22,4,0,1,5,2023-05-14,16:00,Gremio,Fortaleza,4-2-3-1,4-2-3-1,-,0,0,RS,CE,1,2023
8081,6,Vasco,23,9,69%,515,83%,14,4,0,0,14,2023-05-14,16:00,Vasco,Santos,4-3-3,4-2-3-1,Santos,0,1,RJ,SP,0,2023
8081,6,Santos,6,1,31%,247,65%,12,1,0,3,1,2023-05-14,16:00,Vasco,Santos,4-3-3,4-2-3-1,Santos,0,1,RJ,SP,3,2023
8082,6,Sao Paulo,7,1,67%,691,89%,18,4,0,2,4,2023-05-14,16:02,Corinthians,Sao Paulo,4-1-4-1,4-2-3-1,-,1,1,SP,SP,1,2023
8082,6,Corinthians,7,3,33%,344,80%,16,2,0,0,5,2023-05-14,16:02,Corinthians,Sao Paulo,4-1-4-1,4-2-3-1,-,1,1,SP,SP,1,2023
8083,6,Athletico-PR,26,7,65%,593,82%,9,3,0,1,4,2023-05-14,18:29,Athletico-PR,Coritiba,4-2-3-1,5-4-1,Athletico-PR,3,2,PR,PR,3,2023
8083,6,Coritiba,7,3,35%,324,66%,12,3,0,1,1,2023-05-14,18:29,Athletico-PR,Coritiba,4-2-3-1,5-4-1,Athletico-PR,3,2,PR,PR,0,2023
8085,6,Cruzeiro,16,8,53%,427,80%,17,0,0,3,6,2023-05-14,18:29,America-MG,Cruzeiro,4-3-3,4-3-3,Cruzeiro,0,4,MG,MG,3,2023
8085,6,America-MG,15,2,47%,380,78%,10,2,0,5,5,2023-05-14,18:29,America-MG,Cruzeiro,4-3-3,4-3-3,Cruzeiro,0,4,MG,MG,0,2023
8084,6,Goias,7,5,46%,342,78%,23,6,0,2,4,2023-05-14,18:30,Goias,Botafogo-RJ,4-3-3,4-2-3-1,Goias,2,1,GO,RJ,3,2023
8084,6,Botafogo-RJ,17,2,54%,393,76%,18,3,0,2,7,2023-05-14,18:30,Goias,Botafogo-RJ,4-3-3,4-2-3-1,Goias,2,1,GO,RJ,0,2023
8086,7,Goias,13,5,49%,423,80%,13,3,0,6,6,2023-05-20,16:02,Bahia,Goias,3-4-3,4-4-2,-,1,1,BA,GO,1,2023
8086,7,Bahia,23,4,51%,430,83%,19,1,0,1,4,2023-05-20,16:02,Bahia,Goias,3-4-3,4-4-2,-,1,1,BA,GO,1,2023
8087,7,Bragantino,13,4,61%,453,82%,20,3,0,2,6,2023-05-20,18:30,Bragantino,Athletico-PR,4-2-3-1,4-2-3-1,Bragantino,2,0,SP,PR,3,2023
8087,7,Athletico-PR,14,4,39%,291,68%,12,3,0,3,5,2023-05-20,18:30,Bragantino,Athletico-PR,4-2-3-1,4-2-3-1,Bragantino,2,0,SP,PR,0,2023
8088,7,Sao Paulo,15,7,53%,460,81%,9,0,0,0,3,2023-05-20,18:30,Sao Paulo,Vasco,4-2-3-1,4-3-3,Sao Paulo,4,2,SP,RJ,3,2023
8088,7,Vasco,17,4,47%,395,82%,16,4,0,1,9,2023-05-20,18:30,Sao Paulo,Vasco,4-2-3-1,4-3-3,Sao Paulo,4,2,SP,RJ,0,2023
8090,7,Fortaleza,16,6,73%,744,88%,8,2,0,1,2,2023-05-20,18:30,America-MG,Fortaleza,4-2-3-1,4-2-3-1,America-MG,2,1,MG,CE,0,2023
8090,7,America-MG,9,3,27%,284,67%,14,4,0,0,1,2023-05-20,18:30,America-MG,Fortaleza,4-2-3-1,4-2-3-1,America-MG,2,1,MG,CE,3,2023
8091,7,Fluminense,3,0,66%,539,87%,14,2,0,1,4,2023-05-20,18:30,Botafogo-RJ,Fluminense,4-2-3-1,4-2-3-1,Botafogo-RJ,1,0,RJ,RJ,0,2023
8091,7,Botafogo-RJ,21,7,34%,272,79%,24,4,0,2,7,2023-05-20,18:30,Botafogo-RJ,Fluminense,4-2-3-1,4-2-3-1,Botafogo-RJ,1,0,RJ,RJ,3,2023
8089,7,Coritiba,10,4,33%,273,74%,20,3,1,2,5,2023-05-20,18:31,Coritiba,Atletico-MG,3-5-2,4-1-2-1-2,Atletico-MG,1,2,PR,MG,0,2023
8089,7,Atletico-MG,19,8,67%,544,87%,17,6,1,1,7,2023-05-20,18:31,Coritiba,Atletico-MG,3-5-2,4-1-2-1-2,Atletico-MG,1,2,PR,MG,3,2023
8092,7,Palmeiras,11,1,62%,553,83%,11,1,0,3,4,2023-05-20,21:00,Santos,Palmeiras,4-2-3-1,4-2-3-1,-,0,0,SP,SP,1,2023
8092,7,Santos,12,4,38%,345,71%,15,3,0,0,3,2023-05-20,21:00,Santos,Palmeiras,4-2-3-1,4-2-3-1,-,0,0,SP,SP,1,2023
8093,7,Flamengo,10,3,65%,672,91%,9,0,0,0,6,2023-05-21,16:00,Flamengo,Corinthians,4-2-2-2,4-4-2,Flamengo,1,0,RJ,SP,3,2023
8093,7,Corinthians,15,3,35%,356,81%,12,2,0,2,9,2023-05-21,16:00,Flamengo,Corinthians,4-2-2-2,4-4-2,Flamengo,1,0,RJ,SP,0,2023
8094,7,Internacional,24,4,71%,568,86%,15,1,0,1,7,2023-05-21,18:31,Gremio,Internacional,3-4-3,4-2-3-1,Gremio,3,1,RS,RS,0,2023
8094,7,Gremio,14,6,29%,233,60%,14,0,1,1,3,2023-05-21,18:31,Gremio,Internacional,3-4-3,4-2-3-1,Gremio,3,1,RS,RS,3,2023
8095,7,Cuiaba,15,2,34%,289,66%,15,3,0,2,2,2023-05-22,20:00,Cruzeiro,Cuiaba,4-3-3,4-3-3,Cuiaba,0,1,MG,MT,3,2023
8095,7,Cruzeiro,15,8,66%,539,81%,16,1,0,5,6,2023-05-22,20:00,Cruzeiro,Cuiaba,4-3-3,4-3-3,Cuiaba,0,1,MG,MT,0,2023
8096,8,Gremio,10,4,34%,282,68%,15,4,0,2,5,2023-05-27,16:00,Athletico-PR,Gremio,4-2-3-1,3-4-2-1,Gremio,1,2,PR,RS,3,2023
8096,8,Athletico-PR,16,4,66%,539,85%,14,2,0,1,10,2023-05-27,16:00,Athletico-PR,Gremio,4-2-3-1,3-4-2-1,Gremio,1,2,PR,RS,0,2023
8097,8,Vasco,12,1,51%,387,80%,15,1,0,3,5,2023-05-27,16:02,Fortaleza,Vasco,4-4-2,4-3-3,Fortaleza,2,0,CE,RJ,0,2023
8097,8,Fortaleza,14,6,49%,370,81%,11,3,0,3,9,2023-05-27,16:02,Fortaleza,Vasco,4-4-2,4-3-3,Fortaleza,2,0,CE,RJ,3,2023
8098,8,Cruzeiro,18,6,38%,378,80%,18,5,0,3,1,2023-05-27,18:31,Flamengo,Cruzeiro,4-3-1-2,4-3-3,-,1,1,RJ,MG,1,2023
8098,8,Flamengo,14,2,62%,618,86%,12,4,0,5,2,2023-05-27,18:31,Flamengo,Cruzeiro,4-3-1-2,4-3-3,-,1,1,RJ,MG,1,2023
8099,8,Cuiaba,9,3,43%,392,77%,8,3,0,0,2,2023-05-27,18:32,Cuiaba,Coritiba,4-3-3,3-4-1-2,-,1,1,MT,PR,1,2023
8099,8,Coritiba,8,2,57%,518,82%,13,5,0,3,6,2023-05-27,18:32,Cuiaba,Coritiba,4-3-3,3-4-1-2,-,1,1,MT,PR,1,2023
8100,8,Goias,8,4,32%,283,78%,16,4,0,1,5,2023-05-27,21:02,Sao Paulo,Goias,4-2-3-1,4-4-2,Sao Paulo,2,1,SP,GO,0,2023
8100,8,Sao Paulo,16,6,68%,604,90%,12,2,0,3,11,2023-05-27,21:02,Sao Paulo,Goias,4-2-3-1,4-4-2,Sao Paulo,2,1,SP,GO,3,2023
8102,8,Internacional,7,2,44%,429,82%,10,1,0,3,2,2023-05-28,16:02,Internacional,Bahia,4-2-3-1,3-4-3,Internacional,2,0,RS,BA,3,2023
8102,8,Bahia,9,4,56%,528,84%,13,2,0,0,7,2023-05-28,16:02,Internacional,Bahia,4-2-3-1,3-4-3,Internacional,2,0,RS,BA,0,2023
8101,8,Fluminense,22,7,70%,728,91%,6,2,0,3,6,2023-05-28,16:04,Corinthians,Fluminense,4-4-2,4-2-3-1,Corinthians,2,0,SP,RJ,0,2023
8101,8,Corinthians,14,4,30%,309,77%,18,4,0,2,7,2023-05-28,16:04,Corinthians,Fluminense,4-4-2,4-2-3-1,Corinthians,2,0,SP,RJ,3,2023
8104,8,Santos,9,1,41%,341,69%,10,1,0,4,4,2023-05-28,18:31,Bragantino,Santos,4-3-3,4-2-3-1,Bragantino,2,0,SP,SP,0,2023
8104,8,Bragantino,19,9,59%,483,78%,13,2,0,3,5,2023-05-28,18:31,Bragantino,Santos,4-3-3,4-2-3-1,Bragantino,2,0,SP,SP,3,2023
8103,8,Atletico-MG,10,4,59%,489,84%,27,3,0,0,3,2023-05-28,18:32,Atletico-MG,Palmeiras,4-1-3-2,4-2-3-1,-,1,1,MG,SP,1,2023
8103,8,Palmeiras,11,2,41%,347,79%,15,3,0,3,3,2023-05-28,18:32,Atletico-MG,Palmeiras,4-1-3-2,4-2-3-1,-,1,1,MG,SP,1,2023
8105,8,Botafogo-RJ,18,6,56%,473,84%,9,2,0,2,7,2023-05-28,19:01,Botafogo-RJ,America-MG,4-2-3-1,4-1-4-1,Botafogo-RJ,2,0,RJ,MG,3,2023
8105,8,America-MG,4,1,44%,386,77%,11,3,0,3,0,2023-05-28,19:01,Botafogo-RJ,America-MG,4-2-3-1,4-1-4-1,Botafogo-RJ,2,0,RJ,MG,0,2023
8106,9,Bahia,7,2,45%,367,75%,9,3,0,3,4,2023-06-03,16:00,Fortaleza,Bahia,4-2-3-1,3-5-2,-,0,0,CE,BA,1,2023
8106,9,Fortaleza,11,2,55%,418,80%,17,2,0,3,8,2023-06-03,16:00,Fortaleza,Bahia,4-2-3-1,3-5-2,-,0,0,CE,BA,1,2023
8107,9,Botafogo-RJ,13,4,53%,422,81%,12,2,0,0,7,2023-06-03,18:30,Athletico-PR,Botafogo-RJ,4-2-3-1,4-2-3-1,Athletico-PR,1,0,PR,RJ,0,2023
8107,9,Athletico-PR,16,7,47%,390,82%,15,3,0,3,6,2023-06-03,18:30,Athletico-PR,Botafogo-RJ,4-2-3-1,4-2-3-1,Athletico-PR,1,0,PR,RJ,3,2023
8108,9,Atletico-MG,7,3,34%,249,67%,21,5,0,5,4,2023-06-03,18:30,Cruzeiro,Atletico-MG,4-3-3,4-2-3-1,Atletico-MG,0,1,MG,MG,3,2023
8108,9,Cruzeiro,19,5,66%,445,84%,19,6,0,3,12,2023-06-03,18:30,Cruzeiro,Atletico-MG,4-3-3,4-2-3-1,Atletico-MG,0,1,MG,MG,0,2023
8109,9,Corinthians,6,2,71%,700,84%,14,0,0,0,3,2023-06-03,18:33,America-MG,Corinthians,4-1-3-2,3-4-2-1,America-MG,2,0,MG,SP,0,2023
8109,9,America-MG,16,6,29%,287,66%,16,1,0,1,2,2023-06-03,18:33,America-MG,Corinthians,4-1-3-2,3-4-2-1,America-MG,2,0,MG,SP,3,2023
8110,9,Santos,17,4,56%,476,83%,19,2,0,0,5,2023-06-03,21:01,Santos,Internacional,4-2-3-1,4-2-3-1,-,1,1,SP,RS,1,2023
8110,9,Internacional,8,3,44%,385,80%,12,4,0,0,5,2023-06-03,21:01,Santos,Internacional,4-2-3-1,4-2-3-1,-,1,1,SP,RS,1,2023
8111,9,Fluminense,12,4,51%,422,82%,11,5,0,2,6,2023-06-04,16:00,Fluminense,Bragantino,4-2-3-1,4-3-3,Fluminense,2,1,RJ,SP,3,2023
8111,9,Bragantino,15,3,49%,398,80%,12,2,0,1,6,2023-06-04,16:00,Fluminense,Bragantino,4-2-3-1,4-3-3,Fluminense,2,1,RJ,SP,0,2023
8112,9,Sao Paulo,16,4,60%,550,85%,13,1,0,2,8,2023-06-04,16:01,Gremio,Sao Paulo,3-4-2-1,3-4-2-1,Gremio,2,1,RS,SP,0,2023
8112,9,Gremio,21,7,40%,374,78%,9,2,0,3,6,2023-06-04,16:01,Gremio,Sao Paulo,3-4-2-1,3-4-2-1,Gremio,2,1,RS,SP,3,2023
8113,9,Goias,11,3,56%,447,83%,19,2,0,2,4,2023-06-04,18:29,Goias,Cuiaba,4-2-3-1,4-2-3-1,Cuiaba,0,1,GO,MT,0,2023
8113,9,Cuiaba,15,8,44%,368,80%,14,3,0,1,5,2023-06-04,18:29,Goias,Cuiaba,4-2-3-1,4-2-3-1,Cuiaba,0,1,GO,MT,3,2023
8114,9,Palmeiras,23,8,51%,412,86%,15,4,0,3,11,2023-06-04,18:29,Palmeiras,Coritiba,4-2-3-1,3-4-1-2,Palmeiras,3,1,SP,PR,3,2023
8114,9,Coritiba,7,4,49%,413,85%,13,5,0,0,6,2023-06-04,18:29,Palmeiras,Coritiba,4-2-3-1,3-4-1-2,Palmeiras,3,1,SP,PR,0,2023
8115,9,Flamengo,11,5,56%,538,85%,18,0,0,0,0,2023-06-05,20:00,Vasco,Flamengo,3-4-3,4-2-2-2,Flamengo,1,4,RJ,RJ,3,2023
8115,9,Vasco,13,5,44%,413,81%,13,2,0,2,4,2023-06-05,20:00,Vasco,Flamengo,3-4-3,4-2-2-2,Flamengo,1,4,RJ,RJ,0,2023
8116,10,Coritiba,19,7,46%,348,75%,15,3,0,4,8,2023-06-10,16:03,Coritiba,Santos,3-5-2,4-2-3-1,-,0,0,PR,SP,1,2023
8116,10,Santos,7,3,54%,414,79%,18,0,1,3,3,2023-06-10,16:03,Coritiba,Santos,3-5-2,4-2-3-1,-,0,0,PR,SP,1,2023
8119,10,Atletico-MG,16,6,61%,552,78%,8,2,0,5,7,2023-06-10,18:30,Atletico-MG,Bragantino,4-2-3-1,4-3-3,-,1,1,MG,SP,1,2023
8119,10,Bragantino,7,3,39%,358,68%,14,3,0,1,2,2023-06-10,18:30,Atletico-MG,Bragantino,4-2-3-1,4-3-3,-,1,1,MG,SP,1,2023
8117,10,Cruzeiro,15,7,53%,465,81%,9,1,0,5,5,2023-06-10,18:31,Bahia,Cruzeiro,3-4-2-1,4-3-3,-,2,2,BA,MG,1,2023
8117,10,Bahia,14,5,47%,405,77%,15,5,0,8,6,2023-06-10,18:31,Bahia,Cruzeiro,3-4-2-1,4-3-3,-,2,2,BA,MG,1,2023
8118,10,Cuiaba,10,2,38%,340,80%,13,3,0,1,6,2023-06-10,18:32,Corinthians,Cuiaba,3-4-1-2,4-2-3-1,-,1,1,SP,MT,1,2023
8118,10,Corinthians,24,7,62%,531,88%,11,2,0,1,8,2023-06-10,18:32,Corinthians,Cuiaba,3-4-1-2,4-2-3-1,-,1,1,SP,MT,1,2023
8120,10,Botafogo-RJ,21,10,55%,492,85%,16,3,0,1,7,2023-06-10,21:00,Botafogo-RJ,Fortaleza,4-2-3-1,4-4-2,Botafogo-RJ,2,0,RJ,CE,3,2023
8120,10,Fortaleza,8,3,45%,412,81%,12,3,0,4,3,2023-06-10,21:00,Botafogo-RJ,Fortaleza,4-2-3-1,4-4-2,Botafogo-RJ,2,0,RJ,CE,0,2023
8121,10,America-MG,21,12,51%,364,75%,19,2,0,1,7,2023-06-11,11:00,America-MG,Athletico-PR,4-1-4-1,4-2-3-1,-,2,2,MG,PR,1,2023
8121,10,Athletico-PR,9,4,49%,361,70%,10,4,0,1,3,2023-06-11,11:00,America-MG,Athletico-PR,4-1-4-1,4-2-3-1,-,2,2,MG,PR,1,2023
8122,10,Sao Paulo,26,6,66%,580,87%,15,2,1,0,8,2023-06-11,16:00,Sao Paulo,Palmeiras,4-2-3-1,4-2-3-1,Palmeiras,0,2,SP,SP,0,2023
8122,10,Palmeiras,10,4,34%,306,75%,16,1,0,2,3,2023-06-11,16:00,Sao Paulo,Palmeiras,4-2-3-1,4-2-3-1,Palmeiras,0,2,SP,SP,3,2023
8123,10,Internacional,11,3,44%,410,82%,13,2,0,0,7,2023-06-11,16:00,Internacional,Vasco,4-2-3-1,4-1-2-1-2,Internacional,2,1,RS,RJ,3,2023
8123,10,Vasco,14,5,56%,519,86%,21,3,0,4,6,2023-06-11,16:00,Internacional,Vasco,4-2-3-1,4-1-2-1-2,Internacional,2,1,RS,RJ,0,2023
8124,10,Gremio,25,8,47%,442,79%,17,3,0,1,7,2023-06-11,18:30,Flamengo,Gremio,4-2-2-2,5-4-1,Flamengo,3,0,RJ,RS,0,2023
8124,10,Flamengo,14,4,53%,501,81%,20,0,0,1,3,2023-06-11,18:30,Flamengo,Gremio,4-2-2-2,5-4-1,Flamengo,3,0,RJ,RS,3,2023
8125,10,Goias,22,9,40%,314,79%,15,3,0,5,6,2023-06-11,18:30,Goias,Fluminense,4-5-1,4-2-2-2,-,2,2,GO,RJ,1,2023
8125,10,Fluminense,13,4,60%,475,86%,23,3,0,1,7,2023-06-11,18:30,Goias,Fluminense,4-5-1,4-2-2-2,-,2,2,GO,RJ,1,2023
8126,11,Fortaleza,10,2,32%,267,65%,12,4,0,7,2,2023-06-21,19:00,Cruzeiro,Fortaleza,4-3-3,4-4-2,Fortaleza,0,1,MG,CE,3,2023
8126,11,Cruzeiro,12,3,68%,561,82%,9,4,0,1,5,2023-06-21,19:00,Cruzeiro,Fortaleza,4-3-3,4-4-2,Fortaleza,0,1,MG,CE,0,2023
8127,11,Athletico-PR,14,5,43%,365,83%,11,2,0,2,4,2023-06-21,19:01,Sao Paulo,Athletico-PR,4-2-3-1,4-2-3-1,Sao Paulo,2,1,SP,PR,0,2023
8127,11,Sao Paulo,8,5,57%,479,82%,15,3,0,3,4,2023-06-21,19:01,Sao Paulo,Athletico-PR,4-2-3-1,4-2-3-1,Sao Paulo,2,1,SP,PR,3,2023
8128,11,Corinthians,10,4,49%,439,82%,14,4,0,1,2,2023-06-21,20:01,Santos,Corinthians,4-2-3-1,4-1-4-1,Corinthians,0,2,SP,SP,3,2023
8128,11,Santos,12,4,51%,427,84%,17,2,0,0,5,2023-06-21,20:01,Santos,Corinthians,4-2-3-1,4-1-4-1,Corinthians,0,2,SP,SP,0,2023
8129,11,Fluminense,9,4,49%,419,84%,20,2,0,5,3,2023-06-21,21:31,Fluminense,Atletico-MG,4-2-3-1,4-3-3,-,1,1,RJ,MG,1,2023
8129,11,Atletico-MG,14,6,51%,427,81%,19,4,0,0,5,2023-06-21,21:31,Fluminense,Atletico-MG,4-2-3-1,4-3-3,-,1,1,RJ,MG,1,2023
8130,11,Bahia,9,3,46%,385,81%,18,4,0,6,6,2023-06-21,21:31,Bahia,Palmeiras,4-2-3-1,4-2-3-1,Bahia,1,0,BA,SP,3,2023
8130,11,Palmeiras,10,3,54%,438,80%,16,3,0,7,8,2023-06-21,21:31,Bahia,Palmeiras,4-2-3-1,4-2-3-1,Bahia,1,0,BA,SP,0,2023
8131,11,America-MG,8,2,27%,279,66%,11,1,1,3,2,2023-06-22,19:01,Gremio,America-MG,4-2-3-1,4-1-4-1,Gremio,3,1,RS,MG,0,2023
8131,11,Gremio,22,9,73%,729,87%,10,0,0,2,10,2023-06-22,19:01,Gremio,America-MG,4-2-3-1,4-1-4-1,Gremio,3,1,RS,MG,3,2023
8133,11,Botafogo-RJ,5,3,47%,452,83%,13,2,0,2,2,2023-06-22,20:00,Cuiaba,Botafogo-RJ,4-1-4-1,4-3-3,Botafogo-RJ,0,1,MT,RJ,3,2023
8133,11,Cuiaba,23,9,53%,484,84%,11,2,0,2,6,2023-06-22,20:00,Cuiaba,Botafogo-RJ,4-1-4-1,4-3-3,Botafogo-RJ,0,1,MT,RJ,0,2023
8134,11,Goias,8,1,40%,362,78%,24,3,0,3,2,2023-06-22,20:00,Vasco,Goias,4-3-1-2,4-5-1,Goias,0,1,RJ,GO,3,2023
8134,11,Vasco,21,5,60%,521,88%,19,2,0,4,8,2023-06-22,20:00,Vasco,Goias,4-3-1-2,4-5-1,Goias,0,1,RJ,GO,0,2023
8132,11,Coritiba,14,4,53%,381,77%,23,2,0,1,10,2023-06-22,20:02,Coritiba,Internacional,3-1-4-2,4-2-3-1,Internacional,0,1,PR,RS,0,2023
8132,11,Internacional,5,4,47%,364,78%,14,4,0,6,5,2023-06-22,20:02,Coritiba,Internacional,3-1-4-2,4-2-3-1,Internacional,0,1,PR,RS,3,2023
8135,11,Flamengo,7,0,40%,353,73%,5,0,0,2,2,2023-06-22,21:29,Bragantino,Flamengo,3-2-4-1,4-2-3-1,Bragantino,4,0,SP,RJ,0,2023
8135,11,Bragantino,36,13,60%,496,83%,2,0,0,2,17,2023-06-22,21:29,Bragantino,Flamengo,3-2-4-1,4-2-3-1,Bragantino,4,0,SP,RJ,3,2023
8136,12,Athletico-PR,24,6,34%,321,77%,25,5,0,1,5,2023-06-24,15:59,Athletico-PR,Corinthians,3-4-3,4-1-4-1,Athletico-PR,1,0,PR,SP,3,2023
8136,12,Corinthians,12,3,66%,606,87%,11,2,0,1,5,2023-06-24,15:59,Athletico-PR,Corinthians,3-4-3,4-1-4-1,Athletico-PR,1,0,PR,SP,0,2023
8137,12,Fluminense,17,10,48%,443,82%,9,1,1,2,9,2023-06-24,18:30,Fluminense,Bahia,4-2-3-1,4-4-2,Fluminense,2,1,RJ,BA,3,2023
8137,12,Bahia,15,3,52%,468,85%,11,0,0,0,10,2023-06-24,18:30,Fluminense,Bahia,4-2-3-1,4-4-2,Fluminense,2,1,RJ,BA,0,2023
8138,12,Atletico-MG,18,4,59%,591,87%,13,1,1,1,8,2023-06-24,18:30,Fortaleza,Atletico-MG,3-5-2,4-3-3,Fortaleza,2,1,CE,MG,0,2023
8138,12,Fortaleza,9,3,41%,420,84%,10,1,0,1,3,2023-06-24,18:30,Fortaleza,Atletico-MG,3-5-2,4-3-3,Fortaleza,2,1,CE,MG,3,2023
8139,12,Cruzeiro,6,0,30%,264,71%,14,1,0,1,6,2023-06-24,21:00,Cruzeiro,Sao Paulo,4-3-3,4-2-3-1,Cruzeiro,1,0,MG,SP,3,2023
8139,12,Sao Paulo,14,8,70%,615,88%,15,3,0,8,5,2023-06-24,21:00,Cruzeiro,Sao Paulo,4-3-3,4-2-3-1,Cruzeiro,1,0,MG,SP,0,2023
8140,12,Botafogo-RJ,6,2,35%,278,70%,14,3,0,0,1,2023-06-25,16:00,Palmeiras,Botafogo-RJ,4-2-3-1,4-2-3-1,Botafogo-RJ,0,1,SP,RJ,3,2023
8140,12,Palmeiras,15,4,65%,472,81%,17,0,0,4,12,2023-06-25,16:00,Palmeiras,Botafogo-RJ,4-2-3-1,4-2-3-1,Botafogo-RJ,0,1,SP,RJ,0,2023
8141,12,Coritiba,17,7,49%,399,80%,17,4,1,4,5,2023-06-25,16:01,Gremio,Coritiba,4-2-3-1,3-1-4-2,Gremio,5,1,RS,PR,0,2023
8141,12,Gremio,17,8,51%,404,78%,10,2,0,2,8,2023-06-25,16:01,Gremio,Coritiba,4-2-3-1,3-1-4-2,Gremio,5,1,RS,PR,3,2023
8144,12,Bragantino,20,6,61%,469,83%,17,2,0,0,10,2023-06-25,18:29,Bragantino,Goias,3-2-4-1,4-5-1,Bragantino,2,0,SP,GO,3,2023
8144,12,Goias,4,0,39%,317,74%,23,2,0,6,4,2023-06-25,18:29,Bragantino,Goias,3-2-4-1,4-5-1,Bragantino,2,0,SP,GO,0,2023
8142,12,America-MG,15,3,39%,311,74%,25,2,0,0,3,2023-06-25,18:30,America-MG,Internacional,4-3-3,4-2-3-1,Internacional,1,2,MG,RS,0,2023
8142,12,Internacional,8,2,61%,505,84%,6,1,0,1,2,2023-06-25,18:30,America-MG,Internacional,4-3-3,4-2-3-1,Internacional,1,2,MG,RS,3,2023
8143,12,Santos,12,6,32%,347,80%,14,2,0,2,2,2023-06-25,18:30,Santos,Flamengo,4-2-3-1,4-3-3,Flamengo,2,3,SP,RJ,0,2023
8143,12,Flamengo,10,4,68%,716,88%,11,1,0,1,7,2023-06-25,18:30,Santos,Flamengo,4-2-3-1,4-3-3,Flamengo,2,3,SP,RJ,3,2023
8145,12,Vasco,9,2,47%,384,78%,19,6,0,2,4,2023-06-26,21:00,Vasco,Cuiaba,4-3-3,4-3-3,Vasco,1,0,RJ,MT,3,2023
8145,12,Cuiaba,14,3,53%,417,80%,13,3,0,5,6,2023-06-26,21:00,Vasco,Cuiaba,4-3-3,4-3-3,Vasco,1,0,RJ,MT,0,2023
8146,13,Fluminense,4,2,45%,407,82%,7,2,1,1,2,2023-07-01,16:01,Sao Paulo,Fluminense,4-1-2-1-2,4-2-3-1,Sao Paulo,1,0,SP,RJ,0,2023
8146,13,Sao Paulo,21,4,55%,473,84%,16,2,0,2,12,2023-07-01,16:01,Sao Paulo,Fluminense,4-1-2-1-2,4-2-3-1,Sao Paulo,1,0,SP,RJ,3,2023
8147,13,Flamengo,10,4,60%,549,83%,13,2,0,1,5,2023-07-01,18:30,Flamengo,Fortaleza,4-2-2-2,5-3-2,Flamengo,2,0,RJ,CE,3,2023
8147,13,Fortaleza,14,5,40%,361,79%,14,0,0,2,4,2023-07-01,18:30,Flamengo,Fortaleza,4-2-2-2,5-3-2,Flamengo,2,0,RJ,CE,0,2023
8148,13,Gremio,14,7,53%,462,79%,11,2,0,6,2,2023-07-01,18:30,Bahia,Gremio,4-4-2,5-4-1,Gremio,1,2,BA,RS,3,2023
8148,13,Bahia,16,5,47%,402,80%,21,3,0,0,7,2023-07-01,18:30,Bahia,Gremio,4-4-2,5-4-1,Gremio,1,2,BA,RS,0,2023
8149,13,Internacional,15,4,54%,516,85%,12,6,0,1,2,2023-07-01,21:00,Internacional,Cruzeiro,4-2-3-1,4-1-4-1,-,0,0,RS,MG,1,2023
8149,13,Cruzeiro,9,3,46%,440,81%,14,2,1,1,4,2023-07-01,21:00,Internacional,Cruzeiro,4-2-3-1,4-1-4-1,-,0,0,RS,MG,1,2023
8150,13,Corinthians,12,4,40%,367,70%,15,3,0,5,4,2023-07-02,11:00,Corinthians,Bragantino,4-3-3,4-1-2-1-2,Bragantino,0,1,SP,SP,0,2023
8150,13,Bragantino,10,5,60%,545,83%,17,2,0,1,2,2023-07-02,11:00,Corinthians,Bragantino,4-3-3,4-1-2-1-2,Bragantino,0,1,SP,SP,3,2023
8151,13,Botafogo-RJ,16,6,59%,457,83%,10,2,0,0,4,2023-07-02,16:00,Botafogo-RJ,Vasco,4-2-3-1,4-2-3-1,Botafogo-RJ,2,0,RJ,RJ,3,2023
8151,13,Vasco,12,4,41%,330,79%,15,5,0,1,8,2023-07-02,16:00,Botafogo-RJ,Vasco,4-2-3-1,4-2-3-1,Botafogo-RJ,2,0,RJ,RJ,0,2023
8152,13,America-MG,23,6,53%,405,78%,19,2,0,3,7,2023-07-02,16:00,Atletico-MG,America-MG,4-3-3,4-4-2,-,2,2,MG,MG,1,2023
8152,13,Atletico-MG,12,5,47%,367,78%,16,1,1,1,4,2023-07-02,16:00,Atletico-MG,America-MG,4-3-3,4-4-2,-,2,2,MG,MG,1,2023
8153,13,Athletico-PR,27,5,54%,437,83%,20,4,0,1,7,2023-07-02,16:00,Athletico-PR,Palmeiras,3-4-2-1,3-5-2,-,2,2,PR,SP,1,2023
8153,13,Palmeiras,11,5,46%,381,80%,9,0,1,4,2,2023-07-02,16:00,Athletico-PR,Palmeiras,3-4-2-1,3-5-2,-,2,2,PR,SP,1,2023
8154,13,Cuiaba,15,6,48%,362,83%,7,0,0,1,9,2023-07-02,18:32,Cuiaba,Santos,4-3-3,4-2-3-1,Cuiaba,3,0,MT,SP,3,2023
8154,13,Santos,5,2,52%,396,78%,16,2,0,1,5,2023-07-02,18:32,Cuiaba,Santos,4-3-3,4-2-3-1,Cuiaba,3,0,MT,SP,0,2023
8155,13,Goias,18,6,65%,477,81%,20,5,0,1,7,2023-07-03,19:59,Goias,Coritiba,4-2-3-1,4-1-4-1,Coritiba,1,2,GO,PR,0,2023
8155,13,Coritiba,13,8,35%,276,68%,24,8,0,1,2,2023-07-03,19:59,Goias,Coritiba,4-2-3-1,4-1-4-1,Coritiba,1,2,GO,PR,3,2023
8156,14,Bahia,6,2,59%,505,83%,13,3,0,0,5,2023-07-08,15:59,Cuiaba,Bahia,4-3-3,5-4-1,-,1,1,MT,BA,1,2023
8156,14,Cuiaba,10,6,41%,346,74%,12,2,0,9,5,2023-07-08,15:59,Cuiaba,Bahia,4-3-3,5-4-1,-,1,1,MT,BA,1,2023
8157,14,Cruzeiro,7,5,43%,363,76%,18,3,0,1,6,2023-07-08,16:00,Vasco,Cruzeiro,3-4-2-1,4-1-4-1,Cruzeiro,0,1,RJ,MG,3,2023
8157,14,Vasco,9,1,57%,465,82%,7,2,0,3,4,2023-07-08,16:00,Vasco,Cruzeiro,3-4-2-1,4-1-4-1,Cruzeiro,0,1,RJ,MG,0,2023
8158,14,Corinthians,8,2,40%,397,75%,7,2,0,0,2,2023-07-08,18:30,Atletico-MG,Corinthians,4-2-3-1,5-3-2,Corinthians,0,1,MG,SP,3,2023
8158,14,Atletico-MG,26,6,60%,562,84%,15,3,0,0,10,2023-07-08,18:30,Atletico-MG,Corinthians,4-2-3-1,5-3-2,Corinthians,0,1,MG,SP,0,2023
8159,14,Coritiba,14,7,43%,307,70%,16,5,0,2,7,2023-07-08,18:30,Coritiba,America-MG,4-1-4-1,4-5-1,Coritiba,3,1,PR,MG,3,2023
8159,14,America-MG,17,4,57%,405,79%,20,3,0,0,8,2023-07-08,18:30,Coritiba,America-MG,4-1-4-1,4-5-1,Coritiba,3,1,PR,MG,0,2023
8160,14,Palmeiras,11,4,43%,388,81%,13,2,0,5,4,2023-07-08,21:00,Palmeiras,Flamengo,4-2-3-1,4-3-3,-,1,1,SP,RJ,1,2023
8160,14,Flamengo,10,4,57%,517,88%,16,3,0,3,7,2023-07-08,21:00,Palmeiras,Flamengo,4-2-3-1,4-3-3,-,1,1,SP,RJ,1,2023
8161,14,Santos,15,6,34%,266,71%,17,6,1,1,8,2023-07-09,11:00,Santos,Goias,4-2-3-1,4-2-3-1,Santos,4,3,SP,GO,3,2023
8161,14,Goias,19,5,66%,542,85%,19,2,1,4,13,2023-07-09,11:00,Santos,Goias,4-2-3-1,4-2-3-1,Santos,4,3,SP,GO,0,2023
8163,14,Bragantino,26,4,59%,418,75%,16,2,0,0,6,2023-07-09,15:59,Bragantino,Sao Paulo,4-3-3,4-3-3,-,0,0,SP,SP,1,2023
8163,14,Sao Paulo,6,1,41%,295,67%,9,2,0,0,4,2023-07-09,15:59,Bragantino,Sao Paulo,4-3-3,4-3-3,-,0,0,SP,SP,1,2023
8162,14,Internacional,10,0,44%,403,80%,16,3,0,0,4,2023-07-09,16:00,Fluminense,Internacional,4-4-2,4-3-3,Fluminense,2,0,RJ,RS,0,2023
8162,14,Fluminense,14,8,56%,510,85%,18,2,0,3,7,2023-07-09,16:00,Fluminense,Internacional,4-4-2,4-3-3,Fluminense,2,0,RJ,RS,3,2023
8164,14,Fortaleza,20,6,53%,415,81%,9,3,0,7,7,2023-07-09,18:30,Fortaleza,Athletico-PR,3-4-1-2,3-4-2-1,Fortaleza,1,0,CE,PR,3,2023
8164,14,Athletico-PR,10,2,47%,378,79%,18,3,0,0,2,2023-07-09,18:30,Fortaleza,Athletico-PR,3-4-1-2,3-4-2-1,Fortaleza,1,0,CE,PR,0,2023
8165,14,Gremio,22,4,52%,481,80%,8,2,0,1,10,2023-07-09,18:31,Gremio,Botafogo-RJ,3-4-2-1,4-2-3-1,Botafogo-RJ,0,2,RS,RJ,0,2023
8165,14,Botafogo-RJ,15,6,48%,470,83%,13,5,0,1,2,2023-07-09,18:31,Gremio,Botafogo-RJ,3-4-2-1,4-2-3-1,Botafogo-RJ,0,2,RS,RJ,3,2023
8166,15,Botafogo-RJ,10,3,37%,301,66%,16,1,0,1,4,2023-07-15,21:00,Botafogo-RJ,Bragantino,4-2-3-1,4-2-2-2,Botafogo-RJ,2,0,RJ,SP,3,2023
8166,15,Bragantino,17,8,63%,503,81%,11,1,0,3,11,2023-07-15,21:00,Botafogo-RJ,Bragantino,4-2-3-1,4-2-2-2,Botafogo-RJ,2,0,RJ,SP,0,2023
8167,15,Coritiba,14,6,44%,343,74%,11,4,0,5,8,2023-07-16,10:59,Cruzeiro,Coritiba,4-1-4-1,4-1-4-1,-,0,0,MG,PR,1,2023
8167,15,Cruzeiro,13,2,56%,436,80%,14,1,0,1,11,2023-07-16,10:59,Cruzeiro,Coritiba,4-1-4-1,4-1-4-1,-,0,0,MG,PR,1,2023
8168,15,Cuiaba,7,1,31%,242,66%,17,4,0,2,0,2023-07-16,16:00,Fortaleza,Cuiaba,3-4-1-2,4-3-3,Cuiaba,0,1,CE,MT,3,2023
8168,15,Fortaleza,21,6,69%,494,84%,17,5,0,2,10,2023-07-16,16:00,Fortaleza,Cuiaba,3-4-1-2,4-3-3,Cuiaba,0,1,CE,MT,0,2023
8169,15,Fluminense,16,8,54%,448,83%,25,7,0,1,8,2023-07-16,16:00,Fluminense,Flamengo,4-2-3-1,4-2-3-1,-,0,0,RJ,RJ,1,2023
8169,15,Flamengo,8,3,46%,392,80%,20,5,1,1,1,2023-07-16,16:00,Fluminense,Flamengo,4-2-3-1,4-2-3-1,-,0,0,RJ,RJ,1,2023
8170,15,Sao Paulo,24,7,65%,463,84%,21,3,0,2,4,2023-07-16,16:00,Sao Paulo,Santos,4-2-3-1,4-2-3-1,Sao Paulo,4,1,SP,SP,3,2023
8170,15,Santos,8,3,35%,246,72%,16,5,0,2,3,2023-07-16,16:00,Sao Paulo,Santos,4-2-3-1,4-2-3-1,Sao Paulo,4,1,SP,SP,0,2023
8171,15,Athletico-PR,15,7,53%,493,84%,14,2,0,4,5,2023-07-16,18:30,Athletico-PR,Bahia,4-2-3-1,4-2-3-1,Athletico-PR,2,0,PR,BA,3,2023
8171,15,Bahia,8,6,47%,448,82%,9,1,0,0,3,2023-07-16,18:30,Athletico-PR,Bahia,4-2-3-1,4-2-3-1,Athletico-PR,2,0,PR,BA,0,2023
8172,15,Palmeiras,16,5,53%,446,81%,13,3,0,2,7,2023-07-16,18:30,Internacional,Palmeiras,4-2-3-1,4-3-3,-,0,0,RS,SP,1,2023
8172,15,Internacional,9,4,47%,392,80%,18,1,0,1,4,2023-07-16,18:30,Internacional,Palmeiras,4-2-3-1,4-3-3,-,0,0,RS,SP,1,2023
8173,15,Goias,17,3,38%,315,75%,16,5,0,0,6,2023-07-17,19:59,Goias,Atletico-MG,4-5-1,4-2-3-1,-,0,0,GO,MG,1,2023
8173,15,Atletico-MG,6,1,62%,515,82%,14,4,1,0,4,2023-07-17,19:59,Goias,Atletico-MG,4-5-1,4-2-3-1,-,0,0,GO,MG,1,2023
8176,16,Palmeiras,14,7,65%,432,83%,17,3,0,1,4,2023-07-22,16:00,Palmeiras,Fortaleza,4-2-3-1,4-1-4-1,Palmeiras,3,1,SP,CE,3,2023
8176,16,Fortaleza,11,6,35%,241,73%,28,6,0,1,4,2023-07-22,16:00,Palmeiras,Fortaleza,4-2-3-1,4-1-4-1,Palmeiras,3,1,SP,CE,0,2023
8177,16,America-MG,16,4,33%,289,71%,13,4,0,4,7,2023-07-22,16:00,Flamengo,America-MG,4-2-3-1,4-3-3,-,1,1,RJ,MG,1,2023
8177,16,Flamengo,16,7,67%,565,86%,8,2,0,4,12,2023-07-22,16:00,Flamengo,America-MG,4-2-3-1,4-3-3,-,1,1,RJ,MG,1,2023
8178,16,Cuiaba,13,6,28%,212,74%,9,2,0,2,2,2023-07-22,18:30,Cuiaba,Sao Paulo,4-3-3,4-2-3-1,Cuiaba,2,1,MT,SP,3,2023
8178,16,Sao Paulo,12,3,72%,555,88%,17,5,0,0,4,2023-07-22,18:30,Cuiaba,Sao Paulo,4-3-3,4-2-3-1,Cuiaba,2,1,MT,SP,0,2023
8179,16,Corinthians,5,1,40%,333,73%,20,2,0,4,5,2023-07-22,18:31,Bahia,Corinthians,4-3-1-2,3-4-2-1,-,0,0,BA,SP,1,2023
8179,16,Bahia,18,5,60%,482,83%,13,3,0,2,11,2023-07-22,18:31,Bahia,Corinthians,4-3-1-2,3-4-2-1,-,0,0,BA,SP,1,2023
8180,16,Atletico-MG,17,3,62%,563,83%,17,4,0,1,8,2023-07-22,21:00,Gremio,Atletico-MG,3-4-2-1,4-4-1-1,Gremio,1,0,RS,MG,0,2023
8180,16,Gremio,6,2,38%,355,70%,7,3,0,0,3,2023-07-22,21:00,Gremio,Atletico-MG,3-4-2-1,4-4-1-1,Gremio,1,0,RS,MG,3,2023
8181,16,Bragantino,20,4,55%,409,73%,15,3,0,0,13,2023-07-23,16:00,Bragantino,Internacional,4-3-3,4-2-3-1,-,0,0,SP,RS,1,2023
8181,16,Internacional,11,5,45%,359,73%,14,2,0,3,4,2023-07-23,16:00,Bragantino,Internacional,4-3-3,4-2-3-1,-,0,0,SP,RS,1,2023
8183,16,Cruzeiro,16,1,69%,566,83%,8,4,0,2,13,2023-07-23,16:00,Cruzeiro,Goias,4-1-4-1,4-2-3-1,Goias,0,1,MG,GO,0,2023
8183,16,Goias,7,2,31%,260,70%,21,5,0,2,1,2023-07-23,16:00,Cruzeiro,Goias,4-1-4-1,4-2-3-1,Goias,0,1,MG,GO,3,2023
8182,16,Santos,7,2,36%,294,70%,23,3,0,1,2,2023-07-23,16:02,Santos,Botafogo-RJ,4-3-3,4-2-3-1,-,2,2,SP,RJ,1,2023
8182,16,Botafogo-RJ,18,7,64%,502,81%,20,3,0,0,8,2023-07-23,16:02,Santos,Botafogo-RJ,4-3-3,4-2-3-1,-,2,2,SP,RJ,1,2023
8184,16,Vasco,18,2,57%,423,86%,19,2,0,2,8,2023-07-23,18:30,Vasco,Athletico-PR,4-3-3,3-4-2-1,Athletico-PR,0,2,RJ,PR,0,2023
8184,16,Athletico-PR,9,2,43%,338,78%,21,3,1,1,2,2023-07-23,18:30,Vasco,Athletico-PR,4-3-3,3-4-2-1,Athletico-PR,0,2,RJ,PR,3,2023
8185,16,Coritiba,9,5,27%,225,68%,15,2,0,0,7,2023-07-24,19:01,Coritiba,Fluminense,4-1-4-1,4-3-3,Coritiba,2,0,PR,RJ,3,2023
8185,16,Fluminense,15,3,73%,614,88%,7,1,0,1,11,2023-07-24,19:01,Coritiba,Fluminense,4-1-4-1,4-3-3,Coritiba,2,0,PR,RJ,0,2023
8186,17,Fluminense,15,9,72%,576,87%,18,6,0,0,6,2023-07-29,16:00,Fluminense,Santos,4-2-3-1,4-2-3-1,Fluminense,1,0,RJ,SP,3,2023
8186,17,Santos,3,0,28%,221,75%,20,6,0,0,2,2023-07-29,16:00,Fluminense,Santos,4-2-3-1,4-2-3-1,Fluminense,1,0,RJ,SP,0,2023
8187,17,Athletico-PR,15,6,53%,413,82%,16,1,0,1,7,2023-07-29,16:00,Athletico-PR,Cruzeiro,4-3-3,4-3-3,-,3,3,PR,MG,1,2023
8187,17,Cruzeiro,14,5,47%,361,77%,23,4,0,1,5,2023-07-29,16:00,Athletico-PR,Cruzeiro,4-3-3,4-3-3,-,3,3,PR,MG,1,2023
8188,17,Cuiaba,12,5,30%,324,77%,11,2,0,1,5,2023-07-29,16:00,Internacional,Cuiaba,4-1-2-1-2,4-3-3,Cuiaba,1,2,RS,MT,3,2023
8188,17,Internacional,17,4,70%,744,88%,14,3,1,2,7,2023-07-29,16:00,Internacional,Cuiaba,4-1-2-1-2,4-3-3,Cuiaba,1,2,RS,MT,0,2023
8190,17,Fortaleza,10,2,45%,374,73%,16,2,0,5,2,2023-07-29,18:30,Fortaleza,Bragantino,4-2-3-1,3-5-2,Bragantino,0,3,CE,SP,0,2023
8190,17,Bragantino,22,11,55%,432,77%,24,3,0,1,9,2023-07-29,18:30,Fortaleza,Bragantino,4-2-3-1,3-5-2,Bragantino,0,3,CE,SP,3,2023
8189,17,Vasco,23,5,44%,517,88%,11,0,0,0,6,2023-07-29,18:33,Corinthians,Vasco,4-3-3,3-5-2,Corinthians,3,1,SP,RJ,0,2023
8189,17,Corinthians,12,6,56%,648,89%,12,2,0,0,0,2023-07-29,18:33,Corinthians,Vasco,4-3-3,3-5-2,Corinthians,3,1,SP,RJ,3,2023
8191,17,Flamengo,6,5,61%,580,86%,14,5,0,0,2,2023-07-29,21:00,Atletico-MG,Flamengo,4-2-3-1,4-2-3-1,Flamengo,1,2,MG,RJ,3,2023
8191,17,Atletico-MG,20,5,39%,356,80%,21,3,0,1,7,2023-07-29,21:00,Atletico-MG,Flamengo,4-2-3-1,4-2-3-1,Flamengo,1,2,MG,RJ,0,2023
8192,17,Bahia,13,2,37%,327,74%,14,4,0,1,5,2023-07-30,11:02,Sao Paulo,Bahia,4-2-3-1,4-2-3-1,-,0,0,SP,BA,1,2023
8192,17,Sao Paulo,17,11,63%,546,84%,14,0,0,7,10,2023-07-30,11:02,Sao Paulo,Bahia,4-2-3-1,4-2-3-1,-,0,0,SP,BA,1,2023
8193,17,Palmeiras,14,7,52%,438,81%,12,1,0,7,4,2023-07-30,16:00,America-MG,Palmeiras,4-2-3-1,4-2-3-1,Palmeiras,1,4,MG,SP,3,2023
8193,17,America-MG,15,7,48%,411,83%,13,2,0,1,5,2023-07-30,16:00,America-MG,Palmeiras,4-2-3-1,4-2-3-1,Palmeiras,1,4,MG,SP,0,2023
8194,17,Botafogo-RJ,14,7,57%,504,87%,14,1,0,0,7,2023-07-30,16:00,Botafogo-RJ,Coritiba,4-2-3-1,4-1-4-1,Botafogo-RJ,4,1,RJ,PR,3,2023
8194,17,Coritiba,9,5,43%,385,84%,12,3,0,1,3,2023-07-30,16:00,Botafogo-RJ,Coritiba,4-2-3-1,4-1-4-1,Botafogo-RJ,4,1,RJ,PR,0,2023
8195,17,Gremio,9,2,56%,522,84%,11,2,0,1,5,2023-07-30,18:29,Goias,Gremio,4-3-3,3-4-3,-,1,1,GO,RS,1,2023
8195,17,Goias,16,2,44%,415,80%,20,4,0,2,6,2023-07-30,18:29,Goias,Gremio,4-3-3,3-4-3,-,1,1,GO,RS,1,2023
8196,18,Santos,8,3,64%,562,86%,19,3,0,2,3,2023-08-05,16:00,Santos,Athletico-PR,4-3-3,4-2-3-1,-,1,1,SP,PR,1,2023
8196,18,Athletico-PR,3,2,36%,323,78%,27,2,0,2,3,2023-08-05,16:00,Santos,Athletico-PR,4-3-3,4-2-3-1,-,1,1,SP,PR,1,2023
8197,18,Fortaleza,12,6,64%,563,88%,10,3,0,0,2,2023-08-05,18:32,Goias,Fortaleza,4-3-3,4-2-3-1,Goias,1,0,GO,CE,0,2023
8197,18,Goias,9,3,36%,317,76%,15,1,0,2,5,2023-08-05,18:32,Goias,Fortaleza,4-3-3,4-2-3-1,Goias,1,0,GO,CE,3,2023
8198,18,Corinthians,9,3,44%,445,84%,7,3,0,2,4,2023-08-05,18:32,Internacional,Corinthians,4-4-2,4-3-3,-,2,2,RS,SP,1,2023
8198,18,Internacional,15,4,56%,563,86%,18,3,1,0,1,2023-08-05,18:32,Internacional,Corinthians,4-4-2,4-3-3,-,2,2,RS,SP,1,2023
8199,18,Palmeiras,18,5,45%,314,79%,22,2,0,3,8,2023-08-05,21:00,Fluminense,Palmeiras,4-4-2,4-2-3-1,Fluminense,2,1,RJ,SP,0,2023
8199,18,Fluminense,10,5,55%,422,82%,18,4,1,3,0,2023-08-05,21:00,Fluminense,Palmeiras,4-4-2,4-2-3-1,Fluminense,2,1,RJ,SP,3,2023
8200,18,Vasco,11,5,54%,473,82%,19,1,0,1,5,2023-08-06,16:00,Vasco,Gremio,4-1-4-1,4-2-3-1,Vasco,1,0,RJ,RS,3,2023
8200,18,Gremio,12,4,46%,404,76%,17,1,0,1,7,2023-08-06,16:00,Vasco,Gremio,4-1-4-1,4-2-3-1,Vasco,1,0,RJ,RS,0,2023
8201,18,Sao Paulo,19,3,68%,573,87%,16,6,0,6,9,2023-08-06,16:02,Sao Paulo,Atletico-MG,4-2-3-1,4-2-3-1,Atletico-MG,0,2,SP,MG,0,2023
8201,18,Atletico-MG,8,2,32%,276,73%,17,5,0,1,3,2023-08-06,16:02,Sao Paulo,Atletico-MG,4-2-3-1,4-2-3-1,Atletico-MG,0,2,SP,MG,3,2023
8202,18,Coritiba,9,1,51%,335,72%,21,3,0,2,3,2023-08-06,18:30,Coritiba,Bragantino,4-1-4-1,4-3-3,Bragantino,0,1,PR,SP,0,2023
8202,18,Bragantino,11,2,49%,344,69%,22,5,0,0,4,2023-08-06,18:30,Coritiba,Bragantino,4-1-4-1,4-3-3,Bragantino,0,1,PR,SP,3,2023
8204,18,Botafogo-RJ,2,1,32%,279,69%,7,2,0,1,1,2023-08-06,18:30,Cruzeiro,Botafogo-RJ,4-3-3,4-2-3-1,-,0,0,MG,RJ,1,2023
8204,18,Cruzeiro,13,4,68%,563,84%,17,1,0,1,8,2023-08-06,18:30,Cruzeiro,Botafogo-RJ,4-3-3,4-2-3-1,-,0,0,MG,RJ,1,2023
8203,18,Bahia,22,7,67%,468,85%,20,4,0,2,7,2023-08-06,18:31,Bahia,America-MG,4-2-3-1,4-3-3,Bahia,3,1,BA,MG,3,2023
8203,18,America-MG,8,5,33%,233,67%,19,3,1,3,2,2023-08-06,18:31,Bahia,America-MG,4-2-3-1,4-3-3,Bahia,3,1,BA,MG,0,2023
8205,18,Cuiaba,17,6,37%,295,84%,9,2,0,1,10,2023-08-06,20:00,Cuiaba,Flamengo,4-3-3,4-2-3-1,Cuiaba,3,0,MT,RJ,3,2023
8205,18,Flamengo,10,5,63%,525,89%,9,0,0,0,6,2023-08-06,20:00,Cuiaba,Flamengo,4-3-3,4-2-3-1,Cuiaba,3,0,MT,RJ,0,2023
8206,19,Internacional,10,4,49%,482,79%,10,3,0,4,3,2023-08-12,21:01,Botafogo-RJ,Internacional,4-2-3-1,4-2-3-1,Botafogo-RJ,3,1,RJ,RS,0,2023
8206,19,Botafogo-RJ,18,10,51%,481,82%,15,3,0,0,7,2023-08-12,21:01,Botafogo-RJ,Internacional,4-2-3-1,4-2-3-1,Botafogo-RJ,3,1,RJ,RS,3,2023
8207,19,Bahia,14,5,61%,477,85%,12,1,1,1,9,2023-08-13,11:00,Atletico-MG,Bahia,4-2-3-1,4-2-3-1,Atletico-MG,1,0,MG,BA,0,2023
8207,19,Atletico-MG,11,4,39%,317,77%,15,2,0,4,2,2023-08-13,11:00,Atletico-MG,Bahia,4-2-3-1,4-2-3-1,Atletico-MG,1,0,MG,BA,3,2023
8208,19,Goias,9,3,33%,344,74%,12,1,0,1,3,2023-08-13,15:59,America-MG,Goias,4-2-3-1,4-3-3,Goias,0,1,MG,GO,3,2023
8208,19,America-MG,15,2,67%,655,88%,12,0,1,2,7,2023-08-13,15:59,America-MG,Goias,4-2-3-1,4-3-3,Goias,0,1,MG,GO,0,2023
8210,19,Gremio,13,5,28%,285,75%,11,3,0,3,3,2023-08-13,16:00,Gremio,Fluminense,4-4-2,4-2-3-1,Gremio,2,1,RS,RJ,3,2023
8210,19,Fluminense,19,7,72%,712,90%,7,4,0,2,8,2023-08-13,16:00,Gremio,Fluminense,4-4-2,4-2-3-1,Gremio,2,1,RS,RJ,0,2023
8209,19,Corinthians,17,9,54%,529,86%,17,2,0,2,4,2023-08-13,16:01,Corinthians,Coritiba,4-2-3-1,4-1-4-1,Corinthians,3,1,SP,PR,3,2023
8209,19,Coritiba,12,4,46%,447,82%,13,2,0,0,2,2023-08-13,16:01,Corinthians,Coritiba,4-2-3-1,4-1-4-1,Corinthians,3,1,SP,PR,0,2023
8211,19,Fortaleza,25,10,55%,363,80%,19,2,0,1,10,2023-08-13,18:30,Fortaleza,Santos,4-3-3,4-2-3-1,Fortaleza,4,0,CE,SP,3,2023
8211,19,Santos,9,3,45%,305,75%,20,1,0,3,6,2023-08-13,18:30,Fortaleza,Santos,4-3-3,4-2-3-1,Fortaleza,4,0,CE,SP,0,2023
8212,19,Flamengo,19,7,54%,561,87%,13,2,0,3,8,2023-08-13,18:30,Flamengo,Sao Paulo,4-2-3-1,4-2-3-1,-,1,1,RJ,SP,1,2023
8212,19,Sao Paulo,8,1,46%,502,84%,15,6,0,4,2,2023-08-13,18:30,Flamengo,Sao Paulo,4-2-3-1,4-2-3-1,-,1,1,RJ,SP,1,2023
8213,19,Cruzeiro,13,5,47%,396,80%,26,3,0,1,5,2023-08-14,19:01,Palmeiras,Cruzeiro,4-2-3-1,4-2-3-1,Palmeiras,1,0,SP,MG,0,2023
8213,19,Palmeiras,12,4,53%,423,81%,13,2,0,1,3,2023-08-14,19:01,Palmeiras,Cruzeiro,4-2-3-1,4-2-3-1,Palmeiras,1,0,SP,MG,3,2023
8214,19,Vasco,8,4,36%,281,66%,17,5,0,3,6,2023-08-14,21:00,Bragantino,Vasco,4-3-3,4-1-4-1,-,1,1,SP,RJ,1,2023
8214,19,Bragantino,24,7,64%,497,84%,12,3,0,0,7,2023-08-14,21:00,Bragantino,Vasco,4-3-3,4-1-4-1,-,1,1,SP,RJ,1,2023
8215,19,Athletico-PR,12,6,54%,428,80%,22,5,0,1,5,2023-08-15,20:00,Athletico-PR,Cuiaba,4-2-3-1,4-3-3,Athletico-PR,2,0,PR,MT,3,2023
8215,19,Cuiaba,11,1,46%,358,80%,12,3,0,1,3,2023-08-15,20:00,Athletico-PR,Cuiaba,4-2-3-1,4-3-3,Athletico-PR,2,0,PR,MT,0,2023
8217,20,Fortaleza,8,3,23%,201,56%,12,5,0,1,6,2023-08-19,15:59,Internacional,Fortaleza,4-2-3-1,4-2-3-1,Fortaleza,0,1,RS,CE,3,2023
8217,20,Internacional,19,5,77%,656,87%,14,4,0,1,10,2023-08-19,15:59,Internacional,Fortaleza,4-2-3-1,4-2-3-1,Fortaleza,0,1,RS,CE,0,2023
8216,20,Botafogo-RJ,12,1,36%,319,74%,9,2,0,0,2,2023-08-19,16:02,Sao Paulo,Botafogo-RJ,4-2-3-1,4-2-3-1,-,0,0,SP,RJ,1,2023
8216,20,Sao Paulo,13,4,64%,564,85%,12,4,0,7,5,2023-08-19,16:02,Sao Paulo,Botafogo-RJ,4-2-3-1,4-2-3-1,-,0,0,SP,RJ,1,2023
8218,20,Cuiaba,13,3,53%,388,84%,17,2,0,2,9,2023-08-19,18:30,Cuiaba,Palmeiras,4-3-3,4-2-3-1,Palmeiras,0,2,MT,SP,0,2023
8218,20,Palmeiras,18,5,47%,373,81%,18,6,0,1,2,2023-08-19,18:30,Cuiaba,Palmeiras,4-3-3,4-2-3-1,Palmeiras,0,2,MT,SP,3,2023
8219,20,America-MG,13,3,28%,256,75%,12,1,0,0,1,2023-08-19,18:30,Fluminense,America-MG,4-2-3-1,4-3-3,Fluminense,3,1,RJ,MG,0,2023
8219,20,Fluminense,19,5,72%,656,91%,7,1,0,3,7,2023-08-19,18:30,Fluminense,America-MG,4-2-3-1,4-3-3,Fluminense,3,1,RJ,MG,3,2023
8220,20,Corinthians,5,2,54%,480,86%,13,3,0,1,3,2023-08-19,21:00,Cruzeiro,Corinthians,4-2-3-1,4-3-3,-,1,1,MG,SP,1,2023
8220,20,Cruzeiro,19,8,46%,399,83%,17,3,0,1,10,2023-08-19,21:00,Cruzeiro,Corinthians,4-2-3-1,4-3-3,-,1,1,MG,SP,1,2023
8221,20,Atletico-MG,10,5,59%,508,85%,14,3,0,0,7,2023-08-20,11:00,Vasco,Atletico-MG,4-1-4-1,4-2-3-1,Vasco,1,0,RJ,MG,0,2023
8221,20,Vasco,16,3,41%,350,76%,20,6,0,1,3,2023-08-20,11:00,Vasco,Atletico-MG,4-1-4-1,4-2-3-1,Vasco,1,0,RJ,MG,3,2023
8223,20,Bahia,13,5,47%,350,68%,11,2,0,1,4,2023-08-20,16:00,Bahia,Bragantino,4-2-3-1,4-2-3-1,Bahia,4,0,BA,SP,3,2023
8223,20,Bragantino,11,7,53%,384,76%,18,5,0,5,7,2023-08-20,16:00,Bahia,Bragantino,4-2-3-1,4-2-3-1,Bahia,4,0,BA,SP,0,2023
8224,20,Santos,19,7,56%,395,81%,16,6,0,0,9,2023-08-20,16:00,Santos,Gremio,3-4-2-1,4-2-3-1,Santos,2,1,SP,RS,3,2023
8224,20,Gremio,9,3,44%,334,78%,21,4,1,2,4,2023-08-20,16:00,Santos,Gremio,3-4-2-1,4-2-3-1,Santos,2,1,SP,RS,0,2023
8222,20,Coritiba,15,4,37%,298,75%,10,3,0,2,4,2023-08-20,16:01,Coritiba,Flamengo,4-1-4-1,4-2-2-2,Flamengo,2,3,PR,RJ,0,2023
8222,20,Flamengo,17,5,63%,522,84%,10,3,0,0,5,2023-08-20,16:01,Coritiba,Flamengo,4-1-4-1,4-2-2-2,Flamengo,2,3,PR,RJ,3,2023
8225,20,Athletico-PR,14,5,54%,426,83%,16,4,0,2,7,2023-08-21,19:59,Goias,Athletico-PR,4-3-3,3-4-2-1,-,1,1,GO,PR,1,2023
8225,20,Goias,13,3,46%,357,77%,15,2,0,2,4,2023-08-21,19:59,Goias,Athletico-PR,4-3-3,3-4-2-1,-,1,1,GO,PR,1,2023
8226,21,Internacional,5,1,40%,367,81%,20,4,0,3,3,2023-08-26,18:31,Flamengo,Internacional,4-2-3-1,4-3-3,-,0,0,RJ,RS,1,2023
8226,21,Flamengo,8,4,60%,529,85%,13,2,0,2,6,2023-08-26,18:31,Flamengo,Internacional,4-2-3-1,4-3-3,-,0,0,RJ,RS,1,2023
8227,21,Goias,19,5,35%,343,80%,15,1,0,0,6,2023-08-26,21:02,Corinthians,Goias,4-3-3,4-3-3,-,1,1,SP,GO,1,2023
8227,21,Corinthians,20,7,65%,626,89%,16,3,0,0,7,2023-08-26,21:02,Corinthians,Goias,4-3-3,4-3-3,-,1,1,SP,GO,1,2023
8228,21,Cuiaba,6,3,36%,297,63%,14,3,0,0,4,2023-08-27,11:00,Bragantino,Cuiaba,4-2-3-1,4-3-3,Bragantino,2,0,SP,MT,0,2023
8228,21,Bragantino,11,4,64%,520,81%,21,4,0,1,11,2023-08-27,11:00,Bragantino,Cuiaba,4-2-3-1,4-3-3,Bragantino,2,0,SP,MT,3,2023
8229,21,Bahia,19,6,57%,493,81%,10,3,0,3,7,2023-08-27,16:00,Botafogo-RJ,Bahia,4-2-3-1,4-1-4-1,Botafogo-RJ,3,0,RJ,BA,0,2023
8229,21,Botafogo-RJ,10,5,43%,380,75%,14,2,0,1,4,2023-08-27,16:00,Botafogo-RJ,Bahia,4-2-3-1,4-1-4-1,Botafogo-RJ,3,0,RJ,BA,3,2023
8231,21,Sao Paulo,13,5,75%,630,87%,9,1,1,0,6,2023-08-27,16:00,America-MG,Sao Paulo,3-5-2,4-2-3-1,America-MG,2,1,MG,SP,0,2023
8231,21,America-MG,9,4,25%,218,67%,21,5,2,2,4,2023-08-27,16:00,America-MG,Sao Paulo,3-5-2,4-2-3-1,America-MG,2,1,MG,SP,3,2023
8230,21,Atletico-MG,15,6,57%,471,89%,22,5,0,2,5,2023-08-27,16:01,Atletico-MG,Santos,4-2-3-1,4-2-3-1,Atletico-MG,2,0,MG,SP,3,2023
8230,21,Santos,13,0,43%,367,88%,12,2,0,1,2,2023-08-27,16:01,Atletico-MG,Santos,4-2-3-1,4-2-3-1,Atletico-MG,2,0,MG,SP,0,2023
8232,21,Vasco,4,2,45%,427,85%,15,3,0,1,2,2023-08-27,18:30,Palmeiras,Vasco,4-2-3-1,4-1-4-1,Palmeiras,1,0,SP,RJ,0,2023
8232,21,Palmeiras,13,5,55%,513,87%,20,2,0,2,9,2023-08-27,18:30,Palmeiras,Vasco,4-2-3-1,4-1-4-1,Palmeiras,1,0,SP,RJ,3,2023
8233,21,Fortaleza,12,6,53%,419,81%,22,3,0,1,2,2023-08-27,18:30,Fortaleza,Coritiba,4-2-3-1,4-1-4-1,Fortaleza,3,1,CE,PR,3,2023
8233,21,Coritiba,10,2,47%,370,78%,22,6,0,0,3,2023-08-27,18:30,Fortaleza,Coritiba,4-2-3-1,4-1-4-1,Fortaleza,3,1,CE,PR,0,2023
8234,21,Athletico-PR,10,4,28%,226,61%,9,3,1,1,2,2023-08-27,18:30,Athletico-PR,Fluminense,4-2-3-1,3-4-3,-,2,2,PR,RJ,1,2023
8234,21,Fluminense,23,10,72%,571,87%,15,3,0,4,8,2023-08-27,18:30,Athletico-PR,Fluminense,4-2-3-1,3-4-3,-,2,2,PR,RJ,1,2023
8235,21,Cruzeiro,6,1,61%,528,82%,20,3,0,0,5,2023-08-27,18:59,Gremio,Cruzeiro,4-3-1-2,4-2-3-1,Gremio,3,0,RS,MG,0,2023
8235,21,Gremio,10,4,39%,340,71%,12,4,0,5,6,2023-08-27,18:59,Gremio,Cruzeiro,4-3-1-2,4-2-3-1,Gremio,3,0,RS,MG,3,2023
8236,22,Goias,11,2,37%,330,76%,16,1,2,3,5,2023-09-02,15:59,Goias,Internacional,4-3-3,4-2-3-1,-,0,0,GO,RS,1,2023
8236,22,Internacional,11,2,63%,575,86%,13,3,1,2,5,2023-09-02,15:59,Goias,Internacional,4-3-3,4-2-3-1,-,0,0,GO,RS,1,2023
8237,22,Atletico-MG,9,7,48%,435,78%,13,3,0,1,7,2023-09-02,16:00,Athletico-PR,Atletico-MG,4-3-3,4-2-3-1,-,1,1,PR,MG,1,2023
8237,22,Athletico-PR,23,6,52%,445,82%,13,1,1,1,12,2023-09-02,16:00,Athletico-PR,Atletico-MG,4-3-3,4-2-3-1,-,1,1,PR,MG,1,2023
8238,22,Flamengo,12,4,53%,464,86%,8,3,0,2,6,2023-09-02,21:18,Botafogo-RJ,Flamengo,4-2-3-1,4-2-3-1,Flamengo,1,2,RJ,RJ,3,2023
8238,22,Botafogo-RJ,17,7,47%,405,82%,14,3,1,1,12,2023-09-02,21:18,Botafogo-RJ,Flamengo,4-2-3-1,4-2-3-1,Flamengo,1,2,RJ,RJ,0,2023
8239,22,Cuiaba,17,3,59%,553,89%,16,1,0,0,9,2023-09-03,11:00,Gremio,Cuiaba,4-1-2-1-2,3-4-3,Gremio,2,0,RS,MT,0,2023
8239,22,Gremio,11,5,41%,413,80%,18,2,0,3,2,2023-09-03,11:00,Gremio,Cuiaba,4-1-2-1-2,3-4-3,Gremio,2,0,RS,MT,3,2023
8241,22,Fluminense,13,5,65%,535,85%,13,4,0,4,5,2023-09-03,16:00,Fluminense,Fortaleza,4-4-2,4-2-3-1,Fluminense,1,0,RJ,CE,3,2023
8241,22,Fortaleza,20,5,35%,293,76%,16,3,0,2,7,2023-09-03,16:00,Fluminense,Fortaleza,4-4-2,4-2-3-1,Fluminense,1,0,RJ,CE,0,2023
8240,22,Palmeiras,16,4,57%,474,85%,17,2,1,1,11,2023-09-03,16:03,Corinthians,Palmeiras,4-2-3-1,4-2-3-1,-,0,0,SP,SP,1,2023
8240,22,Corinthians,6,2,43%,380,86%,13,1,1,2,2,2023-09-03,16:03,Corinthians,Palmeiras,4-2-3-1,4-2-3-1,-,0,0,SP,SP,1,2023
8242,22,Bahia,11,3,54%,477,81%,22,2,0,2,6,2023-09-03,18:30,Bahia,Vasco,4-1-4-1,4-1-4-1,-,1,1,BA,RJ,1,2023
8242,22,Vasco,6,1,46%,419,78%,17,3,1,2,0,2023-09-03,18:30,Bahia,Vasco,4-1-4-1,4-1-4-1,-,1,1,BA,RJ,1,2023
8243,22,Bragantino,13,5,51%,341,69%,15,5,0,3,5,2023-09-03,18:30,Cruzeiro,Bragantino,4-2-3-1,4-2-3-1,-,0,0,MG,SP,1,2023
8243,22,Cruzeiro,15,3,49%,317,70%,16,1,0,4,8,2023-09-03,18:30,Cruzeiro,Bragantino,4-2-3-1,4-2-3-1,-,0,0,MG,SP,1,2023
8244,22,America-MG,12,7,37%,346,73%,14,1,0,4,3,2023-09-03,18:30,America-MG,Santos,3-5-2,4-2-3-1,America-MG,2,0,MG,SP,3,2023
8244,22,Santos,10,2,63%,587,86%,16,4,1,2,5,2023-09-03,18:30,America-MG,Santos,3-5-2,4-2-3-1,America-MG,2,0,MG,SP,0,2023
8246,23,Athletico-PR,15,9,41%,371,77%,19,2,0,0,2,2023-09-13,21:30,Flamengo,Athletico-PR,3-4-3,4-2-3-1,Athletico-PR,0,3,RJ,PR,3,2023
8246,23,Flamengo,13,5,59%,512,85%,12,2,1,4,8,2023-09-13,21:30,Flamengo,Athletico-PR,3-4-3,4-2-3-1,Athletico-PR,0,3,RJ,PR,0,2023
8247,23,Internacional,15,5,43%,438,82%,17,5,0,0,4,2023-09-13,21:30,Internacional,Sao Paulo,4-2-3-1,4-4-1-1,Internacional,2,1,RS,SP,3,2023
8247,23,Sao Paulo,11,3,57%,574,84%,14,4,0,0,7,2023-09-13,21:30,Internacional,Sao Paulo,4-2-3-1,4-4-1-1,Internacional,2,1,RS,SP,0,2023
8248,23,Santos,12,1,55%,430,78%,8,3,0,2,8,2023-09-14,19:01,Santos,Cruzeiro,4-2-3-1,4-2-3-1,Cruzeiro,0,3,SP,MG,0,2023
8248,23,Cruzeiro,15,7,45%,354,72%,13,2,0,1,9,2023-09-14,19:01,Santos,Cruzeiro,4-2-3-1,4-2-3-1,Cruzeiro,0,3,SP,MG,3,2023
8249,23,Fortaleza,23,6,52%,451,85%,14,1,0,0,6,2023-09-14,19:02,Fortaleza,Corinthians,4-2-3-1,3-4-1-2,Fortaleza,2,1,CE,SP,3,2023
8249,23,Corinthians,6,2,48%,439,82%,17,2,0,1,3,2023-09-14,19:02,Fortaleza,Corinthians,4-2-3-1,3-4-1-2,Fortaleza,2,1,CE,SP,0,2023
8250,23,Bahia,18,10,45%,358,77%,17,1,0,1,2,2023-09-14,20:03,Coritiba,Bahia,4-1-4-1,4-2-3-1,Bahia,2,4,PR,BA,3,2023
8250,23,Coritiba,15,6,55%,430,84%,14,3,0,5,7,2023-09-14,20:03,Coritiba,Bahia,4-1-4-1,4-2-3-1,Bahia,2,4,PR,BA,0,2023
8251,23,Bragantino,16,4,59%,538,83%,21,4,0,3,5,2023-09-14,21:30,Bragantino,Gremio,4-2-3-1,4-1-3-2,Bragantino,2,0,SP,RS,3,2023
8251,23,Gremio,10,4,41%,382,75%,16,2,0,1,1,2023-09-14,21:30,Bragantino,Gremio,4-2-3-1,4-1-3-2,Bragantino,2,0,SP,RS,0,2023
8252,23,Cuiaba,20,8,64%,549,85%,11,1,0,3,9,2023-09-15,20:00,Cuiaba,America-MG,4-3-3,3-5-2,-,2,2,MT,MG,1,2023
8252,23,America-MG,7,3,36%,334,70%,18,4,1,1,1,2023-09-15,20:00,Cuiaba,America-MG,4-3-3,3-5-2,-,2,2,MT,MG,1,2023
8253,23,Goias,8,3,32%,285,71%,19,1,1,5,3,2023-09-15,21:30,Palmeiras,Goias,4-2-3-1,4-3-3,Palmeiras,1,0,SP,GO,0,2023
8253,23,Palmeiras,18,6,68%,555,87%,12,3,0,2,6,2023-09-15,21:30,Palmeiras,Goias,4-2-3-1,4-3-3,Palmeiras,1,0,SP,GO,3,2023
8254,23,Vasco,9,4,28%,240,77%,12,4,0,0,4,2023-09-16,16:00,Vasco,Fluminense,4-5-1,4-4-2,Vasco,4,2,RJ,RJ,3,2023
8254,23,Fluminense,19,8,72%,592,90%,7,1,0,1,11,2023-09-16,16:00,Vasco,Fluminense,4-5-1,4-4-2,Vasco,4,2,RJ,RJ,0,2023
8255,23,Botafogo-RJ,7,0,59%,543,88%,12,1,0,1,3,2023-09-16,21:01,Atletico-MG,Botafogo-RJ,4-2-3-1,4-2-3-1,Atletico-MG,1,0,MG,RJ,0,2023
8255,23,Atletico-MG,13,6,41%,377,81%,15,2,0,4,5,2023-09-16,21:01,Atletico-MG,Botafogo-RJ,4-2-3-1,4-2-3-1,Atletico-MG,1,0,MG,RJ,3,2023
8174,15,Gremio,16,7,45%,431,85%,10,1,0,1,4,2023-09-18,21:01,Corinthians,Gremio,4-1-4-1,4-4-2,-,4,4,SP,RS,1,2023
8174,15,Corinthians,21,8,55%,511,88%,17,1,0,1,6,2023-09-18,21:01,Corinthians,Gremio,4-1-4-1,4-4-2,-,4,4,SP,RS,1,2023
8256,24,Bahia,19,5,63%,543,86%,13,1,0,2,6,2023-09-18,20:03,Bahia,Santos,4-2-3-1,3-4-1-2,Santos,1,2,BA,SP,0,2023
8256,24,Santos,16,7,37%,317,75%,13,2,0,2,8,2023-09-18,20:03,Bahia,Santos,4-2-3-1,3-4-1-2,Santos,1,2,BA,SP,3,2023
8257,24,America-MG,7,2,36%,290,63%,7,1,0,0,2,2023-09-19,21:30,America-MG,Bragantino,3-5-2,4-2-3-1,Bragantino,0,2,MG,SP,0,2023
8257,24,Bragantino,21,6,64%,503,80%,17,2,0,2,14,2023-09-19,21:30,America-MG,Bragantino,3-5-2,4-2-3-1,Bragantino,0,2,MG,SP,3,2023
8258,24,Goias,7,1,34%,304,71%,15,1,0,3,3,2023-09-20,18:59,Goias,Flamengo,4-3-3,4-3-3,-,0,0,GO,RJ,1,2023
8258,24,Flamengo,10,2,66%,589,84%,14,3,0,1,2,2023-09-20,18:59,Goias,Flamengo,4-3-3,4-3-3,-,0,0,GO,RJ,1,2023
8259,24,Fluminense,11,4,60%,568,88%,6,6,0,3,7,2023-09-20,21:30,Fluminense,Cruzeiro,4-4-2,4-2-3-1,Fluminense,1,0,RJ,MG,3,2023
8259,24,Cruzeiro,7,3,40%,382,81%,15,1,0,2,3,2023-09-20,21:30,Fluminense,Cruzeiro,4-4-2,4-2-3-1,Fluminense,1,0,RJ,MG,0,2023
8260,24,Sao Paulo,13,7,74%,658,87%,21,3,0,0,9,2023-09-20,21:31,Sao Paulo,Fortaleza,4-2-3-1,4-2-3-1,Fortaleza,1,2,SP,CE,0,2023
8260,24,Fortaleza,8,4,26%,245,69%,14,6,0,0,0,2023-09-20,21:31,Sao Paulo,Fortaleza,4-2-3-1,4-2-3-1,Fortaleza,1,2,SP,CE,3,2023
8261,24,Coritiba,8,3,46%,412,85%,15,3,0,2,0,2023-09-21,19:00,Vasco,Coritiba,4-3-3,4-4-2,Vasco,5,1,RJ,PR,0,2023
8261,24,Vasco,19,12,54%,465,86%,10,1,0,1,6,2023-09-21,19:00,Vasco,Coritiba,4-3-3,4-4-2,Vasco,5,1,RJ,PR,3,2023
8262,24,Internacional,13,4,57%,457,82%,17,5,0,1,5,2023-09-21,19:30,Athletico-PR,Internacional,4-2-3-1,4-1-2-1-2,Athletico-PR,2,1,PR,RS,0,2023
8262,24,Athletico-PR,15,6,43%,353,79%,12,3,0,1,7,2023-09-21,19:30,Athletico-PR,Internacional,4-2-3-1,4-1-2-1-2,Athletico-PR,2,1,PR,RS,3,2023
8263,24,Palmeiras,18,4,66%,420,84%,14,3,0,3,11,2023-09-21,21:31,Gremio,Palmeiras,4-1-3-2,4-2-3-1,Gremio,1,0,RS,SP,0,2023
8263,24,Gremio,7,2,34%,236,67%,15,3,1,1,2,2023-09-21,21:31,Gremio,Palmeiras,4-1-3-2,4-2-3-1,Gremio,1,0,RS,SP,3,2023
8264,24,Botafogo-RJ,9,2,33%,342,78%,8,4,1,1,1,2023-09-22,20:02,Corinthians,Botafogo-RJ,4-2-3-1,4-2-3-1,Corinthians,1,0,SP,RJ,0,2023
8264,24,Corinthians,19,5,67%,668,89%,18,4,0,2,6,2023-09-22,20:02,Corinthians,Botafogo-RJ,4-2-3-1,4-2-3-1,Corinthians,1,0,SP,RJ,3,2023
8265,24,Cuiaba,9,3,35%,311,80%,14,3,0,1,3,2023-09-23,21:00,Atletico-MG,Cuiaba,4-2-3-1,4-3-3,Atletico-MG,1,0,MG,MT,0,2023
8265,24,Atletico-MG,7,3,65%,582,87%,15,3,0,3,6,2023-09-23,21:00,Atletico-MG,Cuiaba,4-2-3-1,4-3-3,Atletico-MG,1,0,MG,MT,3,2023
8175,15,Vasco,15,3,67%,572,87%,15,2,0,2,8,2023-09-25,20:00,America-MG,Vasco,3-4-1-2,4-3-3,Vasco,0,1,MG,RJ,3,2023
8175,15,America-MG,18,8,33%,301,74%,16,3,2,1,3,2023-09-25,20:00,America-MG,Vasco,3-4-1-2,4-3-3,Vasco,0,1,MG,RJ,0,2023
8245,22,Sao Paulo,14,6,64%,553,85%,12,2,0,2,4,2023-09-27,19:00,Sao Paulo,Coritiba,4-2-3-1,4-1-4-1,Sao Paulo,2,1,SP,PR,3,2023
8245,22,Coritiba,7,2,36%,314,77%,12,3,0,0,3,2023-09-27,19:00,Sao Paulo,Coritiba,4-2-3-1,4-1-4-1,Sao Paulo,2,1,SP,PR,0,2023
8266,25,Flamengo,15,5,67%,535,86%,11,1,0,1,12,2023-09-30,16:00,Flamengo,Bahia,4-2-3-1,4-2-3-1,Flamengo,1,0,RJ,BA,3,2023
8266,25,Bahia,6,4,33%,272,73%,13,2,1,3,2,2023-09-30,16:00,Flamengo,Bahia,4-2-3-1,4-2-3-1,Flamengo,1,0,RJ,BA,0,2023
8267,25,Gremio,15,3,49%,466,84%,12,2,0,1,7,2023-09-30,16:00,Fortaleza,Gremio,4-2-3-1,4-3-3,-,1,1,CE,RS,1,2023
8267,25,Fortaleza,18,6,51%,482,86%,10,1,0,1,3,2023-09-30,16:00,Fortaleza,Gremio,4-2-3-1,4-3-3,-,1,1,CE,RS,1,2023
8268,25,Sao Paulo,22,8,54%,470,89%,14,5,0,2,11,2023-09-30,18:30,Sao Paulo,Corinthians,4-2-3-1,4-2-3-1,Sao Paulo,2,1,SP,SP,3,2023
8268,25,Corinthians,6,2,46%,404,86%,14,2,0,1,4,2023-09-30,18:30,Sao Paulo,Corinthians,4-2-3-1,4-2-3-1,Sao Paulo,2,1,SP,SP,0,2023
8269,25,Fluminense,7,2,40%,371,86%,12,2,1,3,0,2023-09-30,18:30,Cuiaba,Fluminense,4-3-3,5-4-1,Cuiaba,3,0,MT,RJ,0,2023
8269,25,Cuiaba,17,6,60%,538,89%,18,3,0,2,7,2023-09-30,18:30,Cuiaba,Fluminense,4-3-3,5-4-1,Cuiaba,3,0,MT,RJ,3,2023
8270,25,Atletico-MG,8,5,36%,323,77%,11,1,0,1,4,2023-09-30,21:00,Internacional,Atletico-MG,4-3-1-2,4-2-3-1,Atletico-MG,0,2,RS,MG,3,2023
8270,25,Internacional,15,4,64%,570,87%,17,1,1,0,4,2023-09-30,21:00,Internacional,Atletico-MG,4-3-1-2,4-2-3-1,Atletico-MG,0,2,RS,MG,0,2023
8271,25,America-MG,18,7,40%,343,75%,10,3,0,1,7,2023-10-01,16:00,Cruzeiro,America-MG,4-2-3-1,5-4-1,-,1,1,MG,MG,1,2023
8271,25,Cruzeiro,17,2,60%,525,84%,15,3,1,2,9,2023-10-01,16:00,Cruzeiro,America-MG,4-2-3-1,5-4-1,-,1,1,MG,MG,1,2023
8273,25,Santos,17,5,35%,292,79%,19,5,2,4,5,2023-10-01,16:00,Santos,Vasco,3-4-1-2,4-3-3,Santos,4,1,SP,RJ,3,2023
8273,25,Vasco,13,5,65%,545,87%,12,1,1,2,11,2023-10-01,16:00,Santos,Vasco,3-4-1-2,4-3-3,Santos,4,1,SP,RJ,0,2023
8272,25,Coritiba,7,3,35%,249,75%,21,2,0,3,2,2023-10-01,16:01,Coritiba,Athletico-PR,4-1-4-1,4-2-3-1,Coritiba,2,0,PR,PR,3,2023
8272,25,Athletico-PR,11,5,65%,441,83%,12,4,0,2,11,2023-10-01,16:01,Coritiba,Athletico-PR,4-1-4-1,4-2-3-1,Coritiba,2,0,PR,PR,0,2023
8274,25,Bragantino,22,8,68%,529,85%,14,4,0,0,6,2023-10-01,18:29,Bragantino,Palmeiras,4-2-3-1,4-2-3-1,Bragantino,2,1,SP,SP,3,2023
8274,25,Palmeiras,10,3,32%,256,65%,20,2,0,3,4,2023-10-01,18:29,Bragantino,Palmeiras,4-2-3-1,4-2-3-1,Bragantino,2,1,SP,SP,0,2023
8275,25,Goias,8,3,39%,350,76%,16,4,0,2,3,2023-10-02,20:00,Botafogo-RJ,Goias,4-2-3-1,4-3-3,-,1,1,RJ,GO,1,2023
8275,25,Botafogo-RJ,18,6,61%,501,84%,18,4,0,1,8,2023-10-02,20:00,Botafogo-RJ,Goias,4-2-3-1,4-3-3,-,1,1,RJ,GO,1,2023
8276,26,Goias,22,7,63%,481,84%,8,2,0,2,6,2023-10-07,16:01,Goias,Bahia,3-4-3,4-4-2,Bahia,4,6,GO,BA,0,2023
8276,26,Bahia,13,9,37%,290,74%,6,2,0,1,4,2023-10-07,16:01,Goias,Bahia,3-4-3,4-4-2,Bahia,4,6,GO,BA,3,2023
8277,26,Sao Paulo,12,4,62%,562,88%,7,1,0,1,3,2023-10-07,18:32,Vasco,Sao Paulo,4-3-3,4-2-3-1,-,0,0,RJ,SP,1,2023
8277,26,Vasco,11,2,38%,335,82%,15,4,0,3,7,2023-10-07,18:32,Vasco,Sao Paulo,4-3-3,4-2-3-1,-,0,0,RJ,SP,1,2023
8278,26,Flamengo,20,7,58%,515,85%,13,3,0,0,8,2023-10-07,20:59,Corinthians,Flamengo,4-2-3-1,4-2-3-1,-,1,1,SP,RJ,1,2023
8278,26,Corinthians,14,5,42%,368,80%,5,3,0,2,2,2023-10-07,20:59,Corinthians,Flamengo,4-2-3-1,4-2-3-1,-,1,1,SP,RJ,1,2023
8279,26,Internacional,16,7,45%,383,77%,15,6,0,5,4,2023-10-08,16:00,Internacional,Gremio,4-2-3-1,4-3-3,Internacional,3,2,RS,RS,3,2023
8279,26,Gremio,7,2,55%,446,82%,9,4,0,4,1,2023-10-08,16:00,Internacional,Gremio,4-2-3-1,4-3-3,Internacional,3,2,RS,RS,0,2023
8281,26,Fluminense,19,5,67%,612,87%,15,2,0,3,3,2023-10-08,16:00,Fluminense,Botafogo-RJ,4-1-3-2,4-2-3-1,Botafogo-RJ,0,2,RJ,RJ,0,2023
8281,26,Botafogo-RJ,12,5,33%,304,77%,14,2,0,1,2,2023-10-08,16:00,Fluminense,Botafogo-RJ,4-1-3-2,4-2-3-1,Botafogo-RJ,0,2,RJ,RJ,3,2023
8280,26,Palmeiras,26,6,70%,506,88%,8,2,0,7,6,2023-10-08,16:01,Palmeiras,Santos,4-2-3-1,3-5-2,Santos,1,2,SP,SP,0,2023
8280,26,Santos,12,10,30%,228,68%,11,3,0,1,2,2023-10-08,16:01,Palmeiras,Santos,4-2-3-1,3-5-2,Santos,1,2,SP,SP,3,2023
8282,26,Bragantino,12,3,57%,429,77%,15,4,0,0,7,2023-10-08,18:30,Athletico-PR,Bragantino,3-4-3,4-2-3-1,-,1,1,PR,SP,1,2023
8282,26,Athletico-PR,23,6,43%,323,71%,15,2,0,6,8,2023-10-08,18:30,Athletico-PR,Bragantino,3-4-3,4-2-3-1,-,1,1,PR,SP,1,2023
8283,26,Coritiba,9,4,37%,355,76%,7,2,0,1,5,2023-10-08,18:30,Atletico-MG,Coritiba,4-2-3-1,4-1-4-1,Coritiba,1,2,MG,PR,3,2023
8283,26,Atletico-MG,13,3,63%,587,84%,12,2,0,1,2,2023-10-08,18:30,Atletico-MG,Coritiba,4-2-3-1,4-1-4-1,Coritiba,1,2,MG,PR,0,2023
8284,26,Fortaleza,18,5,60%,491,85%,11,2,0,3,8,2023-10-08,18:30,Fortaleza,America-MG,4-2-3-1,3-4-2-1,Fortaleza,3,2,CE,MG,3,2023
8284,26,America-MG,15,3,40%,351,76%,12,1,0,2,2,2023-10-08,18:30,Fortaleza,America-MG,4-2-3-1,3-4-2-1,Fortaleza,3,2,CE,MG,0,2023
8285,26,Cuiaba,10,2,48%,407,83%,9,0,0,3,5,2023-10-14,21:00,Cuiaba,Cruzeiro,4-3-3,4-3-3,-,0,0,MT,MG,1,2023
8285,26,Cruzeiro,8,2,52%,440,84%,20,3,0,1,5,2023-10-14,21:00,Cuiaba,Cruzeiro,4-3-3,4-3-3,-,0,0,MT,MG,1,2023
8286,27,Gremio,11,5,52%,469,79%,9,2,1,1,4,2023-10-18,19:00,Gremio,Athletico-PR,4-2-3-1,3-4-3,Athletico-PR,1,2,RS,PR,0,2023
8286,27,Athletico-PR,20,7,48%,440,79%,13,6,0,1,8,2023-10-18,19:00,Gremio,Athletico-PR,4-2-3-1,3-4-3,Athletico-PR,1,2,RS,PR,3,2023
8287,27,Coritiba,19,3,64%,516,81%,14,0,0,2,4,2023-10-18,20:00,Coritiba,Cuiaba,4-1-4-1,4-3-3,Cuiaba,0,3,PR,MT,0,2023
8287,27,Cuiaba,8,6,36%,306,71%,11,2,0,2,4,2023-10-18,20:00,Coritiba,Cuiaba,4-1-4-1,4-3-3,Cuiaba,0,3,PR,MT,3,2023
8288,27,America-MG,24,7,47%,380,78%,6,1,0,4,12,2023-10-18,20:00,America-MG,Botafogo-RJ,5-3-2,4-2-3-1,Botafogo-RJ,1,2,MG,RJ,0,2023
8288,27,Botafogo-RJ,6,2,53%,460,81%,15,1,0,0,1,2023-10-18,20:00,America-MG,Botafogo-RJ,5-3-2,4-2-3-1,Botafogo-RJ,1,2,MG,RJ,3,2023
8289,27,Goias,7,3,25%,231,64%,18,4,0,0,6,2023-10-18,21:30,Goias,Sao Paulo,4-3-3,4-2-3-1,Goias,2,0,GO,SP,3,2023
8289,27,Sao Paulo,8,3,75%,699,89%,15,3,0,0,3,2023-10-18,21:30,Goias,Sao Paulo,4-3-3,4-2-3-1,Goias,2,0,GO,SP,0,2023
8291,27,Vasco,18,8,48%,383,80%,7,3,0,1,6,2023-10-18,21:30,Vasco,Fortaleza,4-3-3,4-2-3-1,Vasco,1,0,RJ,CE,3,2023
8291,27,Fortaleza,12,4,52%,406,82%,9,2,0,1,6,2023-10-18,21:30,Vasco,Fortaleza,4-3-3,4-2-3-1,Vasco,1,0,RJ,CE,0,2023
8290,27,Internacional,12,1,54%,442,79%,13,1,1,0,3,2023-10-18,21:31,Bahia,Internacional,4-2-3-1,4-4-2,Bahia,1,0,BA,RS,0,2023
8290,27,Bahia,14,4,46%,378,76%,14,1,0,4,5,2023-10-18,21:31,Bahia,Internacional,4-2-3-1,4-4-2,Bahia,1,0,BA,RS,3,2023
8293,27,Cruzeiro,12,5,42%,370,81%,20,3,0,3,9,2023-10-19,19:00,Cruzeiro,Flamengo,4-2-3-1,4-3-3,Flamengo,0,2,MG,RJ,0,2023
8293,27,Flamengo,9,2,58%,513,85%,11,2,0,1,3,2023-10-19,19:00,Cruzeiro,Flamengo,4-2-3-1,4-3-3,Flamengo,0,2,MG,RJ,3,2023
8292,27,Atletico-MG,13,3,44%,386,75%,19,3,0,2,2,2023-10-19,19:01,Palmeiras,Atletico-MG,4-2-3-1,4-4-2,Atletico-MG,0,2,SP,MG,3,2023
8292,27,Palmeiras,12,4,56%,461,82%,17,6,0,2,7,2023-10-19,19:01,Palmeiras,Atletico-MG,4-2-3-1,4-4-2,Atletico-MG,0,2,SP,MG,0,2023
8294,27,Santos,26,7,37%,362,71%,8,4,0,5,5,2023-10-19,20:00,Santos,Bragantino,3-5-2,4-3-3,Bragantino,1,3,SP,SP,0,2023
8294,27,Bragantino,15,9,63%,624,82%,8,1,0,0,4,2023-10-19,20:00,Santos,Bragantino,3-5-2,4-3-3,Bragantino,1,3,SP,SP,3,2023
8295,27,Fluminense,24,10,76%,690,91%,15,3,2,2,15,2023-10-19,21:30,Fluminense,Corinthians,4-2-3-1,4-1-4-1,-,3,3,RJ,SP,1,2023
8295,27,Corinthians,7,3,24%,234,74%,15,3,0,2,1,2023-10-19,21:30,Fluminense,Corinthians,4-2-3-1,4-1-4-1,-,3,3,RJ,SP,1,2023
8296,28,Goias,10,3,39%,329,79%,17,3,0,5,2,2023-10-21,18:30,Cuiaba,Goias,4-3-3,4-3-3,-,1,1,MT,GO,1,2023
8296,28,Cuiaba,16,5,61%,459,86%,13,1,0,4,13,2023-10-21,18:30,Cuiaba,Goias,4-3-3,4-3-3,-,1,1,MT,GO,1,2023
8297,28,Sao Paulo,20,8,58%,456,83%,24,1,0,1,6,2023-10-21,18:31,Sao Paulo,Gremio,4-2-3-1,5-3-2,Sao Paulo,3,0,SP,RS,3,2023
8297,28,Gremio,3,2,42%,334,71%,17,3,0,2,3,2023-10-21,18:31,Sao Paulo,Gremio,4-2-3-1,5-3-2,Sao Paulo,3,0,SP,RS,0,2023
8298,28,Bahia,16,3,48%,351,80%,23,6,0,0,7,2023-10-21,18:32,Bahia,Fortaleza,4-4-2,4-2-3-1,Bahia,2,0,BA,CE,3,2023
8298,28,Fortaleza,10,5,52%,376,82%,13,4,0,5,2,2023-10-21,18:32,Bahia,Fortaleza,4-4-2,4-2-3-1,Bahia,2,0,BA,CE,0,2023
8300,28,Atletico-MG,9,1,55%,418,82%,24,3,0,0,1,2023-10-22,16:00,Atletico-MG,Cruzeiro,4-4-2,4-3-3,Cruzeiro,0,1,MG,MG,0,2023
8300,28,Cruzeiro,14,4,45%,355,79%,15,3,0,3,7,2023-10-22,16:00,Atletico-MG,Cruzeiro,4-4-2,4-3-3,Cruzeiro,0,1,MG,MG,3,2023
8301,28,Flamengo,10,5,47%,394,82%,10,1,0,1,7,2023-10-22,16:00,Flamengo,Vasco,4-2-3-1,4-1-4-1,Flamengo,1,0,RJ,RJ,3,2023
8301,28,Vasco,17,7,53%,429,82%,15,2,0,1,8,2023-10-22,16:00,Flamengo,Vasco,4-2-3-1,4-1-4-1,Flamengo,1,0,RJ,RJ,0,2023
8302,28,Santos,9,3,49%,422,85%,9,1,0,0,6,2023-10-22,16:00,Internacional,Santos,4-2-3-1,3-4-1-2,Internacional,7,1,RS,SP,0,2023
8302,28,Internacional,13,7,51%,455,87%,18,1,0,2,3,2023-10-22,16:00,Internacional,Santos,4-2-3-1,3-4-1-2,Internacional,7,1,RS,SP,3,2023
8303,28,Fluminense,12,5,59%,511,83%,13,2,0,3,3,2023-10-22,18:30,Bragantino,Fluminense,4-2-3-1,4-2-3-1,Bragantino,1,0,SP,RJ,0,2023
8303,28,Bragantino,21,2,41%,363,82%,17,3,0,0,7,2023-10-22,18:30,Bragantino,Fluminense,4-2-3-1,4-2-3-1,Bragantino,1,0,SP,RJ,3,2023
8305,28,Corinthians,20,6,71%,644,86%,15,2,0,1,4,2023-10-22,18:30,Corinthians,America-MG,4-1-4-1,5-3-2,-,1,1,SP,MG,1,2023
8305,28,America-MG,13,4,29%,270,74%,13,3,0,0,4,2023-10-22,18:30,Corinthians,America-MG,4-1-4-1,5-3-2,-,1,1,SP,MG,1,2023
8304,28,Palmeiras,19,6,54%,451,79%,18,1,0,2,6,2023-10-22,18:31,Coritiba,Palmeiras,4-1-4-1,3-4-1-2,Palmeiras,0,2,PR,SP,3,2023
8304,28,Coritiba,13,3,46%,392,79%,13,1,0,2,3,2023-10-22,18:31,Coritiba,Palmeiras,4-1-4-1,3-4-1-2,Palmeiras,0,2,PR,SP,0,2023
8299,28,Athletico-PR,10,2,39%,366,77%,12,1,0,4,3,2023-10-22,21:00,Botafogo-RJ,Athletico-PR,4-2-3-1,3-4-2-1,-,1,1,RJ,PR,1,2023
8299,28,Botafogo-RJ,10,5,61%,563,86%,11,2,0,1,6,2023-10-22,21:00,Botafogo-RJ,Athletico-PR,4-2-3-1,3-4-2-1,-,1,1,RJ,PR,1,2023
8306,29,Atletico-MG,9,5,42%,311,69%,13,4,0,4,5,2023-10-25,19:00,Bragantino,Atletico-MG,4-3-3,4-4-2,Atletico-MG,1,2,SP,MG,3,2023
8306,29,Bragantino,13,3,58%,410,80%,13,2,0,1,17,2023-10-25,19:00,Bragantino,Atletico-MG,4-3-3,4-4-2,Atletico-MG,1,2,SP,MG,0,2023
8307,29,America-MG,12,6,42%,355,71%,14,1,0,0,5,2023-10-25,19:00,Athletico-PR,America-MG,3-4-3,5-3-2,Athletico-PR,3,2,PR,MG,0,2023
8307,29,Athletico-PR,22,8,58%,478,81%,14,0,0,3,14,2023-10-25,19:00,Athletico-PR,America-MG,3-4-3,5-3-2,Athletico-PR,3,2,PR,MG,3,2023
8308,29,Fluminense,20,8,66%,619,88%,14,4,0,3,6,2023-10-25,19:00,Fluminense,Goias,4-2-3-1,4-3-3,Fluminense,5,3,RJ,GO,3,2023
8308,29,Goias,9,4,34%,323,81%,21,2,0,1,1,2023-10-25,19:00,Fluminense,Goias,4-2-3-1,4-3-3,Fluminense,5,3,RJ,GO,0,2023
8310,29,Palmeiras,12,8,46%,361,84%,15,3,0,3,5,2023-10-25,19:59,Palmeiras,Sao Paulo,4-3-1-2,4-2-3-1,Palmeiras,5,0,SP,SP,3,2023
8310,29,Sao Paulo,3,0,54%,421,85%,16,2,1,2,0,2023-10-25,19:59,Palmeiras,Sao Paulo,4-3-1-2,4-2-3-1,Palmeiras,5,0,SP,SP,0,2023
8309,29,Cruzeiro,14,5,39%,349,81%,11,2,0,1,1,2023-10-25,20:00,Cruzeiro,Bahia,4-3-3,4-2-3-1,Cruzeiro,3,0,MG,BA,3,2023
8309,29,Bahia,6,0,61%,544,88%,10,2,0,1,2,2023-10-25,20:00,Cruzeiro,Bahia,4-3-3,4-2-3-1,Cruzeiro,3,0,MG,BA,0,2023
8311,29,Gremio,11,4,37%,357,78%,14,3,0,0,6,2023-10-25,21:30,Gremio,Flamengo,3-4-2-1,4-2-3-1,Gremio,3,2,RS,RJ,3,2023
8311,29,Flamengo,8,4,63%,632,87%,16,4,0,0,1,2023-10-25,21:30,Gremio,Flamengo,3-4-2-1,4-2-3-1,Gremio,3,2,RS,RJ,0,2023
8312,29,Corinthians,9,5,51%,500,84%,13,3,0,0,5,2023-10-25,21:30,Cuiaba,Corinthians,4-3-3,4-2-3-1,Corinthians,0,1,MT,SP,3,2023
8312,29,Cuiaba,18,2,49%,459,83%,11,1,0,2,6,2023-10-25,21:30,Cuiaba,Corinthians,4-3-3,4-2-3-1,Corinthians,0,1,MT,SP,0,2023
8313,29,Internacional,9,5,47%,460,87%,14,4,0,3,1,2023-10-26,19:00,Vasco,Internacional,4-1-4-1,4-4-2,Internacional,1,2,RJ,RS,3,2023
8313,29,Vasco,15,6,53%,481,88%,17,1,2,1,7,2023-10-26,19:00,Vasco,Internacional,4-1-4-1,4-4-2,Internacional,1,2,RJ,RS,0,2023
8314,29,Coritiba,3,2,36%,287,67%,21,3,1,2,2,2023-10-26,21:30,Santos,Coritiba,3-4-2-1,4-1-4-1,Santos,2,1,SP,PR,0,2023
8314,29,Santos,24,6,64%,480,83%,15,2,0,1,11,2023-10-26,21:30,Santos,Coritiba,3-4-2-1,4-1-4-1,Santos,2,1,SP,PR,3,2023
8317,30,Gremio,17,11,57%,541,83%,5,2,0,1,7,2023-10-28,18:59,America-MG,Gremio,3-5-2,4-3-3,Gremio,3,4,MG,RS,3,2023
8317,30,America-MG,15,6,43%,403,78%,11,0,0,1,5,2023-10-28,18:59,America-MG,Gremio,3-5-2,4-3-3,Gremio,3,4,MG,RS,0,2023
8316,30,Bahia,5,1,37%,305,72%,17,2,1,0,1,2023-10-28,19:00,Palmeiras,Bahia,4-3-1-2,3-4-2-1,Palmeiras,1,0,SP,BA,0,2023
8316,30,Palmeiras,26,9,63%,510,86%,15,1,0,5,6,2023-10-28,19:00,Palmeiras,Bahia,4-3-1-2,3-4-2-1,Palmeiras,1,0,SP,BA,3,2023
8318,30,Fluminense,11,3,54%,452,86%,11,1,0,2,4,2023-10-28,22:00,Atletico-MG,Fluminense,4-4-2,5-4-1,Atletico-MG,2,0,MG,RJ,0,2023
8318,30,Atletico-MG,18,3,46%,392,81%,15,2,0,2,9,2023-10-28,22:00,Atletico-MG,Fluminense,4-4-2,5-4-1,Atletico-MG,2,0,MG,RJ,3,2023
8319,30,Athletico-PR,16,5,42%,340,81%,13,1,0,3,4,2023-10-29,16:00,Athletico-PR,Sao Paulo,3-4-2-1,4-2-3-1,-,1,1,PR,SP,1,2023
8319,30,Sao Paulo,5,2,58%,482,84%,12,5,0,0,3,2023-10-29,16:00,Athletico-PR,Sao Paulo,3-4-2-1,4-2-3-1,-,1,1,PR,SP,1,2023
8320,30,Goias,18,6,44%,322,77%,17,2,0,0,7,2023-10-29,16:00,Goias,Vasco,4-4-2,4-1-4-1,-,1,1,GO,RJ,1,2023
8320,30,Vasco,5,2,56%,427,84%,12,3,1,1,2,2023-10-29,16:00,Goias,Vasco,4-4-2,4-1-4-1,-,1,1,GO,RJ,1,2023
8321,30,Coritiba,12,7,38%,288,76%,18,5,0,1,1,2023-10-29,18:30,Internacional,Coritiba,4-2-3-1,4-2-3-1,Coritiba,3,4,RS,PR,3,2023
8321,30,Internacional,18,10,62%,457,85%,13,7,1,0,5,2023-10-29,18:30,Internacional,Coritiba,4-2-3-1,4-2-3-1,Coritiba,3,4,RS,PR,0,2023
8322,30,Corinthians,17,7,62%,446,80%,22,6,0,3,10,2023-10-29,18:33,Corinthians,Santos,4-2-3-1,3-4-2-1,-,1,1,SP,SP,1,2023
8322,30,Santos,10,3,38%,289,71%,14,2,0,1,3,2023-10-29,18:33,Corinthians,Santos,4-2-3-1,3-4-2-1,-,1,1,SP,SP,1,2023
8323,30,Botafogo-RJ,32,9,68%,577,88%,12,1,0,2,7,2023-10-29,20:01,Botafogo-RJ,Cuiaba,4-2-3-1,4-3-3,Cuiaba,0,1,RJ,MT,0,2023
8323,30,Cuiaba,6,1,32%,290,74%,17,5,0,4,2,2023-10-29,20:01,Botafogo-RJ,Cuiaba,4-2-3-1,4-3-3,Cuiaba,0,1,RJ,MT,3,2023
8326,31,Fluminense,17,4,56%,506,82%,16,3,0,1,4,2023-10-31,19:02,Bahia,Fluminense,4-4-2,4-4-2,Bahia,1,0,BA,RJ,0,2023
8326,31,Bahia,8,5,44%,405,78%,15,2,0,1,2,2023-10-31,19:02,Bahia,Fluminense,4-4-2,4-4-2,Bahia,1,0,BA,RJ,3,2023
8327,31,America-MG,11,2,43%,395,76%,14,2,0,2,5,2023-11-01,19:00,Internacional,America-MG,4-2-3-1,3-5-2,-,1,1,RS,MG,1,2023
8327,31,Internacional,15,4,57%,514,81%,15,0,0,0,3,2023-11-01,19:00,Internacional,America-MG,4-2-3-1,3-5-2,-,1,1,RS,MG,1,2023
8328,31,Corinthians,12,4,44%,423,80%,4,1,0,2,1,2023-11-01,19:01,Corinthians,Athletico-PR,4-2-3-1,3-4-2-1,Corinthians,1,0,SP,PR,3,2023
8328,31,Athletico-PR,19,3,56%,518,81%,11,2,0,2,7,2023-11-01,19:01,Corinthians,Athletico-PR,4-2-3-1,3-4-2-1,Corinthians,1,0,SP,PR,0,2023
8330,31,Santos,15,5,39%,336,81%,16,1,1,2,6,2023-11-01,20:00,Flamengo,Santos,4-2-3-1,4-1-2-1-2,Santos,1,2,RJ,SP,3,2023
8330,31,Flamengo,8,4,61%,529,86%,13,2,2,0,1,2023-11-01,20:00,Flamengo,Santos,4-2-3-1,4-1-2-1-2,Santos,1,2,RJ,SP,0,2023
8329,31,Coritiba,13,2,52%,426,79%,11,1,1,0,6,2023-11-01,20:01,Coritiba,Gremio,4-1-4-1,3-4-1-2,Gremio,1,2,PR,RS,0,2023
8329,31,Gremio,19,4,48%,395,76%,7,2,0,0,11,2023-11-01,20:01,Coritiba,Gremio,4-1-4-1,3-4-1-2,Gremio,1,2,PR,RS,3,2023
8331,31,Fortaleza,8,2,43%,380,76%,14,2,0,1,4,2023-11-01,21:30,Atletico-MG,Fortaleza,4-4-2,4-2-3-1,Atletico-MG,3,1,MG,CE,0,2023
8331,31,Atletico-MG,11,4,57%,501,80%,10,0,0,1,0,2023-11-01,21:30,Atletico-MG,Fortaleza,4-4-2,4-2-3-1,Atletico-MG,3,1,MG,CE,3,2023
8332,31,Palmeiras,15,6,61%,434,88%,13,5,0,3,6,2023-11-01,21:31,Botafogo-RJ,Palmeiras,4-2-3-1,3-4-1-2,Palmeiras,3,4,RJ,SP,3,2023
8332,31,Botafogo-RJ,18,8,39%,301,80%,12,6,1,0,2,2023-11-01,21:31,Botafogo-RJ,Palmeiras,4-2-3-1,3-4-1-2,Palmeiras,3,4,RJ,SP,0,2023
8333,31,Cuiaba,13,2,51%,463,86%,13,2,0,0,5,2023-11-02,17:00,Cuiaba,Vasco,4-3-3,4-1-4-1,Vasco,0,2,MT,RJ,0,2023
8333,31,Vasco,10,3,49%,461,83%,10,1,0,2,1,2023-11-02,17:00,Cuiaba,Vasco,4-3-3,4-1-4-1,Vasco,0,2,MT,RJ,3,2023
8334,31,Bragantino,23,7,58%,375,80%,18,3,0,1,7,2023-11-02,17:59,Goias,Bragantino,4-3-3,4-2-3-1,Bragantino,0,2,GO,SP,3,2023
8334,31,Goias,20,5,42%,264,70%,18,3,0,5,10,2023-11-02,17:59,Goias,Bragantino,4-3-3,4-2-3-1,Bragantino,0,2,GO,SP,0,2023
8335,31,Sao Paulo,13,5,56%,506,87%,10,1,0,5,3,2023-11-02,20:00,Sao Paulo,Cruzeiro,4-2-3-1,4-3-3,Sao Paulo,1,0,SP,MG,3,2023
8335,31,Cruzeiro,19,4,44%,405,83%,12,3,1,1,4,2023-11-02,20:00,Sao Paulo,Cruzeiro,4-2-3-1,4-3-3,Sao Paulo,1,0,SP,MG,0,2023
8336,32,Gremio,7,3,41%,380,72%,9,2,0,1,5,2023-11-04,19:29,Gremio,Bahia,3-4-1-2,3-5-1-1,Gremio,1,0,RS,BA,3,2023
8336,32,Bahia,19,5,59%,542,81%,17,4,0,0,4,2023-11-04,19:29,Gremio,Bahia,3-4-1-2,3-5-1-1,Gremio,1,0,RS,BA,0,2023
8337,32,America-MG,12,4,40%,366,74%,11,1,1,0,0,2023-11-04,19:30,America-MG,Atletico-MG,4-1-2-1-2,4-4-2,-,1,1,MG,MG,1,2023
8337,32,Atletico-MG,15,6,60%,545,83%,20,2,1,2,4,2023-11-04,19:30,America-MG,Atletico-MG,4-1-2-1-2,4-4-2,-,1,1,MG,MG,1,2023
8338,32,Athletico-PR,15,2,53%,426,80%,17,4,0,1,2,2023-11-04,21:30,Palmeiras,Athletico-PR,3-4-1-2,3-4-2-1,Palmeiras,1,0,SP,PR,0,2023
8338,32,Palmeiras,18,6,47%,386,73%,17,3,0,2,2,2023-11-04,21:30,Palmeiras,Athletico-PR,3-4-1-2,3-4-2-1,Palmeiras,1,0,SP,PR,3,2023
8339,32,Internacional,9,3,37%,328,75%,10,1,0,0,1,2023-11-05,15:59,Cruzeiro,Internacional,4-4-1-1,4-2-3-1,Internacional,1,2,MG,RS,3,2023
8339,32,Cruzeiro,20,5,63%,514,85%,9,2,0,2,8,2023-11-05,15:59,Cruzeiro,Internacional,4-4-1-1,4-2-3-1,Internacional,1,2,MG,RS,0,2023
8341,32,Flamengo,7,5,47%,450,82%,11,3,0,0,3,2023-11-05,16:00,Fortaleza,Flamengo,4-2-3-1,4-2-3-1,Flamengo,0,2,CE,RJ,3,2023
8341,32,Fortaleza,18,4,53%,477,86%,9,1,0,5,4,2023-11-05,16:00,Fortaleza,Flamengo,4-2-3-1,4-2-3-1,Flamengo,0,2,CE,RJ,0,2023
8340,32,Corinthians,9,2,44%,313,67%,12,2,0,0,6,2023-11-05,16:01,Bragantino,Corinthians,4-2-3-1,4-2-3-1,Bragantino,1,0,SP,SP,0,2023
8340,32,Bragantino,19,6,56%,383,76%,14,1,0,0,10,2023-11-05,16:01,Bragantino,Corinthians,4-2-3-1,4-2-3-1,Bragantino,1,0,SP,SP,3,2023
8342,32,Goias,22,8,49%,428,80%,22,3,0,1,9,2023-11-05,18:30,Coritiba,Goias,4-1-4-1,4-3-3,Goias,0,1,PR,GO,3,2023
8342,32,Coritiba,8,2,51%,429,79%,17,3,0,0,5,2023-11-05,18:30,Coritiba,Goias,4-1-4-1,4-3-3,Goias,0,1,PR,GO,0,2023
8343,32,Vasco,9,3,41%,327,72%,23,2,0,2,4,2023-11-06,19:01,Vasco,Botafogo-RJ,4-1-4-1,4-2-3-1,Vasco,1,0,RJ,RJ,3,2023
8343,32,Botafogo-RJ,12,2,59%,457,80%,13,4,0,2,4,2023-11-06,19:01,Vasco,Botafogo-RJ,4-1-4-1,4-2-3-1,Vasco,1,0,RJ,RJ,0,2023
8344,32,Cuiaba,7,0,39%,312,71%,7,2,0,1,4,2023-11-06,21:01,Santos,Cuiaba,4-2-3-1,5-4-1,-,0,0,SP,MT,1,2023
8344,32,Santos,4,2,61%,477,80%,13,1,0,0,4,2023-11-06,21:01,Santos,Cuiaba,4-2-3-1,5-4-1,-,0,0,SP,MT,1,2023
8346,33,Internacional,20,5,39%,370,83%,13,2,0,4,5,2023-11-08,18:59,Internacional,Fluminense,4-2-3-1,4-2-3-1,-,0,0,RS,RJ,1,2023
8346,33,Fluminense,8,4,61%,584,89%,16,2,0,0,3,2023-11-08,18:59,Internacional,Fluminense,4-2-3-1,4-2-3-1,-,0,0,RS,RJ,1,2023
8347,33,Coritiba,10,5,40%,385,78%,13,1,0,1,4,2023-11-08,19:00,America-MG,Coritiba,4-1-2-1-2,4-1-4-1,Coritiba,0,3,MG,PR,3,2023
8347,33,America-MG,11,3,60%,547,85%,16,0,0,0,8,2023-11-08,19:00,America-MG,Coritiba,4-1-2-1-2,4-1-4-1,Coritiba,0,3,MG,PR,0,2023
8348,33,Fortaleza,13,3,43%,273,71%,12,0,0,1,2,2023-11-08,20:00,Athletico-PR,Fortaleza,3-4-3,4-2-3-1,-,1,1,PR,CE,1,2023
8348,33,Athletico-PR,20,3,57%,347,76%,20,1,0,3,14,2023-11-08,20:00,Athletico-PR,Fortaleza,3-4-3,4-2-3-1,-,1,1,PR,CE,1,2023
8349,33,Sao Paulo,15,5,58%,445,83%,10,2,0,0,9,2023-11-08,20:01,Sao Paulo,Bragantino,4-2-3-1,4-2-3-1,Sao Paulo,1,0,SP,SP,3,2023
8349,33,Bragantino,10,3,42%,322,74%,24,2,0,2,5,2023-11-08,20:01,Sao Paulo,Bragantino,4-2-3-1,4-2-3-1,Sao Paulo,1,0,SP,SP,0,2023
8350,33,Palmeiras,12,1,48%,467,90%,17,1,1,3,5,2023-11-08,21:30,Flamengo,Palmeiras,4-2-3-1,3-4-1-2,Flamengo,3,0,RJ,SP,0,2023
8350,33,Flamengo,12,6,52%,512,91%,13,1,0,0,4,2023-11-08,21:30,Flamengo,Palmeiras,4-2-3-1,3-4-1-2,Flamengo,3,0,RJ,SP,3,2023
8351,33,Santos,15,4,41%,319,76%,13,1,0,1,6,2023-11-09,19:01,Goias,Santos,4-2-3-1,4-4-2,Santos,0,1,GO,SP,3,2023
8351,33,Goias,13,3,59%,435,80%,19,2,0,2,5,2023-11-09,19:01,Goias,Santos,4-2-3-1,4-4-2,Santos,0,1,GO,SP,0,2023
8352,33,Corinthians,15,9,39%,348,75%,8,1,0,3,5,2023-11-09,19:01,Corinthians,Atletico-MG,4-2-3-1,4-2-3-1,-,1,1,SP,MG,1,2023
8352,33,Atletico-MG,14,3,61%,528,86%,19,4,0,0,6,2023-11-09,19:01,Corinthians,Atletico-MG,4-2-3-1,4-2-3-1,-,1,1,SP,MG,1,2023
8354,33,Botafogo-RJ,12,5,52%,395,77%,8,0,0,0,2,2023-11-09,20:00,Botafogo-RJ,Gremio,4-2-3-1,4-2-3-1,Gremio,3,4,RJ,RS,0,2023
8354,33,Gremio,13,6,48%,378,73%,17,2,0,0,6,2023-11-09,20:00,Botafogo-RJ,Gremio,4-2-3-1,4-2-3-1,Gremio,3,4,RJ,RS,3,2023
8353,33,Cuiaba,11,6,37%,326,83%,23,3,0,3,4,2023-11-09,20:03,Bahia,Cuiaba,4-2-3-1,3-4-3,Cuiaba,0,3,BA,MT,3,2023
8353,33,Bahia,15,4,63%,555,85%,10,1,1,0,7,2023-11-09,20:03,Bahia,Cuiaba,4-2-3-1,3-4-3,Cuiaba,0,3,BA,MT,0,2023
8356,34,Coritiba,7,3,44%,341,75%,15,4,0,2,1,2023-11-11,16:01,Coritiba,Cruzeiro,4-1-4-1,4-4-1-1,Coritiba,1,0,PR,MG,3,2023
8356,34,Cruzeiro,13,4,56%,409,79%,18,4,0,1,5,2023-11-11,16:01,Coritiba,Cruzeiro,4-1-4-1,4-4-1-1,Coritiba,1,0,PR,MG,0,2023
8357,34,Fluminense,13,4,59%,545,89%,17,4,1,2,2,2023-11-11,18:31,Flamengo,Fluminense,4-2-3-1,4-2-3-1,-,1,1,RJ,RJ,1,2023
8357,34,Flamengo,11,7,41%,383,83%,13,1,1,3,5,2023-11-11,18:31,Flamengo,Fluminense,4-2-3-1,4-2-3-1,-,1,1,RJ,RJ,1,2023
8358,34,Palmeiras,18,10,38%,343,76%,13,1,0,3,6,2023-11-11,21:00,Palmeiras,Internacional,3-4-1-2,4-2-3-1,Palmeiras,3,0,SP,RS,3,2023
8358,34,Internacional,7,5,62%,559,85%,13,2,0,1,3,2023-11-11,21:00,Palmeiras,Internacional,3-4-1-2,4-2-3-1,Palmeiras,3,0,SP,RS,0,2023
8359,34,Botafogo-RJ,11,4,34%,256,57%,16,1,0,3,3,2023-11-12,16:00,Bragantino,Botafogo-RJ,4-2-3-1,4-2-3-1,-,2,2,SP,RJ,1,2023
8359,34,Bragantino,25,7,66%,475,80%,12,2,0,0,7,2023-11-12,16:00,Bragantino,Botafogo-RJ,4-2-3-1,4-2-3-1,-,2,2,SP,RJ,1,2023
8360,34,Gremio,26,9,74%,596,87%,15,2,1,2,12,2023-11-12,16:01,Gremio,Corinthians,4-3-3,3-4-1-2,Corinthians,0,1,RS,SP,0,2023
8360,34,Corinthians,10,4,26%,222,65%,6,6,1,0,1,2023-11-12,16:01,Gremio,Corinthians,4-3-3,3-4-1-2,Corinthians,0,1,RS,SP,3,2023
8361,34,Sao Paulo,12,3,70%,587,87%,14,2,0,1,4,2023-11-12,18:30,Santos,Sao Paulo,4-1-4-1,4-2-3-1,-,0,0,SP,SP,1,2023
8361,34,Santos,11,3,30%,251,76%,12,0,0,1,1,2023-11-12,18:30,Santos,Sao Paulo,4-1-4-1,4-2-3-1,-,0,0,SP,SP,1,2023
8362,34,Vasco,17,6,49%,378,83%,13,1,0,0,7,2023-11-12,18:30,Vasco,America-MG,4-1-4-1,4-3-3,Vasco,2,1,RJ,MG,3,2023
8362,34,America-MG,16,6,51%,393,82%,12,1,0,0,8,2023-11-12,18:30,Vasco,America-MG,4-1-4-1,4-3-3,Vasco,2,1,RJ,MG,0,2023
8363,34,Goias,21,6,52%,428,81%,16,2,0,3,7,2023-11-12,18:30,Atletico-MG,Goias,4-4-2,4-2-3-1,Atletico-MG,2,1,MG,GO,0,2023
8363,34,Atletico-MG,8,4,48%,407,79%,17,1,1,1,3,2023-11-12,18:30,Atletico-MG,Goias,4-4-2,4-2-3-1,Atletico-MG,2,1,MG,GO,3,2023
8365,34,Cuiaba,7,4,35%,340,80%,7,1,0,2,2,2023-11-12,18:30,Cuiaba,Fortaleza,3-4-2-1,4-2-3-1,Cuiaba,2,1,MT,CE,3,2023
8365,34,Fortaleza,13,3,65%,605,89%,15,2,0,2,9,2023-11-12,18:30,Cuiaba,Fortaleza,3-4-2-1,4-2-3-1,Cuiaba,2,1,MT,CE,0,2023
8364,34,Athletico-PR,6,4,49%,404,76%,14,4,0,0,5,2023-11-12,18:31,Bahia,Athletico-PR,5-4-1,3-4-3,-,1,1,BA,PR,1,2023
8364,34,Bahia,28,5,51%,408,77%,8,3,0,0,11,2023-11-12,18:31,Bahia,Athletico-PR,5-4-1,3-4-3,-,1,1,BA,PR,1,2023
8324,30,Fortaleza,18,7,53%,347,81%,16,1,0,6,11,2023-11-18,18:30,Fortaleza,Cruzeiro,4-2-3-1,4-3-3,Cruzeiro,0,1,CE,MG,0,2023
8324,30,Cruzeiro,7,2,47%,333,79%,14,1,0,0,1,2023-11-18,18:30,Fortaleza,Cruzeiro,4-2-3-1,4-3-3,Cruzeiro,0,1,CE,MG,3,2023
8345,32,Fluminense,24,8,60%,492,90%,25,5,0,1,3,2023-11-22,21:30,Fluminense,Sao Paulo,4-2-3-1,4-2-3-1,Fluminense,1,0,RJ,SP,3,2023
8345,32,Sao Paulo,4,1,40%,328,81%,14,5,1,2,4,2023-11-22,21:30,Fluminense,Sao Paulo,4-2-3-1,4-2-3-1,Fluminense,1,0,RJ,SP,0,2023
8355,33,Cruzeiro,14,4,49%,372,79%,12,1,0,3,7,2023-11-22,19:00,Cruzeiro,Vasco,4-3-2-1,4-1-4-1,-,2,2,MG,RJ,1,2023
8355,33,Vasco,9,4,51%,377,80%,9,0,1,6,5,2023-11-22,19:00,Cruzeiro,Vasco,4-3-2-1,4-1-4-1,-,2,2,MG,RJ,1,2023
8315,29,Fortaleza,15,4,30%,237,71%,17,2,0,2,4,2023-11-23,19:00,Fortaleza,Botafogo-RJ,4-2-3-1,4-2-3-1,-,2,2,CE,RJ,1,2023
8315,29,Botafogo-RJ,9,1,70%,551,85%,19,4,0,0,5,2023-11-23,19:00,Fortaleza,Botafogo-RJ,4-2-3-1,4-2-3-1,-,2,2,CE,RJ,1,2023
8325,30,Flamengo,16,4,53%,433,77%,10,4,0,2,8,2023-11-23,21:30,Flamengo,Bragantino,4-2-3-1,4-2-3-1,Flamengo,1,0,RJ,SP,3,2023
8325,30,Bragantino,19,3,47%,389,77%,15,3,1,2,6,2023-11-23,21:30,Flamengo,Bragantino,4-2-3-1,4-2-3-1,Flamengo,1,0,RJ,SP,0,2023
8366,35,Bahia,13,7,34%,331,77%,14,3,0,1,3,2023-11-24,21:02,Corinthians,Bahia,4-2-3-1,4-2-3-1,Bahia,1,5,SP,BA,3,2023
8366,35,Corinthians,14,4,66%,604,86%,9,2,0,1,3,2023-11-24,21:02,Corinthians,Bahia,4-2-3-1,4-2-3-1,Bahia,1,5,SP,BA,0,2023
8367,35,Vasco,8,2,45%,350,76%,19,4,0,2,1,2023-11-25,19:30,Athletico-PR,Vasco,3-4-2-1,3-5-2,-,0,0,PR,RJ,1,2023
8367,35,Athletico-PR,18,4,55%,411,83%,15,1,0,2,5,2023-11-25,19:30,Athletico-PR,Vasco,3-4-2-1,3-5-2,-,0,0,PR,RJ,1,2023
8368,35,Coritiba,15,2,34%,316,79%,10,2,0,3,5,2023-11-25,21:00,Fluminense,Coritiba,4-4-2,4-4-2,Fluminense,2,1,RJ,PR,0,2023
8368,35,Fluminense,21,8,66%,612,89%,15,2,0,1,6,2023-11-25,21:00,Fluminense,Coritiba,4-4-2,4-4-2,Fluminense,2,1,RJ,PR,3,2023
8369,35,Atletico-MG,17,6,44%,425,84%,10,2,0,1,7,2023-11-26,16:00,Atletico-MG,Gremio,4-4-2,3-4-3,Atletico-MG,3,0,MG,RS,3,2023
8369,35,Gremio,21,6,56%,536,85%,12,2,0,0,7,2023-11-26,16:00,Atletico-MG,Gremio,4-4-2,3-4-3,Atletico-MG,3,0,MG,RS,0,2023
8370,35,Botafogo-RJ,18,5,46%,364,81%,14,2,0,1,4,2023-11-26,16:00,Botafogo-RJ,Santos,3-4-2-1,4-1-2-1-2,-,1,1,RJ,SP,1,2023
8370,35,Santos,8,5,54%,435,81%,15,3,0,4,5,2023-11-26,16:00,Botafogo-RJ,Santos,3-4-2-1,4-1-2-1-2,-,1,1,RJ,SP,1,2023
8373,35,Bragantino,13,5,67%,539,83%,13,5,0,4,7,2023-11-26,18:29,Internacional,Bragantino,4-4-2,4-2-3-1,Internacional,1,0,RS,SP,0,2023
8373,35,Internacional,8,2,33%,277,64%,18,5,0,0,4,2023-11-26,18:29,Internacional,Bragantino,4-4-2,4-2-3-1,Internacional,1,0,RS,SP,3,2023
8371,35,America-MG,11,1,42%,380,84%,9,4,0,0,3,2023-11-26,18:30,America-MG,Flamengo,4-2-3-1,4-2-3-1,Flamengo,0,3,MG,RJ,0,2023
8371,35,Flamengo,24,8,58%,514,86%,13,4,0,0,7,2023-11-26,18:30,America-MG,Flamengo,4-2-3-1,4-2-3-1,Flamengo,0,3,MG,RJ,3,2023
8372,35,Cuiaba,3,0,37%,395,83%,11,0,0,2,1,2023-11-26,18:32,Sao Paulo,Cuiaba,4-2-3-1,3-4-2-1,-,0,0,SP,MT,1,2023
8372,35,Sao Paulo,19,4,63%,668,90%,12,2,0,1,5,2023-11-26,18:32,Sao Paulo,Cuiaba,4-2-3-1,3-4-2-1,-,0,0,SP,MT,1,2023
8374,35,Palmeiras,13,5,63%,438,83%,11,2,1,1,7,2023-11-26,18:32,Fortaleza,Palmeiras,4-4-2,3-4-1-2,-,2,2,CE,SP,1,2023
8374,35,Fortaleza,20,8,37%,266,77%,18,2,0,0,4,2023-11-26,18:32,Fortaleza,Palmeiras,4-4-2,3-4-1-2,-,2,2,CE,SP,1,2023
8375,35,Cruzeiro,12,7,51%,366,81%,17,3,0,3,5,2023-11-27,21:01,Goias,Cruzeiro,4-2-3-1,4-3-2-1,Cruzeiro,0,1,GO,MG,3,2023
8375,35,Goias,10,3,49%,362,80%,18,3,0,0,4,2023-11-27,21:01,Goias,Cruzeiro,4-2-3-1,4-3-2-1,Cruzeiro,0,1,GO,MG,0,2023
8376,36,Vasco,20,9,53%,512,89%,9,3,0,0,8,2023-11-28,21:30,Vasco,Corinthians,4-1-4-1,4-2-3-1,Corinthians,2,4,RJ,SP,0,2023
8376,36,Corinthians,14,5,47%,489,87%,5,2,0,1,3,2023-11-28,21:30,Vasco,Corinthians,4-1-4-1,4-2-3-1,Corinthians,2,4,RJ,SP,3,2023
8377,36,Fluminense,9,5,72%,730,89%,9,3,0,0,3,2023-11-29,19:03,Santos,Fluminense,3-5-2,4-2-3-1,Fluminense,0,3,SP,RJ,3,2023
8377,36,Santos,27,9,28%,268,83%,18,2,0,3,5,2023-11-29,19:03,Santos,Fluminense,3-5-2,4-2-3-1,Fluminense,0,3,SP,RJ,0,2023
8378,36,Flamengo,19,4,59%,554,87%,12,3,0,0,10,2023-11-29,19:30,Flamengo,Atletico-MG,4-2-3-1,4-4-2,Atletico-MG,0,3,RJ,MG,0,2023
8378,36,Atletico-MG,11,6,41%,421,81%,12,2,0,3,1,2023-11-29,19:30,Flamengo,Atletico-MG,4-2-3-1,4-4-2,Atletico-MG,0,3,RJ,MG,3,2023
8380,36,Internacional,12,4,56%,490,90%,12,2,0,1,5,2023-11-29,20:00,Cuiaba,Internacional,3-4-2-1,4-2-3-1,Internacional,0,2,MT,RS,3,2023
8380,36,Cuiaba,10,1,44%,390,84%,13,3,0,1,2,2023-11-29,20:00,Cuiaba,Internacional,3-4-2-1,4-2-3-1,Internacional,0,2,MT,RS,0,2023
8379,36,Bahia,14,3,32%,278,77%,15,4,0,0,3,2023-11-29,20:02,Bahia,Sao Paulo,3-4-3,4-2-3-1,Sao Paulo,0,1,BA,SP,0,2023
8379,36,Sao Paulo,14,5,68%,592,89%,11,3,0,3,5,2023-11-29,20:02,Bahia,Sao Paulo,3-4-3,4-2-3-1,Sao Paulo,0,1,BA,SP,3,2023
8381,36,Botafogo-RJ,24,6,54%,462,84%,11,1,1,0,10,2023-11-29,21:30,Coritiba,Botafogo-RJ,4-1-4-1,3-4-3,-,1,1,PR,RJ,1,2023
8381,36,Coritiba,13,2,46%,421,81%,15,4,1,0,3,2023-11-29,21:30,Coritiba,Botafogo-RJ,4-1-4-1,3-4-3,-,1,1,PR,RJ,1,2023
8382,36,Palmeiras,25,12,46%,357,82%,10,2,0,2,10,2023-11-29,21:30,Palmeiras,America-MG,4-2-3-1,3-4-1-2,Palmeiras,4,0,SP,MG,3,2023
8382,36,America-MG,5,1,54%,440,83%,15,2,0,2,2,2023-11-29,21:30,Palmeiras,America-MG,4-2-3-1,3-4-1-2,Palmeiras,4,0,SP,MG,0,2023
8383,36,Gremio,13,8,51%,435,78%,16,3,0,0,6,2023-11-30,18:59,Gremio,Goias,4-3-3,4-3-3,Gremio,2,1,RS,GO,3,2023
8383,36,Goias,14,6,49%,437,77%,14,2,0,1,3,2023-11-30,18:59,Gremio,Goias,4-3-3,4-3-3,Gremio,2,1,RS,GO,0,2023
8384,36,Cruzeiro,26,9,58%,457,86%,10,3,0,1,2,2023-11-30,20:00,Cruzeiro,Athletico-PR,4-3-2-1,3-4-2-1,-,1,1,MG,PR,1,2023
8384,36,Athletico-PR,6,3,42%,352,81%,13,4,0,1,3,2023-11-30,20:00,Cruzeiro,Athletico-PR,4-3-2-1,3-4-2-1,-,1,1,MG,PR,1,2023
8385,36,Fortaleza,6,4,25%,218,55%,10,4,0,2,3,2023-11-30,20:29,Bragantino,Fortaleza,4-2-3-1,4-4-2,Fortaleza,1,2,SP,CE,3,2023
8385,36,Bragantino,17,6,75%,610,84%,9,1,2,0,15,2023-11-30,20:29,Bragantino,Fortaleza,4-2-3-1,4-4-2,Fortaleza,1,2,SP,CE,0,2023
8386,37,Corinthians,9,2,48%,491,87%,4,2,1,2,5,2023-12-02,18:00,Corinthians,Internacional,4-4-2,4-2-3-1,Internacional,1,2,SP,RS,0,2023
8386,37,Internacional,11,3,52%,525,87%,13,2,0,1,4,2023-12-02,18:00,Corinthians,Internacional,4-4-2,4-2-3-1,Internacional,1,2,SP,RS,3,2023
8387,37,Sao Paulo,16,5,52%,435,87%,9,1,0,0,5,2023-12-02,21:07,Atletico-MG,Sao Paulo,4-2-3-1,4-2-3-1,Atletico-MG,2,1,MG,SP,0,2023
8387,37,Atletico-MG,7,2,48%,401,85%,15,4,0,0,3,2023-12-02,21:07,Atletico-MG,Sao Paulo,4-2-3-1,4-2-3-1,Atletico-MG,2,1,MG,SP,3,2023
8388,37,Flamengo,19,6,68%,653,91%,13,2,0,0,6,2023-12-03,16:01,Flamengo,Cuiaba,4-2-3-1,3-4-2-1,Flamengo,2,1,RJ,MT,3,2023
8388,37,Cuiaba,2,1,32%,307,84%,9,1,0,1,2,2023-12-03,16:01,Flamengo,Cuiaba,4-2-3-1,3-4-2-1,Flamengo,2,1,RJ,MT,0,2023
8389,37,Fluminense,6,2,65%,586,89%,12,2,1,3,1,2023-12-03,16:02,Palmeiras,Fluminense,3-4-1-2,4-4-2,Palmeiras,1,0,SP,RJ,0,2023
8389,37,Palmeiras,22,5,35%,301,83%,11,1,0,1,7,2023-12-03,16:02,Palmeiras,Fluminense,3-4-1-2,4-4-2,Palmeiras,1,0,SP,RJ,3,2023
8390,37,Botafogo-RJ,16,2,61%,523,86%,17,4,0,3,6,2023-12-03,18:30,Botafogo-RJ,Cruzeiro,3-4-2-1,4-3-3,-,0,0,RJ,MG,1,2023
8390,37,Cruzeiro,7,3,39%,347,77%,13,3,0,4,2,2023-12-03,18:30,Botafogo-RJ,Cruzeiro,3-4-2-1,4-3-3,-,0,0,RJ,MG,1,2023
8391,37,Bahia,27,5,57%,449,85%,4,0,0,3,10,2023-12-03,18:30,America-MG,Bahia,4-1-4-1,3-5-2,America-MG,3,2,MG,BA,0,2023
8391,37,America-MG,11,3,43%,346,79%,15,2,1,1,2,2023-12-03,18:30,America-MG,Bahia,4-1-4-1,3-5-2,America-MG,3,2,MG,BA,3,2023
8392,37,Goias,5,1,54%,531,87%,14,4,0,0,2,2023-12-03,18:30,Fortaleza,Goias,4-4-2,4-1-4-1,Fortaleza,1,0,CE,GO,0,2023
8392,37,Fortaleza,6,1,46%,441,85%,19,2,0,2,4,2023-12-03,18:30,Fortaleza,Goias,4-4-2,4-1-4-1,Fortaleza,1,0,CE,GO,3,2023
8393,37,Coritiba,6,0,35%,265,67%,10,1,0,1,6,2023-12-03,18:30,Bragantino,Coritiba,4-3-3,4-1-4-1,Bragantino,1,0,SP,PR,0,2023
8393,37,Bragantino,27,9,65%,467,81%,16,4,0,1,12,2023-12-03,18:30,Bragantino,Coritiba,4-3-3,4-1-4-1,Bragantino,1,0,SP,PR,3,2023
8395,37,Santos,13,3,46%,337,81%,15,4,0,0,6,2023-12-03,18:30,Athletico-PR,Santos,3-4-3,4-2-2-2,Athletico-PR,3,0,PR,SP,0,2023
8395,37,Athletico-PR,12,6,54%,406,80%,18,5,0,1,6,2023-12-03,18:30,Athletico-PR,Santos,3-4-3,4-2-2-2,Athletico-PR,3,0,PR,SP,3,2023
8394,37,Vasco,8,1,54%,418,85%,12,1,0,2,6,2023-12-03,18:32,Gremio,Vasco,4-3-3,3-4-1-2,Gremio,1,0,RS,RJ,0,2023
8394,37,Gremio,13,5,46%,385,80%,18,3,0,1,5,2023-12-03,18:32,Gremio,Vasco,4-3-3,3-4-1-2,Gremio,1,0,RS,RJ,3,2023
8396,38,Goias,14,2,41%,358,77%,12,2,0,3,8,2023-12-06,19:00,Goias,America-MG,4-1-4-1,4-5-1,Goias,1,0,GO,MG,3,2023
8396,38,America-MG,11,3,59%,499,89%,13,2,0,2,7,2023-12-06,19:00,Goias,America-MG,4-1-4-1,4-5-1,Goias,1,0,GO,MG,0,2023
8397,38,Internacional,7,3,54%,569,87%,10,1,0,2,1,2023-12-06,21:32,Internacional,Botafogo-RJ,4-2-3-1,4-2-3-1,Internacional,3,1,RS,RJ,3,2023
8397,38,Botafogo-RJ,9,5,46%,473,87%,10,2,0,3,5,2023-12-06,21:32,Internacional,Botafogo-RJ,4-2-3-1,4-2-3-1,Internacional,3,1,RS,RJ,0,2023
8398,38,Corinthians,13,6,55%,538,90%,12,0,0,1,6,2023-12-06,21:32,Coritiba,Corinthians,4-2-3-1,4-3-3,Corinthians,0,2,PR,SP,3,2023
8398,38,Coritiba,13,5,45%,452,90%,17,1,0,0,6,2023-12-06,21:32,Coritiba,Corinthians,4-2-3-1,4-3-3,Corinthians,0,2,PR,SP,0,2023
8399,38,Gremio,12,5,30%,280,79%,12,3,0,0,3,2023-12-06,21:32,Fluminense,Gremio,4-2-3-1,4-3-3,Gremio,2,3,RJ,RS,3,2023
8399,38,Fluminense,23,7,70%,643,93%,12,3,0,0,7,2023-12-06,21:32,Fluminense,Gremio,4-2-3-1,4-3-3,Gremio,2,3,RJ,RS,0,2023
8400,38,Cruzeiro,14,6,56%,445,82%,9,1,0,0,3,2023-12-06,21:32,Cruzeiro,Palmeiras,4-3-3,3-4-1-2,-,1,1,MG,SP,1,2023
8400,38,Palmeiras,8,5,44%,349,80%,19,1,0,0,4,2023-12-06,21:32,Cruzeiro,Palmeiras,4-3-3,3-4-1-2,-,1,1,MG,SP,1,2023
8401,38,Bahia,15,6,36%,318,75%,16,2,0,2,3,2023-12-06,21:32,Bahia,Atletico-MG,3-4-2-1,4-4-2,Bahia,4,1,BA,MG,3,2023
8401,38,Atletico-MG,7,5,64%,550,84%,10,2,0,3,5,2023-12-06,21:32,Bahia,Atletico-MG,3-4-2-1,4-4-2,Bahia,4,1,BA,MG,0,2023
8402,38,Athletico-PR,17,3,57%,506,87%,15,3,0,2,9,2023-12-06,21:32,Cuiaba,Athletico-PR,5-3-2,3-4-3,Cuiaba,3,0,MT,PR,0,2023
8402,38,Cuiaba,14,6,43%,400,85%,9,2,1,3,5,2023-12-06,21:32,Cuiaba,Athletico-PR,5-3-2,3-4-3,Cuiaba,3,0,MT,PR,3,2023
8403,38,Fortaleza,14,7,45%,295,70%,9,3,0,2,6,2023-12-06,21:32,Santos,Fortaleza,3-4-1-2,4-2-3-1,Fortaleza,1,2,SP,CE,3,2023
8403,38,Santos,15,6,55%,353,77%,15,2,0,4,10,2023-12-06,21:32,Santos,Fortaleza,3-4-1-2,4-2-3-1,Fortaleza,1,2,SP,CE,0,2023
8404,38,Flamengo,10,2,58%,535,89%,16,3,0,0,9,2023-12-06,21:32,Sao Paulo,Flamengo,4-2-3-1,4-2-3-1,Sao Paulo,1,0,SP,RJ,0,2023
8404,38,Sao Paulo,9,3,42%,406,84%,13,0,0,2,4,2023-12-06,21:32,Sao Paulo,Flamengo,4-2-3-1,4-2-3-1,Sao Paulo,1,0,SP,RJ,3,2023
8405,38,Vasco,13,6,45%,321,78%,8,3,0,0,2,2023-12-06,21:32,Vasco,Bragantino,4-4-2,4-3-3,Vasco,2,1,RJ,SP,3,2023
8405,38,Bragantino,9,2,55%,398,80%,14,1,1,1,3,2023-12-06,21:32,Vasco,Bragantino,4-4-2,4-3-3,Vasco,2,1,RJ,SP,0,2023
